edad,ingreso_mensual_usd,ingreso_anual_usd,antiguedad_laboral_anios,horas_trabajo_semana,sector_empleo,deuda_sobre_ingreso,atrasos_previos,score_buro,consultas_buro_6m,cantidad_tarjetas,utilizacion_tarjetas,saldo_tarjetas_usd,antiguedad_cuenta_anios,saldo_promedio_cuenta_usd,monto_credito_usd,plazo_meses,cuota_mensual_usd,cuota_sobre_ingreso,tiene_garantia,zona,estado_civil,nivel_educativo,dependientes,vivienda_propia,meses_residencia,indicador_01,indicador_02,indicador_03,indicador_04,indicador_05,indicador_06,indicador_07,indicador_08,indicador_09,indicador_10,indicador_11,indicador_12,indicador_13,indicador_14,indicador_15,incumple
62.0,1274.0,15611.0,34.9,42.0,3,0.743,0,662.0,0,1,0.674,301.0,20.5,914.0,6157.0,48,124.5,0.0977,0,2,1,2,1,1,12.0,0.608,1.029,-1.359,-1.481,-1.047,-0.694,-1.38,1.235,-1.653,1.704,1.347,-0.125,-0.738,-0.11,0.312,0
36.0,1217.0,14570.0,8.0,42.0,2,0.227,2,564.0,2,4,0.264,508.0,8.9,606.0,5899.0,60,101.2,0.0832,0,2,1,5,0,1,100.0,1.64,-0.67,3.408,0.423,-0.547,-1.393,0.149,-0.682,0.215,0.367,1.032,-2.231,0.173,0.85,-0.102,0
38.0,1193.0,14330.0,8.8,47.0,7,0.207,4,516.0,1,4,0.114,293.0,4.8,2353.0,5604.0,24,227.9,0.191,0,0,1,4,0,1,197.0,0.311,-0.939,-0.411,-0.152,-0.463,0.463,1.206,-0.03,-0.244,-0.828,-1.476,-0.539,0.908,-1.054,0.539,0
62.0,2241.0,26551.0,13.8,44.0,4,0.604,2,477.0,1,5,0.497,1696.0,8.2,9852.0,16142.0,12,1342.3,0.599,1,1,2,2,0,1,18.0,-0.432,-0.251,-0.122,-0.015,0.02,0.056,1.043,-0.969,0.476,2.017,1.213,0.063,1.628,0.597,-1.421,1
47.0,3732.0,46303.0,7.6,23.0,0,0.066,1,611.0,1,0,0.0,0.0,2.7,1203.0,15018.0,36,408.2,0.1094,0,3,1,2,1,1,13.0,-0.311,-1.123,-0.979,-1.267,-0.743,0.802,-0.845,0.739,0.181,-0.591,-0.51,-0.486,-1.228,0.198,-0.001,0
27.0,1480.0,17329.0,3.2,33.0,6,0.114,0,715.0,2,2,0.137,130.0,3.8,1115.0,10359.0,24,440.2,0.2974,0,1,1,4,0,1,63.0,0.313,1.09,0.695,-0.896,0.261,-0.297,-1.016,0.067,-0.741,1.675,0.65,0.062,0.728,-0.338,0.324,0
67.0,1456.0,17538.0,13.4,34.0,3,0.484,1,619.0,3,3,0.328,366.0,2.6,2458.0,13995.0,36,393.4,0.2702,1,1,1,2,2,0,81.0,0.135,-0.608,-0.569,0.107,0.262,-0.934,-0.304,-0.777,-1.015,-1.808,-0.037,0.746,-0.088,-0.504,-0.015,0
45.0,1084.0,13217.0,13.8,37.0,5,0.152,0,680.0,1,3,0.0,0.0,2.6,726.0,7375.0,48,148.7,0.1372,1,0,3,2,1,1,54.0,0.629,0.346,0.87,-1.136,2.353,-1.362,0.455,0.302,0.655,-0.328,0.353,1.485,-2.351,-0.44,0.087,0
45.0,1531.0,20537.0,2.0,32.0,3,0.593,2,468.0,6,2,0.555,937.0,10.6,3905.0,4481.0,48,92.8,0.0606,0,3,0,2,3,1,46.0,0.531,-0.051,0.839,-1.499,-1.748,0.096,-0.557,-0.59,0.194,0.582,0.797,-0.028,0.025,-0.12,-0.254,1
48.0,652.0,8087.0,17.5,39.0,4,0.288,0,724.0,1,2,0.406,207.0,1.5,114.0,6454.0,48,135.1,0.2072,0,0,0,4,0,0,9.0,-0.567,-1.712,0.278,0.491,-0.798,0.769,0.311,1.028,-0.049,0.868,-0.462,-1.076,2.061,-0.732,-0.23,0
25.0,923.0,11190.0,3.2,37.0,4,0.319,1,597.0,0,2,0.433,377.0,0.2,339.0,5531.0,60,92.9,0.1007,0,3,0,4,3,0,19.0,-0.589,1.082,1.113,0.216,0.093,-0.537,-1.053,-1.252,-1.354,-1.012,-0.286,-0.753,-0.844,1.883,-0.318,0
60.0,1763.0,20494.0,3.8,39.0,0,0.27,2,539.0,0,0,0.044,0.0,0.5,580.0,15674.0,36,439.7,0.2494,1,1,2,3,1,1,34.0,0.026,-2.328,-1.031,0.03,1.773,-0.802,-1.346,-0.86,-0.027,-0.058,0.524,1.213,-1.134,0.308,-1.618,0
25.0,887.0,10383.0,1.9,52.0,7,0.675,2,551.0,3,4,0.606,933.0,1.7,246.0,1094.0,36,31.2,0.0352,1,2,2,2,0,0,95.0,1.805,-0.378,-0.911,-0.685,0.785,0.763,0.48,2.229,0.623,-2.828,-1.562,1.347,0.694,-2.059,0.42,0
48.0,4640.0,59318.0,1.8,38.0,1,0.169,1,618.0,1,0,0.106,0.0,6.1,4678.0,29089.0,36,822.3,0.1772,0,0,1,3,0,0,99.0,0.238,-0.613,-0.652,1.254,-0.54,-0.873,-2.614,-1.442,-1.01,-0.305,1.055,-0.338,-0.088,-0.039,-0.189,0
42.0,3367.0,39203.0,16.6,53.0,6,0.421,1,532.0,0,2,0.427,1195.0,14.5,2802.0,18265.0,36,519.5,0.1543,0,1,0,2,2,1,10.0,0.36,1.399,-0.601,1.604,-0.9,0.134,0.242,-2.31,-1.398,1.569,-1.089,1.093,1.081,0.036,-0.552,1
50.0,1042.0,11702.0,3.7,42.0,4,0.459,0,725.0,0,1,0.522,177.0,7.2,819.0,6156.0,48,126.9,0.1218,0,0,0,1,1,0,75.0,0.958,-0.97,-1.618,-0.333,1.856,0.839,0.445,-0.694,-0.652,1.303,-2.226,-2.031,-0.179,2.138,-0.701,0
48.0,520.0,6231.0,13.4,31.0,4,0.353,1,598.0,2,2,0.153,49.0,2.0,619.0,2164.0,24,89.1,0.1713,0,2,1,2,1,0,40.0,-0.504,-0.081,-0.719,-0.849,-0.538,-1.464,-1.336,1.088,0.246,1.638,0.975,-1.358,-0.192,0.511,1.118,0
42.0,792.0,9398.0,13.0,35.0,2,0.558,2,550.0,2,4,0.36,276.0,7.1,1219.0,900.0,12,77.4,0.0977,0,1,1,4,0,1,4.0,0.752,-0.01,-0.048,-1.096,-0.272,-0.292,-0.943,1.079,-0.742,-0.263,-1.25,0.335,1.117,0.527,0.884,0
30.0,1620.0,18072.0,5.5,36.0,0,0.372,0,671.0,2,3,0.401,580.0,13.1,1501.0,3419.0,24,147.8,0.0912,0,2,1,5,0,1,91.0,-0.724,0.606,1.357,1.382,-0.318,-0.289,1.837,-0.193,-0.52,0.102,0.277,0.967,0.57,1.696,0.289,0
40.0,1558.0,18169.0,12.1,48.0,2,0.686,0,669.0,1,2,0.543,701.0,11.6,2234.0,4176.0,36,114.0,0.0732,0,2,3,2,2,1,28.0,1.042,0.598,-0.262,1.594,0.937,2.34,1.007,-0.408,0.203,0.55,0.236,-0.169,-0.114,0.264,0.608,0
21.0,966.0,11306.0,0.7,46.0,1,0.267,2,546.0,2,3,0.162,231.0,17.3,865.0,9131.0,12,781.9,0.8094,1,0,0,3,0,1,1.0,-0.397,-1.124,1.175,0.597,0.22,-1.266,-0.378,0.176,1.061,1.004,-2.616,0.309,-0.797,1.089,-0.652,1
54.0,590.0,6918.0,17.0,33.0,4,0.45,2,560.0,4,1,0.419,125.0,6.4,452.0,2700.0,48,55.1,0.0934,0,3,1,1,1,1,55.0,-0.888,0.837,-1.024,0.543,-0.598,-0.431,-0.732,0.858,-0.059,-1.588,-1.037,0.028,2.09,0.849,-0.12,0
29.0,1974.0,23438.0,4.1,45.0,3,0.229,0,701.0,2,1,0.129,119.0,4.0,871.0,12526.0,48,263.6,0.1335,1,0,1,4,2,1,32.0,0.334,-0.959,-0.577,-0.627,1.03,-0.451,0.377,0.45,-0.554,0.063,-1.26,-0.04,1.53,-0.577,0.169,0
47.0,1949.0,22749.0,5.9,36.0,6,0.429,1,611.0,3,2,0.279,300.0,3.0,1193.0,9217.0,36,256.0,0.1313,1,3,1,5,3,1,21.0,0.359,-0.577,-0.75,-0.26,-1.977,-0.073,-0.412,0.511,0.994,0.933,-0.389,-0.805,0.837,0.994,0.745,0
49.0,694.0,8400.0,27.2,40.0,1,0.16,0,818.0,1,6,0.361,409.0,5.4,502.0,2932.0,36,80.8,0.1164,0,0,0,3,2,1,139.0,-0.528,1.139,-0.529,-0.006,0.111,0.866,-1.111,1.015,-0.77,0.654,-0.529,-1.729,-0.414,0.393,-1.214,0
48.0,698.0,8227.0,10.2,47.0,6,0.56,2,538.0,4,4,0.436,517.0,5.1,291.0,1640.0,12,137.0,0.1963,0,0,0,2,1,1,86.0,1.428,-0.566,0.562,-0.126,0.106,-0.56,-0.369,0.042,-1.093,1.818,1.313,-0.934,-1.516,1.866,-0.128,0
33.0,2250.0,27905.0,6.8,28.0,0,0.481,0,650.0,1,3,0.249,579.0,3.0,1438.0,22091.0,36,608.5,0.2704,1,0,3,3,1,1,38.0,0.396,0.359,0.963,-0.107,-1.976,-1.085,-1.063,-1.538,-1.699,1.804,-0.161,-0.737,-1.617,2.474,-0.08,0
36.0,1866.0,21963.0,5.8,36.0,3,0.229,1,630.0,0,2,0.0,0.0,5.3,910.0,17770.0,48,372.2,0.1995,0,0,1,2,0,1,6.0,1.954,-2.392,1.643,-1.654,0.589,1.115,-0.035,-0.728,-0.766,1.235,-0.831,-0.158,-0.153,-0.347,0.093,0
39.0,413.0,5138.0,6.0,34.0,4,0.383,0,629.0,1,1,0.402,63.0,21.4,386.0,1251.0,36,34.8,0.0843,0,3,2,3,1,0,207.0,1.153,1.918,-0.362,0.579,0.688,-1.178,0.833,0.492,-0.138,-0.494,0.153,0.954,-0.891,0.434,-1.383,1
41.0,1320.0,16567.0,9.1,34.0,6,0.461,0,604.0,2,0,0.234,0.0,2.7,1050.0,5471.0,60,90.0,0.0682,0,0,2,2,2,0,99.0,-1.109,1.376,-0.692,-0.015,-0.912,1.372,1.549,-1.996,-0.058,0.552,0.207,0.426,-0.41,-1.808,-0.534,0
34.0,1521.0,19144.0,4.7,49.0,1,0.19,0,636.0,1,0,0.007,0.0,4.4,2992.0,11157.0,12,914.1,0.601,0,0,2,4,0,0,30.0,-1.682,0.549,0.634,-0.714,-0.779,0.72,-0.817,-0.352,-0.847,0.927,1.729,-1.606,-0.663,0.24,1.572,1
49.0,2189.0,27295.0,14.8,45.0,3,0.496,1,604.0,5,4,0.655,2260.0,11.7,826.0,5520.0,36,157.5,0.072,0,0,1,3,0,1,14.0,0.702,-0.121,0.04,-0.509,0.785,0.09,0.254,0.256,1.71,-1.542,0.359,0.435,-1.542,0.108,0.057,0
26.0,1846.0,21270.0,3.5,29.0,2,0.845,3,461.0,0,5,0.77,2410.0,6.9,3179.0,12677.0,36,355.0,0.1923,0,0,1,3,0,0,20.0,-2.14,-1.485,-0.678,0.403,-1.09,-0.556,1.078,1.244,-0.579,-0.766,-0.461,-0.809,0.29,0.281,-0.013,1
43.0,1210.0,15781.0,12.7,46.0,7,0.234,0,691.0,0,1,0.268,121.0,1.6,1105.0,7218.0,24,306.2,0.2531,0,0,0,3,0,1,55.0,0.611,0.847,-0.023,-0.494,0.544,0.623,-0.469,0.044,0.348,-1.276,0.669,0.795,1.573,-0.064,-0.558,0
62.0,1206.0,14687.0,22.6,46.0,7,0.25,0,827.0,2,3,0.306,458.0,3.2,983.0,4054.0,36,114.1,0.0946,0,2,0,3,1,0,10.0,1.989,0.339,0.704,0.501,0.312,-0.381,-1.047,-1.461,-0.128,-0.956,0.221,-0.475,1.398,0.257,-0.556,0
31.0,2141.0,25274.0,1.3,36.0,0,0.396,1,622.0,1,3,0.327,732.0,4.5,7962.0,9070.0,48,193.3,0.0903,1,2,0,3,3,0,37.0,1.519,0.403,0.785,2.359,1.33,-0.439,0.948,-0.027,0.602,-0.554,0.117,-0.424,-0.376,-1.426,0.964,0
35.0,833.0,10115.0,8.2,56.0,7,0.303,1,697.0,0,1,0.061,12.0,2.2,1245.0,5499.0,36,157.9,0.1896,1,2,0,2,0,0,33.0,1.448,-0.59,0.606,1.482,-0.841,-0.552,0.509,-0.051,1.361,-0.215,0.657,1.006,0.713,0.469,0.599,0
38.0,658.0,8160.0,8.9,29.0,7,0.217,0,682.0,3,1,0.128,27.0,4.4,1156.0,3347.0,36,95.4,0.145,0,0,0,4,2,0,94.0,-1.19,0.374,1.166,-1.291,-0.606,-0.827,-0.351,1.202,0.001,-1.304,-2.213,1.148,-1.381,0.032,0.326,0
52.0,1023.0,11675.0,11.4,31.0,5,0.157,0,738.0,2,2,0.0,0.0,10.4,195.0,8024.0,36,225.7,0.2206,1,2,1,2,1,0,65.0,-0.767,1.048,-0.211,1.148,-0.169,2.121,-0.78,1.528,-0.732,1.288,-0.836,-0.206,-0.493,1.188,0.682,0
39.0,1399.0,17007.0,4.9,36.0,7,0.485,0,676.0,2,3,0.37,737.0,1.2,1419.0,3038.0,36,87.5,0.0625,0,0,1,3,2,1,21.0,-0.053,0.498,-1.378,0.222,0.012,0.511,1.519,0.012,-1.136,0.078,-1.462,1.907,-0.459,-0.763,0.83,0
38.0,749.0,9253.0,14.8,43.0,2,0.622,0,647.0,4,3,0.406,438.0,4.6,308.0,6391.0,48,134.1,0.179,0,3,0,2,0,1,86.0,-0.185,-0.359,0.72,0.914,-0.581,3.037,-0.098,-1.56,0.623,0.83,-0.484,0.584,1.106,0.662,1.703,0
59.0,769.0,9068.0,21.1,49.0,4,0.159,1,619.0,4,2,0.081,37.0,11.7,3110.0,3140.0,48,63.9,0.0831,1,0,1,4,0,1,73.0,0.401,-0.757,-0.644,-1.47,-0.258,2.104,1.421,1.099,0.584,-0.05,-0.928,0.026,-0.269,-0.377,0.746,0
53.0,1625.0,19372.0,2.7,28.0,1,0.52,2,533.0,0,1,0.388,246.0,5.9,597.0,13337.0,12,1150.0,0.7077,1,1,0,3,2,1,74.0,-0.522,1.504,-0.975,0.303,-0.524,0.158,-0.506,-1.743,-1.314,-0.538,0.223,0.165,0.927,-0.818,0.14,1
36.0,2169.0,26466.0,4.7,39.0,3,0.573,1,540.0,6,1,0.68,586.0,7.6,4106.0,20057.0,60,348.2,0.1605,1,0,0,2,2,1,102.0,0.046,-1.201,1.625,-0.752,-0.47,0.39,-1.121,0.231,-2.263,-0.755,0.057,-0.309,-1.311,0.11,0.593,0
48.0,2294.0,26793.0,10.3,20.0,7,0.153,0,669.0,0,3,0.012,22.0,4.4,4456.0,10938.0,48,222.7,0.0971,0,1,1,2,3,0,111.0,-1.56,-0.861,-0.894,0.543,0.82,-0.29,-0.586,1.17,-0.131,-0.745,-1.244,0.562,-1.701,-0.352,-0.447,1
20.0,1383.0,16463.0,0.0,45.0,1,0.425,1,594.0,3,1,0.478,342.0,6.3,1079.0,11750.0,36,330.0,0.2386,0,2,1,2,0,1,62.0,2.165,0.03,0.46,-0.123,0.608,-0.087,0.28,-0.916,-2.037,-0.658,1.038,0.872,-1.091,1.028,-0.755,1
30.0,2367.0,27771.0,4.2,56.0,7,0.583,0,598.0,2,2,0.57,675.0,8.9,2550.0,10581.0,48,220.7,0.0932,0,0,0,4,0,1,17.0,1.231,-0.226,0.056,-0.342,-0.131,1.265,0.239,0.284,-1.322,-1.037,-0.725,1.732,-0.419,-1.204,0.406,0
50.0,1973.0,24144.0,14.2,50.0,1,0.431,0,620.0,4,0,0.32,0.0,4.3,1862.0,4936.0,48,102.4,0.0519,0,0,0,3,0,0,75.0,0.259,0.418,-2.151,0.425,-0.871,-0.241,-0.794,-0.097,-0.122,0.397,0.032,1.349,-0.273,-0.674,-0.602,0
47.0,1250.0,15306.0,9.0,36.0,0,0.66,1,624.0,1,1,0.696,362.0,10.6,4769.0,10303.0,48,208.8,0.167,1,2,1,4,1,0,121.0,0.595,0.303,0.869,0.268,-0.0,-0.586,-0.359,-0.202,1.051,-0.047,1.49,0.535,0.024,-0.056,1.152,0
60.0,2910.0,36108.0,7.7,56.0,6,0.346,0,624.0,1,2,0.244,395.0,4.2,4340.0,26848.0,48,545.2,0.1874,0,0,1,3,4,1,167.0,-0.982,-0.694,-1.231,-0.48,-2.482,0.104,-0.217,-0.835,-1.361,0.705,-0.72,-1.033,1.887,1.728,2.233,0
38.0,1926.0,23937.0,3.2,41.0,4,0.619,4,405.0,8,1,0.582,621.0,2.0,3621.0,9117.0,60,155.7,0.0808,0,1,1,5,0,0,96.0,-1.006,0.085,0.005,-0.84,-0.743,-0.574,-0.106,-0.516,-0.57,1.006,0.762,0.871,-0.361,0.225,0.284,1
51.0,1819.0,21681.0,7.7,38.0,4,0.331,0,605.0,1,2,0.134,189.0,2.3,2626.0,7084.0,24,291.7,0.1604,0,0,0,4,1,1,95.0,-0.935,-1.155,-1.256,1.06,1.462,-0.615,-0.178,-0.395,0.931,-0.17,-0.216,0.045,1.191,0.163,0.906,0
55.0,4593.0,57549.0,15.8,43.0,3,0.377,0,608.0,0,3,0.492,2853.0,3.2,3229.0,14424.0,60,243.9,0.0531,0,0,1,3,1,1,61.0,-0.603,-0.444,0.023,1.639,0.193,-0.573,0.166,1.203,-0.58,-1.75,0.18,-0.443,0.341,1.1,-0.764,0
27.0,998.0,11957.0,2.9,45.0,4,0.76,0,684.0,0,4,0.877,1867.0,15.8,636.0,5741.0,36,159.1,0.1594,1,2,1,1,1,0,36.0,-0.815,-1.816,0.679,0.028,1.245,1.17,0.752,-0.841,-0.328,0.05,0.237,-0.844,-0.989,1.783,-0.677,0
23.0,1511.0,17930.0,1.7,44.0,0,0.239,1,580.0,0,4,0.099,310.0,2.8,1269.0,9990.0,24,410.9,0.2719,0,1,1,3,3,0,36.0,0.915,-0.674,0.399,-0.966,-0.061,0.367,1.078,-0.494,0.116,1.177,0.953,-0.57,0.053,-1.277,0.592,1
52.0,1675.0,19167.0,17.1,41.0,7,0.302,0,693.0,1,3,0.208,311.0,0.9,811.0,16378.0,36,465.9,0.2781,0,0,0,4,1,0,190.0,1.948,1.67,0.125,-1.598,0.006,0.01,0.22,-0.225,0.472,-0.548,-1.577,0.957,-0.631,-1.426,0.545,1
49.0,4347.0,52625.0,12.4,38.0,5,0.19,1,686.0,4,3,0.128,778.0,3.5,1489.0,7321.0,48,154.6,0.0356,0,0,0,4,1,1,24.0,1.175,-0.347,0.606,2.112,-0.253,0.743,-0.782,-1.491,1.5,1.74,1.361,0.198,-0.487,-1.619,-0.736,0
22.0,1461.0,18252.0,0.2,44.0,5,0.065,0,723.0,0,2,0.097,129.0,3.8,271.0,11151.0,36,304.1,0.2081,0,0,1,4,0,1,38.0,-0.1,0.915,-1.927,-1.271,0.039,-0.193,-0.493,-0.285,-0.693,0.289,-1.994,-0.232,-1.451,-0.385,-1.939,0
43.0,1514.0,17932.0,6.4,49.0,4,0.742,1,661.0,3,3,0.748,1201.0,4.4,3806.0,6843.0,24,288.5,0.1906,0,0,1,3,2,1,84.0,0.656,-0.351,0.437,0.974,0.689,-0.086,0.484,1.995,0.014,0.814,0.311,-0.223,0.668,-0.145,-0.664,0
31.0,2732.0,32849.0,0.9,23.0,4,0.302,1,611.0,1,3,0.296,659.0,8.1,1805.0,5829.0,36,160.3,0.0587,1,3,0,4,1,0,58.0,0.657,0.973,-0.78,0.661,0.813,-0.497,-1.328,-0.066,-0.02,0.988,0.086,-1.115,-0.984,0.386,0.607,1
43.0,873.0,10476.0,9.6,40.0,3,0.095,0,699.0,2,0,0.117,0.0,3.2,233.0,2634.0,24,115.2,0.132,0,0,1,2,2,1,138.0,0.144,0.592,0.829,-0.097,0.081,-1.437,0.119,0.17,0.541,0.251,0.844,1.142,2.35,-1.121,2.323,0
53.0,1389.0,16477.0,13.5,36.0,2,0.391,1,536.0,2,1,0.407,179.0,15.7,2820.0,10082.0,36,275.4,0.1983,1,3,1,3,1,1,14.0,0.302,1.122,-0.108,-0.31,1.08,-0.54,-0.641,-0.84,0.237,1.046,1.625,1.081,-0.88,-0.684,-0.755,0
33.0,2282.0,27718.0,5.5,38.0,3,0.587,2,595.0,4,2,0.392,587.0,7.7,1816.0,22540.0,24,952.1,0.4172,1,0,0,5,2,0,38.0,1.478,1.179,0.12,1.683,-0.041,2.483,-0.196,-1.133,-2.385,0.153,-0.992,0.667,-0.443,0.693,1.364,1
51.0,1417.0,17289.0,22.4,43.0,2,0.347,0,638.0,2,5,0.367,1284.0,5.4,290.0,11901.0,12,1006.5,0.7103,0,0,1,3,1,0,63.0,-0.906,0.087,-1.064,-1.246,-0.015,-1.321,0.194,-2.032,-2.109,1.814,0.937,0.312,-1.234,-0.96,0.457,1
36.0,807.0,9540.0,5.7,47.0,5,0.354,0,786.0,2,6,0.214,436.0,6.2,267.0,2352.0,24,100.8,0.1249,1,1,2,2,3,0,160.0,0.059,1.394,-0.435,0.386,-1.796,0.173,1.009,0.991,0.833,1.756,0.189,-0.226,0.998,0.15,-1.913,0
36.0,714.0,8493.0,6.7,49.0,0,0.453,1,582.0,6,3,0.591,621.0,15.3,3419.0,2955.0,24,122.6,0.1717,0,0,1,1,1,0,127.0,0.647,-0.352,0.169,0.802,1.06,-0.524,0.001,-0.023,-0.287,0.883,1.212,0.242,0.599,-1.067,-0.068,0
31.0,1089.0,13387.0,5.4,58.0,5,0.474,0,622.0,1,4,0.25,428.0,3.9,1179.0,6930.0,12,599.3,0.5503,0,1,0,2,2,1,42.0,1.078,-1.455,-1.01,0.228,1.203,0.55,1.273,-1.282,1.299,-0.627,0.79,-0.053,-1.308,-0.332,-1.307,0
67.0,1378.0,16715.0,9.8,36.0,2,0.092,1,622.0,2,1,0.0,0.0,12.0,3948.0,6353.0,36,175.4,0.1273,0,3,0,2,0,0,90.0,0.376,-0.639,-1.984,-0.592,1.038,-0.986,-0.492,0.005,-1.361,-0.34,-0.444,-0.131,0.557,-1.173,-0.727,0
61.0,1108.0,12974.0,17.1,30.0,4,0.417,0,687.0,5,3,0.221,374.0,6.1,1256.0,3738.0,36,107.9,0.0974,0,2,0,4,0,1,92.0,0.219,0.442,0.321,-1.377,0.099,-1.798,0.835,-1.049,0.062,0.166,0.496,0.915,0.954,-0.058,-1.57,0
31.0,1585.0,18829.0,1.5,40.0,0,0.312,1,564.0,1,0,0.34,0.0,15.4,962.0,10326.0,24,447.5,0.2823,1,0,0,2,1,0,28.0,0.574,-0.606,-0.242,-1.929,-0.006,-0.541,1.142,-1.636,0.848,1.737,-0.473,-2.235,0.142,0.194,0.115,0
46.0,2802.0,32872.0,11.6,52.0,0,0.036,0,681.0,3,4,0.0,0.0,11.2,2561.0,3146.0,24,135.8,0.0485,0,1,0,4,0,1,50.0,2.225,-1.011,-1.178,0.68,-0.255,0.462,-1.377,2.236,0.24,-0.48,0.898,0.219,-1.411,1.759,0.082,0
47.0,1841.0,21772.0,13.2,43.0,6,0.433,2,591.0,2,0,0.479,0.0,8.2,581.0,12382.0,48,263.7,0.1432,0,0,0,2,1,0,100.0,0.901,-0.996,-1.124,0.015,-1.286,-0.934,1.515,0.439,-0.958,0.41,0.657,-0.078,0.417,0.842,-1.434,1
20.0,1416.0,16906.0,0.0,41.0,5,0.194,0,714.0,2,2,0.054,62.0,2.2,859.0,1559.0,36,42.5,0.03,1,0,0,3,1,0,122.0,-0.575,-0.696,-1.941,-0.554,0.053,0.74,-0.328,-1.011,0.767,0.639,-1.164,0.158,0.055,0.821,0.178,0
47.0,1265.0,15017.0,18.1,49.0,6,0.686,0,621.0,3,1,0.335,146.0,6.4,1078.0,10139.0,36,283.9,0.2244,0,0,0,2,1,1,72.0,-0.34,0.93,-0.004,0.77,1.829,-0.48,0.38,0.269,-1.698,0.849,0.169,-0.259,-0.828,-0.542,1.224,0
20.0,2146.0,26145.0,0.0,55.0,2,0.042,1,668.0,2,2,0.096,136.0,13.3,1030.0,4134.0,12,338.4,0.1577,0,2,1,3,0,1,71.0,1.12,0.852,-0.449,-0.156,-0.121,-0.425,0.073,-0.693,1.181,1.378,0.972,0.12,-1.389,0.305,0.248,0
26.0,534.0,6538.0,1.8,49.0,3,0.155,0,706.0,0,2,0.113,49.0,6.1,591.0,3195.0,48,65.6,0.1228,1,3,2,1,3,1,12.0,-0.091,-0.531,0.323,-1.197,0.345,-0.498,-0.057,0.891,0.91,0.372,-0.628,0.22,-0.538,0.411,0.929,0
29.0,1439.0,17419.0,3.8,30.0,3,0.888,2,511.0,5,1,1.0,697.0,15.8,201.0,6369.0,12,534.8,0.3716,1,2,0,1,1,0,97.0,-1.181,-1.681,-0.001,0.027,-0.53,0.955,-0.611,-0.417,-0.479,-1.846,-1.005,0.53,0.283,0.049,-0.439,0
42.0,1341.0,14677.0,16.1,37.0,2,0.336,0,759.0,0,2,0.129,112.0,0.8,1122.0,8908.0,24,371.9,0.2773,1,2,1,2,3,1,44.0,-1.303,0.483,-1.056,1.031,-1.164,-0.214,-0.932,0.925,-1.374,0.612,-0.582,0.098,1.346,1.071,0.57,0
50.0,1309.0,15863.0,21.9,46.0,0,0.404,1,570.0,3,1,0.361,172.0,4.5,2059.0,7774.0,36,214.7,0.164,1,1,0,3,1,1,57.0,1.089,0.128,-0.271,-0.399,1.073,1.438,1.015,0.291,-0.975,-0.152,-1.051,0.314,0.379,1.013,0.646,0
67.0,582.0,7058.0,14.0,46.0,5,0.566,0,556.0,0,1,0.597,119.0,0.8,385.0,761.0,48,15.9,0.0273,1,0,2,2,2,1,61.0,-0.204,-0.686,-1.806,-0.974,-1.081,0.556,1.366,-1.093,0.507,-0.341,1.027,-2.479,0.938,-1.367,1.35,0
55.0,1234.0,14462.0,7.8,64.0,5,0.121,0,791.0,3,1,0.091,50.0,4.6,486.0,11342.0,36,314.3,0.2547,1,1,0,1,1,1,85.0,0.173,0.89,0.363,-1.674,1.763,0.12,1.407,-0.099,0.062,0.223,-1.394,0.264,-0.162,0.506,0.804,0
35.0,539.0,6486.0,3.0,51.0,5,0.199,2,603.0,2,0,0.115,0.0,2.0,957.0,2443.0,12,205.8,0.3818,0,2,2,2,2,0,36.0,-0.528,1.023,-0.167,-0.698,-1.5,-0.655,0.316,1.196,2.213,-0.891,-1.193,-0.302,0.204,0.109,-0.957,0
43.0,964.0,12076.0,2.3,31.0,4,0.212,0,766.0,1,3,0.166,175.0,8.1,301.0,2018.0,24,85.4,0.0886,0,2,1,5,0,1,184.0,0.833,0.963,-0.178,-0.911,0.735,1.149,0.477,-0.084,1.041,1.192,-0.108,0.842,-0.769,1.029,-0.899,0
48.0,1601.0,20272.0,4.3,59.0,3,0.02,0,723.0,0,2,0.03,52.0,10.8,4466.0,12851.0,12,1092.8,0.6826,1,1,0,2,1,0,41.0,0.682,0.515,-0.726,0.297,-0.534,0.16,0.839,-0.033,-1.073,-1.077,-1.437,0.544,-0.492,0.501,0.228,1
37.0,1812.0,22458.0,3.1,39.0,4,0.592,1,648.0,2,4,0.65,2466.0,3.5,1746.0,15542.0,48,321.5,0.1774,0,0,1,4,2,0,81.0,-0.531,-1.214,-0.338,0.09,0.73,0.007,0.8,0.53,-0.509,0.915,0.34,1.55,-0.161,0.866,-0.717,0
46.0,1535.0,18409.0,4.0,42.0,3,0.223,0,725.0,0,2,0.286,299.0,12.8,2713.0,9363.0,24,386.1,0.2515,0,0,0,1,1,1,29.0,-0.196,-2.33,1.138,-2.138,1.064,0.194,-1.124,0.263,-1.146,-0.675,-0.973,1.027,-0.827,0.237,-1.502,0
70.0,1299.0,15561.0,14.1,39.0,2,0.022,4,533.0,3,3,0.155,316.0,13.3,1289.0,5518.0,36,154.0,0.1186,0,0,0,4,1,0,34.0,-1.312,0.313,0.809,0.588,-0.355,0.523,0.263,-0.627,-0.756,0.788,0.957,-1.05,0.123,-1.042,1.302,0
20.0,1178.0,13789.0,0.0,34.0,2,0.239,0,647.0,2,0,0.098,0.0,12.9,792.0,9130.0,36,257.2,0.2183,0,0,1,2,2,1,165.0,-0.995,0.199,-0.004,-0.611,0.401,-0.772,0.512,0.411,-0.372,-0.062,0.818,0.681,0.538,-1.57,-0.426,0
43.0,1064.0,12630.0,6.4,27.0,6,0.351,0,739.0,1,2,0.157,127.0,6.9,257.0,5531.0,36,156.2,0.1468,0,0,2,2,0,0,37.0,-0.05,-0.842,0.019,0.317,0.1,-0.196,-0.971,-0.596,-1.897,0.514,0.137,-0.25,-0.079,0.55,2.349,0
27.0,2000.0,23331.0,1.3,49.0,4,0.251,1,640.0,2,0,0.364,0.0,4.0,8660.0,17587.0,48,359.3,0.1796,0,0,1,5,1,1,19.0,0.031,-0.494,-0.517,0.526,-1.291,0.241,0.644,-1.717,-0.358,0.266,0.34,0.668,-0.174,1.688,0.846,0
47.0,1462.0,17387.0,20.2,37.0,4,0.598,1,632.0,2,0,0.702,0.0,8.8,929.0,2861.0,12,235.1,0.1608,0,1,2,3,1,0,120.0,0.027,0.028,-0.002,0.026,0.532,0.242,0.701,-0.533,0.58,0.783,-0.311,0.649,1.591,-0.022,0.057,1
43.0,688.0,8549.0,19.3,52.0,0,0.427,0,671.0,0,5,0.316,316.0,5.4,1690.0,5115.0,24,213.3,0.31,0,1,0,5,0,1,84.0,-0.598,-0.253,-0.442,-0.707,-0.908,1.558,0.629,-0.742,-0.996,1.055,0.667,-0.612,0.351,0.424,-1.793,0
25.0,1413.0,17491.0,0.4,51.0,6,0.489,0,641.0,2,2,0.715,509.0,12.5,1480.0,4171.0,48,86.8,0.0614,0,2,1,2,0,0,94.0,-0.102,1.606,0.366,1.445,3.062,0.38,-0.869,0.747,1.805,-2.264,-0.085,1.045,0.244,-0.325,0.631,0
20.0,6046.0,76466.0,0.0,40.0,7,0.361,2,593.0,4,2,0.496,2878.0,1.2,8814.0,55067.0,48,1186.9,0.1963,0,0,1,2,2,0,57.0,-1.027,-0.56,2.393,-0.019,-1.168,-0.601,-0.292,-1.196,1.483,-1.184,1.12,-0.515,1.232,0.453,-1.152,0
20.0,366.0,4457.0,0.0,36.0,6,0.23,1,672.0,1,5,0.0,0.0,4.8,228.0,2882.0,48,62.0,0.1694,1,0,0,5,2,0,100.0,0.931,1.673,-0.479,1.395,0.93,-0.058,-1.033,0.897,1.315,-0.33,0.623,-0.642,-0.653,-0.495,-0.527,0
33.0,1167.0,13737.0,1.5,47.0,5,0.252,0,705.0,6,2,0.087,103.0,12.8,953.0,7009.0,24,290.6,0.249,1,1,1,2,0,1,89.0,0.251,1.04,-0.213,0.092,-1.134,1.515,-0.932,1.727,-1.649,-0.188,-1.754,-0.306,0.52,0.455,0.104,0
44.0,3152.0,35837.0,7.2,47.0,7,0.245,0,732.0,1,4,0.296,958.0,1.7,1128.0,4851.0,36,133.9,0.0425,0,0,0,2,0,0,122.0,-0.863,-0.364,0.528,0.772,0.127,-0.305,-0.815,2.966,0.654,1.163,0.314,0.386,-0.687,-0.015,-0.052,0
53.0,1525.0,17505.0,2.1,54.0,3,0.03,0,701.0,1,4,0.0,0.0,7.2,1033.0,3066.0,60,50.3,0.033,1,0,3,3,1,1,22.0,-0.352,1.592,-0.195,1.503,-0.33,-1.549,-0.129,-0.006,1.341,-0.144,0.74,0.803,0.289,0.347,1.445,0
41.0,1010.0,12363.0,9.4,53.0,0,0.021,1,634.0,3,2,0.069,74.0,4.5,1109.0,4820.0,36,133.3,0.132,0,1,3,1,1,1,128.0,1.03,0.031,-1.11,1.243,-0.585,0.057,0.214,-0.226,-1.254,0.118,-1.365,0.128,0.498,-0.335,-0.606,0
41.0,1340.0,16597.0,7.8,47.0,0,0.557,2,525.0,3,3,0.449,862.0,13.5,1497.0,2263.0,48,46.8,0.0349,0,3,0,2,1,0,78.0,0.122,0.552,-1.888,-0.068,-0.096,-0.562,2.177,1.026,-0.649,1.996,0.701,-0.459,0.5,-0.845,1.099,1
65.0,2413.0,29213.0,13.7,41.0,1,0.631,2,587.0,1,2,0.286,758.0,7.5,3752.0,4304.0,36,116.3,0.0482,0,0,1,3,0,1,43.0,1.144,-0.074,-0.663,-1.279,-0.485,-0.28,1.656,0.961,0.69,1.753,-2.146,1.512,0.036,0.951,0.203,0
23.0,442.0,5184.0,2.8,45.0,6,0.745,1,566.0,1,2,0.556,236.0,2.7,101.0,3819.0,60,65.3,0.1477,0,0,1,2,0,0,29.0,-1.377,0.001,0.359,0.83,-0.565,0.203,0.054,-0.624,-2.219,0.956,1.033,-0.38,1.266,-1.098,1.941,0
41.0,518.0,5891.0,16.6,38.0,4,0.455,3,503.0,4,2,0.392,124.0,1.4,428.0,1566.0,24,65.6,0.1266,0,0,0,3,2,1,2.0,-0.413,1.587,-0.033,0.191,0.549,-1.054,0.494,0.189,-1.217,-0.573,-0.51,-0.539,-0.449,0.029,-0.06,0
32.0,690.0,8216.0,6.1,44.0,4,0.144,0,753.0,0,3,0.146,118.0,14.7,401.0,1747.0,36,48.0,0.0696,1,0,1,2,1,0,89.0,0.715,0.063,-1.355,1.312,-0.094,-1.154,1.537,0.165,0.208,0.147,1.506,-1.17,-1.03,-1.768,-1.053,0
52.0,2257.0,25549.0,17.9,36.0,6,0.372,0,654.0,3,2,0.475,864.0,12.2,1833.0,4514.0,60,74.9,0.0332,0,0,1,4,0,0,59.0,-0.85,0.713,-0.89,-2.503,-0.024,0.819,0.243,-0.846,-0.054,-0.472,-0.619,-0.587,-0.615,0.173,0.87,0
44.0,648.0,7495.0,11.3,33.0,7,0.49,3,538.0,2,2,0.258,151.0,8.3,1427.0,4596.0,24,191.7,0.2958,0,0,1,2,0,0,126.0,0.651,0.317,-0.362,-0.177,1.799,-0.375,-1.018,1.099,0.11,-0.33,0.492,-0.967,-0.665,1.315,-0.829,1
20.0,573.0,6748.0,0.0,46.0,1,0.185,0,683.0,3,1,0.31,52.0,8.5,217.0,2242.0,36,61.3,0.107,1,0,1,2,3,1,66.0,-0.194,0.278,1.52,0.672,0.562,0.872,0.804,1.338,0.719,1.09,0.467,0.199,-1.088,0.433,-0.093,0
54.0,5225.0,61573.0,33.8,37.0,1,0.409,1,597.0,2,3,0.456,2594.0,10.6,4406.0,38114.0,48,782.8,0.1498,0,2,0,2,2,1,18.0,-0.453,0.297,0.123,0.614,-1.098,0.202,-0.525,-0.929,0.176,-0.639,1.038,-1.075,-1.03,-0.667,0.916,0
63.0,1712.0,20594.0,24.1,56.0,1,0.327,0,689.0,2,2,0.264,421.0,12.5,3198.0,16928.0,24,689.9,0.403,0,0,1,2,1,1,108.0,0.393,-0.642,-1.381,-0.866,-0.956,-0.589,-0.414,-0.698,-2.661,-0.097,1.315,-0.326,0.971,0.398,0.134,0
41.0,2735.0,32208.0,10.5,49.0,6,0.693,1,515.0,2,2,0.725,1194.0,12.2,3471.0,8661.0,12,721.1,0.2637,0,0,0,5,1,1,38.0,-0.834,2.527,-0.966,1.01,0.361,2.054,3.882,-0.149,0.75,-0.059,-1.183,-0.207,-0.135,-0.105,1.324,1
43.0,2362.0,29352.0,16.2,38.0,2,0.155,0,753.0,2,2,0.0,0.0,2.9,1204.0,5012.0,24,204.1,0.0864,1,0,0,1,1,0,75.0,0.318,0.096,-0.077,1.169,1.158,0.966,0.029,0.671,0.368,0.302,-0.207,-0.371,-0.027,-0.241,-0.841,0
20.0,1785.0,20070.0,0.0,37.0,3,0.057,0,632.0,2,3,0.0,0.0,5.0,1065.0,5675.0,24,238.4,0.1336,0,0,2,2,0,0,29.0,0.033,0.478,0.296,1.191,0.222,0.109,-0.654,-0.978,0.515,1.713,-2.069,2.511,1.102,1.78,-0.009,0
35.0,1531.0,17744.0,9.7,38.0,2,0.425,1,632.0,1,1,0.337,183.0,9.9,3916.0,3555.0,24,145.7,0.0952,0,2,1,2,0,1,36.0,-1.081,1.015,-0.347,-0.86,0.691,-0.479,-1.051,1.032,-0.473,0.078,0.477,-1.291,-1.606,0.023,0.556,0
50.0,2312.0,27570.0,14.8,44.0,7,0.343,0,649.0,2,0,0.488,0.0,4.5,1371.0,16618.0,60,284.3,0.123,0,1,1,4,0,0,43.0,-0.307,0.853,-0.078,0.699,0.906,1.737,-2.084,-0.882,-0.691,-1.73,-1.39,-1.15,-1.761,0.292,0.853,0
44.0,4492.0,50942.0,7.9,40.0,2,0.262,0,715.0,2,2,0.398,1688.0,4.5,9713.0,15681.0,12,1374.8,0.3061,0,1,2,4,1,1,111.0,-1.42,2.578,1.419,-0.582,2.728,-0.067,0.492,0.295,1.401,1.144,-0.813,-0.05,1.432,-0.363,1.711,0
48.0,868.0,10636.0,14.8,50.0,2,0.361,0,652.0,3,1,0.287,131.0,4.6,115.0,6721.0,24,268.6,0.3094,0,1,0,2,0,1,94.0,0.104,0.589,-1.057,1.281,-0.298,0.488,-1.752,-1.115,0.66,-0.199,0.598,0.42,1.286,-0.412,-0.223,0
57.0,1485.0,18318.0,8.7,24.0,0,0.484,1,610.0,2,4,0.271,484.0,20.7,1337.0,14834.0,36,415.8,0.28,1,0,0,4,0,1,117.0,-1.753,-0.275,-0.411,-0.177,-0.302,0.406,-1.131,-0.466,-0.271,-0.172,0.133,2.25,-0.262,0.189,0.113,0
41.0,1527.0,17714.0,2.7,55.0,2,0.347,0,642.0,3,1,0.274,233.0,9.3,742.0,2848.0,48,61.1,0.04,0,0,1,3,1,0,88.0,-0.114,0.729,-1.596,-0.606,-1.088,0.092,0.891,0.811,-2.68,-0.946,-0.61,0.609,0.439,1.263,0.255,0
52.0,1349.0,16614.0,14.6,42.0,3,0.634,3,547.0,3,2,0.556,494.0,5.6,840.0,7750.0,48,163.8,0.1214,0,3,1,3,0,1,30.0,0.058,0.055,0.277,-1.193,0.35,-1.68,0.492,0.331,-0.4,-0.173,-0.018,-1.659,-0.446,-0.654,-0.351,1
20.0,1222.0,14330.0,0.0,46.0,0,0.461,2,598.0,5,0,0.38,0.0,1.3,465.0,6433.0,24,262.5,0.2148,1,1,1,2,1,0,31.0,-0.808,3.345,-0.087,0.364,0.161,0.516,-1.745,-0.099,-0.35,-0.816,0.246,-0.759,0.925,1.232,0.841,1
34.0,406.0,4892.0,7.0,32.0,1,0.474,0,686.0,1,2,0.74,215.0,7.8,274.0,3648.0,36,102.6,0.2527,0,1,2,2,1,0,78.0,-1.826,0.766,0.528,-0.108,0.115,0.138,0.839,-0.147,-0.227,0.108,0.179,0.576,-0.669,2.284,-0.377,0
42.0,2742.0,32773.0,14.6,49.0,6,0.397,1,610.0,3,2,0.387,720.0,9.7,1872.0,18481.0,36,511.9,0.1867,1,0,0,2,1,0,137.0,2.218,0.791,-0.584,-2.18,0.201,-0.632,0.188,-0.707,-0.479,-1.019,0.676,0.691,0.949,-0.789,-0.692,0
48.0,1449.0,16785.0,6.6,39.0,4,0.429,1,594.0,2,4,0.477,735.0,2.5,2107.0,6049.0,36,165.9,0.1145,0,1,0,2,1,0,51.0,0.587,-0.141,-0.567,1.308,0.651,-1.652,-0.196,-1.816,0.771,-1.036,-0.124,-0.828,-0.51,-1.47,3.103,1
28.0,1999.0,23762.0,5.1,49.0,1,0.327,1,707.0,3,2,0.521,1033.0,12.0,4734.0,12845.0,24,539.7,0.27,1,1,1,3,0,0,146.0,-0.233,-1.463,0.103,-0.28,0.699,-1.442,0.124,-0.053,-1.47,-1.103,0.26,0.89,-1.579,-0.118,0.682,1
26.0,822.0,10090.0,4.2,38.0,5,0.335,0,628.0,3,4,0.486,734.0,3.1,670.0,1020.0,60,16.5,0.0201,0,0,0,3,2,0,21.0,-0.335,0.437,0.639,0.018,-0.223,1.797,-0.159,1.56,3.133,-0.665,0.328,-0.787,-1.178,0.162,-0.985,0
37.0,2373.0,28951.0,3.8,33.0,3,0.377,0,687.0,2,2,0.266,531.0,13.4,6152.0,3276.0,60,54.4,0.0229,0,3,1,2,1,1,191.0,-1.799,1.445,0.491,1.331,0.479,1.142,-1.181,2.025,1.446,0.623,0.314,0.94,0.026,-2.0,0.131,0
47.0,1358.0,15992.0,15.8,54.0,0,0.572,1,569.0,1,1,0.7,482.0,6.3,1352.0,5990.0,48,121.4,0.0894,0,2,1,1,0,0,65.0,0.156,-1.783,0.978,2.047,0.939,0.26,0.455,0.808,1.429,0.927,-1.071,-0.086,-1.111,-1.235,-0.077,0
32.0,1993.0,23989.0,5.5,31.0,5,0.607,1,530.0,1,2,0.61,762.0,3.9,940.0,11225.0,12,940.4,0.4719,0,3,1,5,4,1,44.0,-1.516,-0.459,0.479,0.375,-0.581,0.847,0.357,0.083,0.108,0.831,1.942,0.19,-0.344,1.112,2.292,1
64.0,898.0,10476.0,18.5,47.0,1,0.372,0,625.0,2,1,0.339,167.0,9.6,442.0,7007.0,12,580.3,0.6462,0,1,2,2,3,1,165.0,-0.081,-0.365,0.139,-0.54,-0.802,-0.909,-1.017,1.014,0.232,1.232,-0.14,-0.162,1.314,1.223,-0.003,1
41.0,1140.0,13927.0,9.8,35.0,1,0.147,0,600.0,1,0,0.057,0.0,6.2,2001.0,3440.0,60,57.9,0.0508,1,0,2,4,1,0,26.0,0.045,0.255,0.506,-0.26,1.0,-0.169,-0.732,-0.587,0.396,0.588,0.535,2.05,-0.117,1.778,0.792,0
33.0,3212.0,37137.0,1.7,35.0,5,0.155,1,617.0,0,0,0.172,0.0,6.5,7522.0,25773.0,60,422.7,0.1316,1,0,3,2,0,1,111.0,0.306,-0.947,1.865,-0.305,1.342,0.153,-0.321,0.657,-0.306,-0.214,-1.972,1.386,-0.377,-1.344,0.094,0
42.0,942.0,11227.0,19.5,28.0,0,0.084,0,713.0,1,1,0.0,0.0,1.2,115.0,7671.0,60,127.2,0.135,0,0,0,4,0,1,33.0,0.608,0.338,-1.026,-1.033,-1.026,-1.122,0.386,-0.203,-0.868,-1.082,0.028,1.494,-1.233,-0.556,0.908,0
47.0,1402.0,16507.0,14.1,36.0,7,0.615,0,629.0,1,5,0.638,1305.0,4.9,3337.0,12912.0,36,363.4,0.2592,1,0,2,2,0,1,52.0,1.994,0.008,0.243,0.536,-1.027,-1.222,0.121,1.224,0.484,0.25,-0.321,0.624,-1.056,-0.323,-0.146,0
48.0,963.0,12175.0,1.7,52.0,4,0.223,1,603.0,2,2,0.05,45.0,7.5,1902.0,6794.0,24,288.1,0.2992,1,2,0,1,1,1,115.0,-0.583,1.081,0.354,0.642,-1.144,-1.232,1.193,-0.07,0.892,0.668,2.07,-0.423,0.729,-0.074,-1.702,0
53.0,1594.0,19544.0,21.2,48.0,1,0.405,1,603.0,1,2,0.334,298.0,13.7,562.0,10290.0,36,286.3,0.1796,0,1,1,3,1,0,134.0,0.137,0.776,0.362,0.743,-0.692,-0.262,0.601,1.707,0.544,-0.315,-0.346,0.184,0.455,0.775,1.445,1
40.0,1921.0,22091.0,10.4,40.0,0,0.66,2,561.0,4,5,0.558,1300.0,17.0,2498.0,13420.0,36,373.2,0.1943,0,2,0,4,2,1,75.0,-1.044,-0.149,1.179,-0.304,-0.176,-0.588,0.275,0.6,0.503,0.035,-0.605,1.353,0.222,0.237,-1.071,0
45.0,1611.0,20211.0,17.8,41.0,2,0.188,1,659.0,1,1,0.172,111.0,10.6,1062.0,6906.0,24,280.1,0.1739,1,2,3,3,2,0,72.0,0.194,1.334,-0.555,-0.444,2.898,-0.367,2.017,-2.062,0.418,-0.482,-1.517,0.597,0.542,2.254,-0.839,0
44.0,1455.0,17302.0,16.6,44.0,2,0.278,0,751.0,1,2,0.273,243.0,10.7,2438.0,7520.0,60,125.4,0.0862,0,0,0,3,0,0,79.0,-0.367,-1.063,-1.565,0.242,-1.182,-0.629,0.159,-0.844,0.773,-1.026,1.041,-0.95,-0.248,1.797,-0.319,0
28.0,1826.0,22728.0,2.2,33.0,6,0.037,0,686.0,0,2,0.0,0.0,1.2,562.0,8654.0,12,706.0,0.3866,1,0,1,5,1,1,68.0,1.855,-1.17,0.647,-0.051,-0.01,-0.912,0.156,0.209,-0.394,-0.616,0.691,1.57,-0.655,-0.984,0.443,0
32.0,576.0,7089.0,7.5,47.0,2,0.255,0,691.0,0,0,0.0,0.0,9.1,138.0,3727.0,60,61.5,0.1068,0,1,0,2,3,1,191.0,0.489,-2.23,0.461,-0.054,-0.052,1.236,-0.41,0.663,-0.097,1.507,-0.688,1.004,-0.179,-1.804,0.549,0
20.0,1137.0,14116.0,0.0,42.0,1,0.169,1,636.0,5,1,0.297,125.0,2.6,1052.0,4540.0,36,130.7,0.115,0,1,2,1,0,0,24.0,-0.116,-1.831,0.501,-0.408,-0.177,-0.513,-0.325,0.332,-0.244,0.527,-0.461,0.984,1.251,-0.364,0.382,0
42.0,1677.0,19479.0,17.4,60.0,5,0.447,0,702.0,3,1,0.415,314.0,4.5,1851.0,13952.0,48,288.5,0.172,1,3,0,3,0,1,47.0,-0.435,-0.822,1.157,0.196,0.522,-1.408,0.516,-0.614,-0.671,-0.471,0.807,-0.367,-0.221,-1.031,0.133,0
39.0,1609.0,19816.0,14.4,38.0,2,0.156,0,704.0,1,2,0.068,120.0,0.8,248.0,11650.0,12,973.6,0.6051,0,1,0,3,4,1,47.0,0.701,0.873,0.439,-0.762,1.371,2.724,0.579,1.586,2.39,-1.492,2.406,-0.988,-1.57,1.112,-0.376,0
44.0,1967.0,23278.0,11.9,51.0,0,0.699,1,596.0,3,3,0.718,1356.0,8.6,515.0,5444.0,48,113.4,0.0577,1,2,1,2,0,0,74.0,-0.214,-1.088,0.425,0.684,-1.96,0.667,-0.531,0.197,0.967,1.399,-1.079,-0.846,-0.177,-0.676,-0.77,0
20.0,765.0,9119.0,0.0,60.0,7,0.244,0,650.0,1,2,0.467,198.0,9.7,1226.0,2604.0,60,43.9,0.0574,1,0,1,2,0,1,21.0,0.474,-0.914,-0.393,-0.366,2.083,0.569,0.576,0.222,0.373,1.823,0.349,0.804,-0.853,-0.095,-0.827,0
29.0,2677.0,30652.0,5.2,44.0,2,0.255,0,661.0,2,3,0.41,1427.0,1.5,973.0,19356.0,24,818.1,0.3056,1,2,1,2,1,1,28.0,-0.288,1.445,-1.017,0.423,-0.272,-0.002,-1.357,-0.105,-1.802,0.478,-0.536,-0.57,0.824,0.441,-0.474,0
43.0,794.0,9579.0,3.7,39.0,4,0.447,1,626.0,0,1,0.411,140.0,6.8,179.0,6668.0,36,183.8,0.2315,1,1,1,2,0,0,110.0,0.196,0.406,1.496,0.331,0.541,1.708,-0.071,-0.085,-0.419,-0.038,0.817,0.4,0.326,-0.249,-0.563,0
41.0,858.0,10363.0,8.8,51.0,1,0.444,2,553.0,2,1,0.507,109.0,8.7,422.0,3180.0,12,262.3,0.3057,0,3,0,3,0,0,37.0,1.076,-0.429,-0.644,-1.062,-1.623,-0.382,0.164,-0.045,0.498,0.665,-0.396,-0.803,-1.428,-0.367,0.021,1
51.0,1747.0,21937.0,16.7,51.0,7,0.154,1,628.0,2,2,0.102,143.0,8.7,5053.0,5955.0,48,124.9,0.0715,1,0,2,3,1,0,56.0,0.012,0.157,1.05,-1.026,-0.051,-0.586,0.634,0.259,0.196,0.7,-1.086,0.634,0.756,-0.549,1.246,1
60.0,701.0,8854.0,7.1,43.0,7,0.582,0,664.0,3,1,0.563,203.0,7.7,476.0,3070.0,24,131.8,0.188,0,0,2,2,3,0,107.0,-0.048,0.478,2.142,-1.316,0.239,1.008,-0.356,0.184,-0.038,-1.077,0.285,0.837,0.713,-2.684,-0.779,0
36.0,771.0,9181.0,3.4,41.0,3,0.56,4,404.0,6,2,0.605,504.0,7.1,917.0,2720.0,12,223.0,0.2892,0,1,2,4,2,1,216.0,-0.264,-1.249,-1.272,0.379,1.013,0.68,0.889,0.977,0.041,0.356,-0.083,-1.001,-0.99,1.995,-0.062,1
44.0,1229.0,14691.0,7.6,37.0,7,0.124,1,648.0,3,3,0.109,155.0,5.3,887.0,2389.0,60,39.3,0.032,0,2,0,4,0,1,27.0,0.559,-0.439,-0.576,0.317,0.468,1.608,0.284,-1.331,1.209,0.296,-0.146,0.008,0.949,-0.141,2.423,0
27.0,1293.0,15872.0,4.0,43.0,7,0.3,0,696.0,3,1,0.321,228.0,3.4,723.0,12650.0,36,350.6,0.2712,0,1,0,3,1,0,32.0,0.615,0.507,-0.946,0.072,0.726,0.745,0.807,1.441,1.23,-0.97,-0.257,-1.75,-1.141,-0.328,-0.936,0
32.0,1398.0,16481.0,5.3,45.0,6,0.141,0,664.0,0,1,0.226,102.0,3.5,593.0,11368.0,36,316.8,0.2266,0,0,1,3,0,1,78.0,-0.53,-0.214,-0.043,-0.003,-0.172,0.518,-0.884,-0.405,0.954,-2.792,-0.285,2.112,0.944,1.955,-0.072,0
20.0,2262.0,27592.0,0.0,42.0,3,0.173,0,607.0,2,3,0.01,24.0,16.7,3171.0,18457.0,12,1554.8,0.6874,1,2,2,3,2,1,41.0,1.557,0.497,-0.65,-2.349,0.935,-0.154,1.334,-1.127,-0.137,-0.778,-0.529,-1.551,1.104,2.32,-0.249,1
58.0,1046.0,12097.0,28.6,52.0,0,0.068,0,699.0,4,0,0.114,0.0,6.0,529.0,1605.0,36,42.9,0.041,1,2,1,3,0,1,238.0,-0.227,-0.52,-0.085,-0.176,1.033,-0.846,-1.236,-0.213,-1.679,-0.654,0.469,-0.299,0.001,-1.344,-0.349,0
44.0,1969.0,22367.0,3.9,43.0,5,0.122,0,773.0,5,5,0.0,0.0,9.3,1137.0,5963.0,48,124.5,0.0632,0,0,1,2,1,1,52.0,-0.332,-1.362,0.011,-0.942,0.794,1.271,0.428,0.825,-1.131,0.196,0.678,0.949,-0.691,0.036,-0.679,0
41.0,889.0,10746.0,4.4,35.0,1,0.095,1,623.0,3,1,0.152,39.0,4.7,1270.0,8627.0,48,180.3,0.2028,0,0,0,4,1,0,103.0,-0.047,0.865,-1.059,-0.047,1.209,-1.314,-0.72,0.717,-1.683,0.541,-0.037,0.019,-0.358,-0.685,1.939,0
33.0,1896.0,23198.0,6.2,39.0,0,0.075,1,618.0,2,4,0.0,0.0,13.4,2491.0,13316.0,24,563.2,0.297,0,0,0,2,2,1,57.0,0.471,0.294,0.103,0.418,0.569,1.677,0.817,-0.574,-0.603,-0.693,0.505,0.03,0.927,2.622,-1.292,0
35.0,1262.0,15011.0,4.6,36.0,2,0.283,0,761.0,2,1,0.292,104.0,2.8,487.0,3925.0,48,81.7,0.0647,1,0,1,2,0,1,51.0,-0.613,0.96,-0.057,0.946,0.293,-0.096,-1.071,0.191,-0.655,-0.134,-2.411,-1.004,-0.752,0.116,0.017,0
53.0,1506.0,18812.0,20.9,49.0,1,0.166,0,671.0,1,1,0.21,110.0,9.2,729.0,8081.0,24,348.3,0.2313,0,0,2,4,1,1,100.0,0.587,-0.152,0.435,-0.225,1.209,1.692,-0.065,0.116,0.956,0.784,-0.521,-0.572,-1.151,-0.929,0.593,0
36.0,3502.0,42776.0,9.5,27.0,6,0.281,0,700.0,2,3,0.323,1392.0,10.0,4383.0,27895.0,12,2294.2,0.6551,0,0,1,2,2,0,63.0,-1.883,-1.353,0.012,-1.028,-0.834,0.285,0.486,0.398,-0.545,0.126,1.954,-0.219,-1.277,-1.332,0.504,1
22.0,896.0,10039.0,0.3,26.0,5,0.218,0,615.0,1,1,0.173,84.0,7.8,818.0,3264.0,24,137.8,0.1538,0,0,1,2,1,0,66.0,0.074,-0.64,-0.772,-2.088,0.103,-0.381,-0.297,-0.271,-1.688,0.128,0.638,0.428,-0.199,0.401,-0.74,0
56.0,650.0,7372.0,16.8,45.0,4,0.081,1,665.0,1,1,0.331,90.0,4.2,268.0,2491.0,36,68.0,0.1046,0,0,1,3,0,0,75.0,-0.232,1.177,0.288,2.345,0.594,0.348,-0.503,0.784,0.126,0.285,0.065,-2.128,-1.208,0.4,0.211,0
56.0,2258.0,28187.0,19.6,40.0,5,0.087,1,665.0,2,0,0.076,0.0,4.4,2514.0,9197.0,48,184.7,0.0818,0,1,0,2,0,1,103.0,1.147,1.689,0.468,-1.202,-0.838,-0.251,0.072,0.461,-0.553,1.938,-0.296,-0.517,-0.236,0.151,-0.395,0
43.0,1749.0,20569.0,3.0,37.0,3,0.372,0,693.0,2,0,0.382,0.0,8.3,1518.0,15759.0,12,1351.6,0.7728,1,0,0,1,2,1,62.0,1.901,0.711,-1.356,-0.369,0.789,-1.025,1.164,-0.715,2.889,1.773,0.64,1.486,-0.852,0.158,-0.686,1
29.0,1458.0,17471.0,1.5,51.0,5,0.375,0,645.0,1,3,0.384,469.0,1.4,1595.0,12438.0,36,344.1,0.236,0,2,1,3,1,1,35.0,0.406,1.129,-0.069,-0.95,-0.285,0.898,-1.239,-0.298,-0.24,-0.876,0.784,0.191,-0.4,0.08,0.12,0
58.0,969.0,11887.0,16.8,44.0,2,0.068,2,537.0,2,4,0.0,0.0,4.0,775.0,5331.0,12,450.3,0.4647,0,1,0,4,2,1,138.0,-0.387,-0.1,-1.035,-1.143,-1.702,0.939,-1.533,0.551,1.169,0.859,1.313,-0.951,-0.403,-0.67,0.531,1
32.0,1630.0,20034.0,5.1,45.0,1,0.295,0,673.0,2,2,0.256,418.0,6.3,654.0,6045.0,36,167.9,0.103,0,0,0,2,2,1,146.0,-1.39,0.653,-0.468,1.744,1.128,0.562,-1.685,-0.38,0.43,1.174,0.527,1.032,1.334,-1.33,0.912,0
50.0,1322.0,16713.0,8.3,26.0,7,0.214,1,613.0,1,0,0.328,0.0,8.1,2482.0,9261.0,24,384.9,0.2911,0,2,1,2,0,1,155.0,-0.44,0.974,0.101,-0.331,-0.564,0.238,0.217,1.744,0.613,-0.043,-0.954,-2.98,1.231,-0.983,-0.628,0
66.0,547.0,6875.0,10.2,35.0,2,0.24,1,645.0,3,4,0.131,79.0,9.2,818.0,927.0,36,25.2,0.0461,0,1,1,2,2,0,57.0,0.904,-1.964,1.408,-0.852,-0.046,0.612,2.422,0.681,-0.13,0.048,0.007,0.815,-0.362,-0.259,-0.447,0
31.0,1773.0,22541.0,5.7,52.0,1,0.342,1,668.0,2,0,0.505,0.0,7.2,3514.0,16381.0,36,444.9,0.2509,0,1,0,2,1,0,60.0,0.779,-1.711,0.335,0.294,-1.25,0.315,1.23,0.195,1.116,-0.712,-0.581,-0.039,1.85,0.37,0.509,0
33.0,867.0,11136.0,4.1,20.0,7,0.497,1,579.0,2,5,0.418,837.0,10.1,424.0,994.0,12,82.9,0.0956,1,2,1,2,1,0,65.0,1.193,-0.981,0.125,1.23,-0.186,0.932,-0.822,-1.116,0.385,-0.467,-1.268,-1.143,-1.415,-1.386,-0.067,1
43.0,1130.0,13595.0,3.0,41.0,6,0.232,2,527.0,2,3,0.116,184.0,10.0,502.0,10990.0,12,893.1,0.7904,1,1,0,2,1,1,60.0,0.825,-0.218,1.381,-1.312,-0.462,-0.436,1.943,-0.613,-0.518,-1.117,1.45,-0.976,1.553,0.497,0.118,1
37.0,4757.0,58648.0,6.1,37.0,2,0.313,2,520.0,5,2,0.219,617.0,2.6,3955.0,12199.0,12,1035.6,0.2177,0,3,0,4,1,1,106.0,-0.04,1.002,0.094,0.64,0.278,0.356,0.96,-0.796,-2.227,1.167,-1.265,0.782,-0.146,0.422,0.992,0
48.0,1171.0,14833.0,25.6,32.0,3,0.627,0,700.0,1,0,0.48,0.0,13.5,1384.0,3615.0,36,105.0,0.0897,1,0,0,2,1,1,112.0,0.308,-0.743,-0.08,-1.889,1.608,0.402,-0.976,-0.754,-0.032,2.291,0.696,0.397,0.783,0.553,-0.294,0
35.0,1998.0,24246.0,8.0,40.0,4,0.23,0,724.0,3,3,0.0,0.0,6.1,2529.0,5182.0,48,106.2,0.0532,0,0,1,2,1,1,119.0,1.352,1.178,-0.991,1.506,-0.222,2.331,1.732,0.494,-0.375,-1.305,0.021,1.366,-1.298,0.447,1.1,0
24.0,575.0,7545.0,3.5,48.0,3,0.345,1,637.0,1,4,0.436,278.0,2.8,724.0,5426.0,24,222.0,0.3861,0,0,0,2,2,1,137.0,1.874,-0.232,0.047,-0.68,-0.57,-0.769,0.861,-0.578,0.773,0.999,-0.127,-0.436,-1.372,-0.087,0.434,1
22.0,1083.0,12680.0,1.8,29.0,1,0.131,1,681.0,0,3,0.0,0.0,5.7,662.0,10483.0,36,292.8,0.2704,1,1,0,1,0,0,43.0,0.744,1.164,-0.635,-0.551,-0.588,-0.279,-1.07,-0.052,-2.12,0.872,0.928,-1.627,0.492,-2.054,-0.074,0
42.0,1157.0,14267.0,11.9,41.0,7,0.371,3,558.0,4,3,0.649,1192.0,16.6,242.0,11110.0,24,457.3,0.3952,0,2,1,3,1,1,79.0,-0.012,0.109,-0.382,-0.372,-0.574,-0.187,-0.43,0.387,1.288,0.34,0.517,0.294,0.623,1.801,0.203,0
51.0,900.0,10318.0,20.3,40.0,7,0.217,0,686.0,2,2,0.101,58.0,5.8,260.0,7033.0,36,193.8,0.2153,0,0,2,3,2,1,204.0,0.093,1.958,2.071,0.251,-0.336,0.053,-0.416,1.432,-0.33,-0.192,-0.897,0.727,-0.323,-0.17,-0.583,0
20.0,3571.0,40325.0,0.0,43.0,7,0.153,0,773.0,1,1,0.129,145.0,6.3,3286.0,21410.0,48,445.9,0.1249,0,2,0,4,2,1,317.0,0.343,-2.204,0.435,-0.075,0.247,1.11,-0.031,-0.745,1.724,-0.139,1.806,-0.085,-0.803,-0.608,1.393,0
27.0,1234.0,14345.0,0.9,44.0,5,0.402,1,543.0,2,2,0.22,203.0,3.6,982.0,11872.0,12,999.5,0.81,0,1,1,2,0,1,98.0,1.046,-0.087,1.524,-0.192,1.128,-0.496,-0.189,1.612,-0.046,0.193,0.507,-0.592,-0.237,0.459,-0.051,1
52.0,659.0,7652.0,10.7,34.0,1,0.136,0,741.0,0,0,0.191,0.0,6.8,967.0,1357.0,36,37.6,0.0571,0,1,0,2,3,1,12.0,1.116,-0.761,-0.856,1.352,-0.442,-0.459,-0.618,-0.524,0.381,0.766,-0.181,-1.149,-0.064,1.051,0.216,0
54.0,1220.0,13611.0,18.6,49.0,0,0.189,0,696.0,0,0,0.049,0.0,4.8,605.0,6436.0,36,183.8,0.1507,0,0,1,2,0,1,118.0,0.439,-0.034,0.762,1.445,0.677,0.665,0.09,-0.228,-0.083,0.478,2.486,0.898,0.256,-0.011,-0.437,0
50.0,1926.0,22609.0,15.5,35.0,3,0.423,1,501.0,3,3,0.451,1012.0,5.2,3043.0,14962.0,24,622.4,0.3232,0,0,0,3,0,0,23.0,1.381,1.113,-1.121,0.672,0.916,0.69,-1.854,-0.053,1.608,-0.68,-0.312,-0.311,-0.266,0.125,0.707,1
44.0,4912.0,57204.0,19.1,41.0,1,0.289,0,655.0,3,3,0.338,2787.0,12.1,20484.0,14060.0,36,383.7,0.0781,0,0,2,2,1,1,76.0,0.36,0.542,-2.319,-0.342,0.748,-0.9,0.46,1.179,-1.768,-0.643,-0.762,0.705,-0.337,0.567,-0.845,0
43.0,1177.0,14068.0,9.7,23.0,4,0.16,1,680.0,3,2,0.143,185.0,4.5,704.0,5193.0,24,219.2,0.1862,0,3,0,2,2,0,91.0,-0.065,0.807,0.782,-0.495,0.357,-1.296,-1.947,-0.111,1.767,0.463,-0.719,0.991,-2.32,0.407,0.787,0
46.0,757.0,8776.0,15.7,51.0,3,0.524,0,628.0,1,0,0.715,0.0,10.4,409.0,2712.0,36,74.4,0.0983,1,0,1,2,0,0,174.0,0.272,1.452,-0.349,-0.804,0.792,-0.023,0.526,1.165,0.443,0.112,0.394,0.784,2.273,0.993,-0.602,0
26.0,4719.0,56903.0,1.7,35.0,3,0.157,1,655.0,0,1,0.14,356.0,2.7,7883.0,23912.0,60,406.7,0.0862,0,0,2,2,0,1,155.0,0.282,-0.452,0.552,0.174,0.497,-0.227,-0.583,-0.376,-0.664,-0.83,-0.676,-0.623,0.992,-0.664,-0.044,0
21.0,4239.0,49913.0,0.2,44.0,5,0.082,1,646.0,1,1,0.0,0.0,4.6,16437.0,28363.0,48,573.4,0.1353,1,2,2,4,0,1,43.0,-0.943,-0.626,-0.401,0.985,-0.447,0.315,-1.333,0.122,-0.809,-0.549,-1.103,-0.587,0.742,0.242,0.263,0
28.0,2285.0,29014.0,0.7,33.0,3,0.102,1,658.0,2,2,0.196,347.0,2.7,2307.0,20825.0,48,453.1,0.1983,0,2,3,3,0,1,85.0,-0.194,-0.05,-0.365,-1.533,0.116,-0.141,-0.776,0.461,-0.552,1.602,0.546,-0.346,0.684,2.307,-0.15,0
45.0,1490.0,18669.0,8.8,33.0,5,0.439,2,507.0,0,2,0.453,656.0,5.5,1067.0,6255.0,24,255.9,0.1717,1,0,2,2,1,1,42.0,-0.548,0.848,0.037,0.352,-0.381,1.337,0.334,-1.612,-0.322,1.001,-0.029,-0.329,1.985,0.424,-0.0,0
31.0,1769.0,20921.0,4.0,36.0,2,0.311,0,730.0,2,0,0.266,0.0,2.3,3431.0,9018.0,48,192.0,0.1085,1,0,1,2,2,1,226.0,0.912,0.409,-2.21,0.597,-2.609,1.427,-0.096,-3.086,-0.716,1.483,-0.554,0.405,0.17,-1.381,1.394,0
20.0,4151.0,50659.0,0.0,50.0,6,0.184,2,530.0,2,2,0.08,226.0,1.8,4093.0,35264.0,24,1484.2,0.3576,0,0,3,1,1,1,66.0,0.268,-0.699,-0.584,0.198,-0.732,0.994,-2.029,1.428,0.297,-0.836,0.844,0.553,-2.442,-0.247,-2.204,0
51.0,2202.0,26254.0,8.6,40.0,1,0.299,1,700.0,1,2,0.198,324.0,8.9,1722.0,15447.0,24,642.2,0.2916,0,1,1,3,1,1,57.0,0.006,-1.63,0.976,0.671,0.98,0.181,-1.594,-0.549,-0.341,1.095,-0.201,-0.089,-1.739,0.59,-0.551,0
31.0,4462.0,52768.0,5.2,44.0,6,0.42,0,643.0,0,1,0.298,376.0,9.5,9573.0,38148.0,48,799.9,0.1793,0,3,1,3,1,1,150.0,-1.01,-2.336,-1.232,0.342,-0.233,-0.553,-1.324,-0.658,0.94,1.359,-0.138,0.888,1.973,0.866,-0.299,0
51.0,1499.0,18357.0,3.8,26.0,3,0.697,1,487.0,3,6,0.63,2463.0,9.2,3872.0,14225.0,24,592.2,0.3951,1,3,1,2,0,0,22.0,0.211,-1.518,0.131,-0.199,-0.543,0.206,0.853,-0.236,-0.804,-0.078,-0.778,0.205,1.745,-2.072,2.015,1
43.0,1999.0,24330.0,8.5,47.0,4,0.248,0,672.0,2,2,0.204,212.0,6.3,3352.0,5519.0,36,153.2,0.0766,0,0,0,4,1,0,68.0,1.501,0.251,-0.108,-0.347,-1.352,-0.607,-0.305,0.986,0.162,0.629,2.574,-0.374,-0.839,1.388,0.347,0
42.0,1383.0,15509.0,12.8,51.0,5,0.768,3,515.0,2,2,0.382,386.0,7.6,1019.0,11257.0,48,230.1,0.1664,0,0,1,5,1,1,137.0,1.847,-0.591,-0.214,0.707,0.87,-0.278,0.088,-1.256,-1.15,1.184,-1.724,1.138,0.274,1.078,-0.154,0
37.0,1653.0,19328.0,9.8,56.0,4,0.415,0,729.0,2,2,0.45,635.0,9.5,4195.0,10246.0,36,293.8,0.1777,0,2,1,2,1,0,16.0,-0.495,-0.121,-0.592,0.503,0.566,1.495,1.376,-0.654,1.497,-1.363,1.796,-0.896,-0.062,0.802,1.445,0
50.0,2691.0,32080.0,17.1,44.0,2,0.442,1,702.0,1,0,0.391,0.0,13.0,2000.0,20032.0,60,331.0,0.123,0,0,1,1,2,0,51.0,-0.392,1.328,0.824,-0.453,2.531,2.26,0.355,-0.447,-0.951,0.877,1.741,-1.183,1.227,-0.435,-0.322,0
31.0,1401.0,17406.0,4.5,35.0,2,0.632,1,572.0,4,0,0.458,0.0,11.6,1041.0,5324.0,12,443.5,0.3166,0,1,0,3,0,0,54.0,-0.613,2.865,-0.012,0.509,-1.616,-0.652,0.706,-0.206,0.278,1.205,0.248,0.284,-2.076,1.13,-0.349,0
47.0,469.0,5377.0,7.4,38.0,6,0.299,1,588.0,1,2,0.238,105.0,8.4,203.0,2766.0,36,77.3,0.1648,1,1,1,2,1,0,44.0,0.714,0.612,0.455,0.434,0.3,-0.147,2.679,-0.4,2.433,-0.49,-1.054,-0.829,-1.166,-0.395,0.158,0
38.0,1258.0,15339.0,8.0,43.0,4,0.764,3,509.0,3,2,0.742,773.0,5.1,960.0,5944.0,48,123.0,0.0978,1,0,2,2,2,0,15.0,0.335,-0.115,1.57,1.513,0.231,2.154,-0.34,-0.186,-0.417,1.389,-0.202,1.179,0.233,0.695,0.797,0
44.0,1904.0,21533.0,17.1,36.0,5,0.652,3,478.0,4,1,0.541,297.0,3.1,972.0,15321.0,60,245.9,0.1291,0,0,2,1,1,0,131.0,0.149,-0.807,0.514,-1.054,0.868,0.11,-1.308,-1.259,0.722,-0.734,-0.617,0.291,-0.307,-0.111,0.063,0
38.0,1512.0,18376.0,10.5,47.0,6,0.224,0,691.0,0,3,0.165,342.0,4.8,637.0,2571.0,36,72.3,0.0478,1,0,0,3,0,1,33.0,0.18,-1.035,-1.026,0.586,2.125,-0.974,2.145,-0.623,-2.395,2.275,1.074,-0.208,1.001,-1.007,0.371,0
43.0,2182.0,25086.0,3.4,36.0,0,0.498,1,553.0,0,5,0.394,1427.0,4.8,1167.0,21501.0,36,611.6,0.2803,1,2,0,3,4,0,149.0,-0.211,-0.885,0.179,-1.14,-0.839,-0.016,0.334,0.735,2.518,0.676,0.355,-0.162,0.247,-0.998,1.335,0
38.0,1172.0,14136.0,7.5,46.0,1,0.683,1,674.0,5,0,0.556,0.0,1.7,377.0,2631.0,36,73.4,0.0626,0,2,1,3,0,0,129.0,1.933,-0.505,-1.037,1.467,1.089,-0.781,1.14,1.319,-1.323,0.681,-2.003,1.04,0.267,0.42,-0.288,0
26.0,3993.0,48459.0,4.8,36.0,4,0.264,0,632.0,0,2,0.394,1675.0,6.8,6073.0,26988.0,24,1116.3,0.2796,0,0,0,5,1,1,88.0,0.932,1.649,-1.441,0.457,1.406,-0.443,0.584,0.59,0.049,-2.316,1.135,-0.921,-1.02,1.287,2.163,0
40.0,1067.0,12643.0,4.4,30.0,1,0.222,0,667.0,0,4,0.223,297.0,7.6,792.0,4447.0,12,385.1,0.3609,1,3,3,2,2,1,40.0,-0.454,-0.736,0.202,-0.703,0.979,1.009,-0.642,-1.16,0.427,-0.296,-0.137,-1.262,2.631,-0.03,0.336,0
44.0,2323.0,27959.0,14.1,42.0,0,0.737,2,516.0,3,2,0.545,1043.0,2.0,849.0,14689.0,36,415.5,0.1789,1,2,1,3,3,1,18.0,-0.088,-1.888,0.848,-0.153,-0.291,0.213,0.512,0.429,-0.543,-2.198,-0.84,-0.53,-0.314,0.416,-1.086,0
51.0,1539.0,18177.0,8.7,17.0,7,0.135,0,728.0,1,1,0.054,32.0,2.2,2970.0,8305.0,60,137.4,0.0893,0,0,1,3,1,1,74.0,0.553,2.016,1.072,0.053,-0.789,1.814,-0.376,-0.443,-0.427,1.305,-0.373,0.476,-1.356,-0.604,-0.028,0
64.0,1065.0,13049.0,22.8,42.0,4,0.23,1,628.0,2,1,0.458,203.0,12.7,747.0,10018.0,48,212.7,0.1997,0,2,1,2,2,1,34.0,0.599,0.606,-0.191,-0.535,0.183,0.27,-1.064,-0.149,-0.31,1.15,1.553,-0.482,0.157,-0.88,-1.407,0
62.0,1803.0,21410.0,22.4,43.0,3,0.086,2,611.0,3,1,0.117,69.0,6.4,1062.0,1985.0,60,32.4,0.018,0,0,1,3,1,1,77.0,-0.04,-1.103,-0.524,0.452,-0.498,-0.225,-0.365,-0.519,-1.26,0.244,-0.558,1.528,0.275,1.945,0.178,0
34.0,979.0,12987.0,8.0,46.0,6,0.546,3,537.0,3,1,0.533,168.0,11.6,1001.0,7852.0,24,333.1,0.3402,0,1,1,5,0,1,58.0,0.853,0.049,0.376,0.706,-1.44,-0.813,2.823,-0.94,0.762,0.022,1.314,0.646,-1.474,1.011,-0.341,1
40.0,1625.0,19903.0,17.5,41.0,7,0.916,3,395.0,2,2,0.899,1095.0,1.3,1370.0,13621.0,36,370.9,0.2282,0,0,1,4,1,1,20.0,-0.067,-0.064,-0.077,0.671,-0.217,-0.398,-1.394,-0.483,1.511,-0.691,-0.418,-1.381,-0.926,-0.002,0.493,1
29.0,2937.0,36147.0,3.0,33.0,5,0.15,0,774.0,0,2,0.093,237.0,10.7,2144.0,15909.0,60,261.3,0.089,1,0,1,1,0,1,91.0,0.873,-1.765,0.456,0.009,-0.307,-0.402,0.894,-1.094,0.101,0.879,-1.117,-0.632,0.584,0.461,-0.45,0
46.0,1087.0,13218.0,20.3,34.0,6,0.388,1,654.0,3,4,0.356,837.0,10.9,2632.0,10378.0,48,212.7,0.1957,0,2,0,2,2,1,42.0,-0.796,0.105,1.934,1.36,0.74,-2.045,-1.579,0.728,-0.781,1.575,-0.137,0.263,-1.153,0.496,0.248,0
32.0,889.0,10769.0,10.0,42.0,6,0.15,1,675.0,1,1,0.139,38.0,12.7,1194.0,7538.0,24,318.4,0.3582,0,1,0,2,2,1,86.0,0.775,-1.984,1.978,-0.789,1.11,0.563,-0.171,-1.247,-0.071,0.187,2.112,-1.046,-0.875,-1.654,-0.911,0
33.0,734.0,8834.0,4.8,43.0,2,0.338,2,598.0,6,4,0.0,0.0,6.5,2002.0,6807.0,24,289.1,0.3939,1,0,1,5,1,0,87.0,-1.324,-0.025,-0.412,-0.307,0.058,0.528,0.844,1.47,1.187,0.332,-0.943,-0.704,0.295,1.733,-0.719,0
44.0,1849.0,22454.0,9.9,53.0,4,0.468,1,627.0,1,1,0.333,220.0,10.3,1467.0,5929.0,36,158.4,0.0857,0,0,1,3,0,1,23.0,-0.523,-0.034,1.21,-0.922,-0.939,-1.128,-2.187,0.424,-0.003,0.454,-0.058,-0.741,-1.395,0.377,-1.317,1
34.0,2652.0,31692.0,7.2,43.0,3,0.404,1,593.0,3,2,0.183,543.0,12.0,2140.0,11783.0,48,247.8,0.0934,0,0,0,2,0,1,15.0,0.064,0.687,-2.078,0.225,-0.326,-0.371,0.416,0.119,1.321,-0.307,-0.684,1.127,0.113,0.376,-0.383,1
25.0,989.0,11507.0,2.5,39.0,2,0.266,0,740.0,0,3,0.292,219.0,15.9,304.0,7767.0,36,223.8,0.2263,1,3,0,2,0,1,160.0,0.364,0.544,-0.153,-0.893,-1.029,1.287,0.646,0.255,-0.817,1.618,0.306,0.163,-2.419,0.416,-0.6,0
34.0,899.0,10503.0,10.2,42.0,6,0.692,2,484.0,1,3,0.647,617.0,6.0,701.0,6230.0,12,534.1,0.5941,0,0,3,4,1,1,75.0,-2.183,0.783,-1.615,0.309,0.756,-0.335,1.953,-1.746,0.465,0.72,-0.85,1.844,2.27,-0.03,-0.826,1
38.0,1338.0,16058.0,13.5,43.0,2,0.353,2,540.0,3,0,0.452,0.0,2.9,248.0,3282.0,36,90.3,0.0675,0,0,0,4,0,0,94.0,-0.155,-0.343,-2.132,-0.645,-0.225,0.097,0.956,0.301,1.021,0.844,0.947,0.644,0.345,1.295,0.999,0
34.0,1520.0,18208.0,6.7,53.0,0,0.163,0,716.0,2,2,0.206,172.0,2.8,1271.0,2987.0,48,61.5,0.0405,0,3,0,4,1,0,191.0,0.327,0.822,0.505,-0.487,0.965,-0.761,0.719,-1.946,-1.442,-1.57,-0.52,-1.528,0.36,-0.179,0.114,1
61.0,1125.0,14079.0,4.0,43.0,0,0.382,0,671.0,1,1,0.341,196.0,4.7,1021.0,3764.0,12,314.0,0.2791,0,2,0,3,0,0,125.0,1.272,0.406,1.326,-1.576,1.65,1.675,0.489,0.698,-0.304,-0.136,0.609,1.372,2.71,0.728,0.224,0
45.0,1116.0,13957.0,9.2,33.0,7,0.573,3,507.0,5,1,0.499,154.0,2.5,2654.0,5959.0,60,100.7,0.0902,0,0,0,4,2,0,71.0,-1.937,1.186,1.189,-2.448,0.33,-0.74,1.078,0.055,-0.198,-0.702,0.605,2.183,0.834,-0.684,-1.133,0
49.0,985.0,12072.0,11.6,37.0,2,0.347,1,690.0,2,1,0.412,196.0,6.9,1144.0,5292.0,24,226.3,0.2297,1,0,1,2,1,1,4.0,-0.542,1.004,0.542,1.033,2.143,-0.55,-0.418,-0.302,-1.014,-0.761,-2.108,1.064,1.842,-0.822,-0.99,0
30.0,2552.0,30410.0,2.4,51.0,7,0.472,0,673.0,0,3,0.391,874.0,4.1,10361.0,21734.0,12,1822.6,0.7142,1,2,3,5,2,1,11.0,0.341,0.145,1.032,1.326,-0.723,0.133,-1.091,0.364,0.347,-0.039,0.297,1.222,-1.271,-1.221,-0.973,1
60.0,1107.0,13834.0,19.2,39.0,7,0.592,0,623.0,2,2,0.675,600.0,6.9,418.0,1493.0,36,40.9,0.0369,0,2,0,2,0,1,30.0,-0.725,-0.037,-0.632,-0.927,0.899,-0.385,-0.698,0.607,0.587,-0.008,-0.396,0.245,-0.405,-2.145,-0.831,0
40.0,1221.0,14406.0,11.8,34.0,2,0.314,0,722.0,1,1,0.343,162.0,1.2,2971.0,10867.0,48,224.2,0.1836,1,2,0,3,2,0,59.0,-0.201,-1.908,1.321,-0.597,0.439,0.138,0.93,0.219,1.953,0.161,0.878,-1.87,-0.366,1.94,-0.948,0
51.0,1624.0,18901.0,13.7,31.0,0,0.363,4,418.0,3,5,0.414,1071.0,1.2,908.0,8957.0,60,148.5,0.0914,0,0,1,2,2,0,189.0,-0.308,-0.339,-0.937,-0.709,-0.215,0.047,-0.576,-1.458,1.08,-0.171,-1.061,1.71,0.275,-1.255,-1.542,1
46.0,1523.0,18328.0,20.8,53.0,2,0.113,2,546.0,3,1,0.205,147.0,9.1,2797.0,7037.0,36,200.7,0.1318,1,0,1,4,2,1,80.0,-0.141,0.608,-2.058,1.463,0.617,0.549,-1.314,-0.481,0.028,0.246,1.141,0.527,-0.467,1.552,-1.435,0
57.0,1791.0,20998.0,18.6,44.0,7,0.189,2,608.0,1,3,0.202,283.0,1.9,2636.0,13071.0,48,274.2,0.1531,0,0,0,4,1,0,29.0,-1.176,-0.541,0.429,0.76,-0.748,-1.362,0.87,1.445,-0.04,0.785,1.335,0.374,-0.637,-0.001,1.464,0
24.0,1522.0,18404.0,1.8,32.0,7,0.316,1,682.0,1,2,0.404,356.0,8.8,351.0,12518.0,36,343.6,0.2258,0,2,0,1,5,1,62.0,-0.372,1.347,-0.619,-0.225,0.114,-0.332,0.331,0.812,0.538,1.308,0.251,-1.415,-0.161,0.504,0.035,0
46.0,2781.0,34317.0,5.0,42.0,2,0.661,0,641.0,2,1,0.566,686.0,7.1,1150.0,4552.0,36,122.7,0.0441,0,1,0,2,1,0,11.0,1.225,0.656,1.255,0.56,-1.055,-0.662,0.368,-0.785,1.869,0.265,0.219,-0.24,2.216,-0.135,1.564,0
28.0,2291.0,28158.0,4.8,46.0,5,0.121,1,663.0,1,4,0.283,855.0,7.3,528.0,12567.0,24,514.8,0.2247,0,1,2,2,0,0,39.0,-1.141,0.258,-0.975,-1.231,1.384,0.158,-0.271,0.944,-0.705,-1.108,-0.661,-0.929,1.119,-0.227,0.981,0
53.0,1041.0,13331.0,12.9,37.0,0,0.206,0,689.0,2,3,0.061,85.0,6.2,1130.0,9203.0,24,394.0,0.3785,0,0,2,3,2,0,97.0,0.734,-0.294,-1.31,0.074,-2.347,-0.537,0.114,0.74,-0.274,-0.144,-1.348,-0.481,-0.888,2.623,-1.134,0
35.0,1889.0,23167.0,7.5,35.0,4,0.495,0,679.0,1,2,0.36,664.0,10.7,2654.0,5409.0,36,150.9,0.0799,0,3,1,3,1,0,74.0,-1.092,1.426,-0.853,-0.681,0.102,-1.39,1.022,-0.419,1.783,-0.569,-0.673,-0.283,0.329,0.364,-1.457,0
36.0,4639.0,55337.0,1.1,33.0,6,0.244,1,607.0,0,3,0.291,2227.0,9.3,1594.0,44184.0,24,1825.1,0.3934,1,0,1,3,0,1,51.0,-1.518,1.326,-0.21,-0.87,-0.003,0.476,-0.955,0.785,-0.772,-2.421,1.774,-0.776,2.837,0.014,0.405,0
39.0,1666.0,20237.0,12.6,44.0,6,0.191,1,745.0,4,5,0.333,1098.0,4.0,1390.0,5680.0,24,239.5,0.1438,0,0,2,2,0,1,28.0,0.015,0.779,0.344,1.412,-0.977,1.368,-0.859,-0.634,1.467,1.248,-0.846,1.054,-1.748,0.668,-0.6,0
33.0,757.0,9100.0,3.1,59.0,4,0.276,0,685.0,1,2,0.344,248.0,5.9,1365.0,4033.0,24,169.2,0.2235,0,3,0,2,0,0,212.0,-0.578,-2.773,1.103,-0.757,-0.454,0.269,1.506,1.188,0.357,-0.649,-0.779,-2.13,-1.532,0.832,0.619,0
60.0,2174.0,27247.0,21.9,26.0,7,0.368,1,582.0,1,2,0.387,776.0,2.0,5426.0,15954.0,12,1307.5,0.6014,1,1,1,2,3,0,48.0,0.117,-1.016,0.468,-1.484,0.766,0.513,1.28,0.162,-0.342,-0.059,-0.656,0.185,0.079,-0.108,-1.829,1
35.0,882.0,10340.0,10.3,36.0,7,0.172,1,587.0,1,1,0.0,0.0,4.5,707.0,5434.0,12,459.3,0.5207,0,0,1,5,1,1,96.0,-2.266,-0.233,-0.399,0.352,-0.925,0.004,-0.618,1.455,-0.388,0.615,0.867,0.458,-1.54,-0.016,-0.144,1
48.0,1049.0,12371.0,7.0,46.0,5,0.617,1,543.0,1,1,0.713,213.0,2.9,463.0,3507.0,48,72.8,0.0694,1,1,1,2,1,1,181.0,-0.361,-0.093,-0.918,-1.496,-2.481,1.039,0.271,1.935,0.219,-0.019,0.223,0.164,0.736,1.358,0.681,0
37.0,1866.0,23333.0,3.5,21.0,5,0.653,2,497.0,2,2,0.468,824.0,1.0,710.0,14144.0,36,390.8,0.2094,0,1,1,4,2,0,115.0,0.534,-0.406,0.748,-1.548,-0.977,1.276,-0.566,0.489,-1.45,-0.355,0.342,-0.929,0.805,1.019,-0.956,0
52.0,1312.0,15959.0,21.0,41.0,7,0.465,0,608.0,3,2,0.345,478.0,8.2,1118.0,9398.0,36,260.0,0.1982,1,2,1,5,3,0,57.0,0.408,0.263,-0.032,0.403,-0.452,-1.333,-1.302,0.61,0.828,2.632,0.86,1.876,0.953,-1.496,0.354,0
37.0,747.0,9137.0,6.3,35.0,1,0.486,1,649.0,3,0,0.497,0.0,0.7,1497.0,6313.0,36,175.8,0.2353,0,3,0,5,1,0,38.0,1.302,-0.605,-0.856,1.083,0.344,-2.119,1.235,1.577,3.151,-0.061,-0.88,0.56,-1.362,-2.686,1.707,0
31.0,882.0,11125.0,4.6,53.0,1,0.254,0,624.0,0,1,0.167,49.0,5.4,812.0,6967.0,48,148.4,0.1683,0,0,0,3,1,1,49.0,-0.544,0.999,-0.866,-0.549,0.175,0.06,-0.698,0.621,0.563,-0.178,-0.134,0.538,1.045,0.107,0.643,0
56.0,1087.0,13735.0,16.6,32.0,6,0.127,1,704.0,4,0,0.0,0.0,2.2,1709.0,10259.0,48,226.8,0.2086,1,1,1,2,2,0,46.0,0.782,0.199,-0.902,0.811,-1.567,-0.505,-1.196,0.121,0.18,0.214,-0.985,0.012,-0.28,-0.341,-0.23,0
38.0,1020.0,11783.0,0.7,46.0,5,0.196,0,610.0,3,2,0.179,126.0,3.6,1417.0,9244.0,12,780.7,0.7654,1,2,1,3,3,0,91.0,0.101,-0.179,1.044,-0.438,-2.591,0.55,-0.285,-0.73,-0.223,0.175,-0.378,-0.395,0.15,-1.801,1.164,1
37.0,2627.0,30431.0,12.9,40.0,3,0.116,1,707.0,0,0,0.0,0.0,8.3,1476.0,3265.0,12,277.4,0.1056,1,1,1,5,3,1,103.0,-2.328,-1.951,-0.232,0.581,2.401,-2.384,0.453,0.105,-1.444,1.77,0.474,-0.554,0.272,1.251,-0.47,0
47.0,681.0,8330.0,9.6,39.0,3,0.533,1,618.0,0,2,0.413,158.0,11.6,386.0,1629.0,24,66.5,0.0977,0,2,0,4,1,1,121.0,-1.062,2.298,0.651,0.414,-0.659,-1.543,2.023,0.761,-0.037,-1.004,-1.093,0.91,0.139,0.205,-1.136,0
50.0,1141.0,13730.0,5.7,39.0,1,0.379,1,648.0,2,2,0.456,483.0,7.9,2657.0,8146.0,24,344.6,0.302,0,1,0,5,0,0,135.0,-0.479,1.966,1.764,-2.377,0.051,0.367,0.24,1.546,-0.05,-2.563,1.585,-1.253,0.894,-1.0,-1.529,0
29.0,1031.0,12367.0,3.9,43.0,4,0.691,0,613.0,2,2,0.658,541.0,5.8,536.0,9145.0,12,764.8,0.7418,1,1,1,2,1,1,105.0,1.994,-1.332,0.017,-0.597,0.448,-0.7,-0.617,-0.214,-0.031,1.136,-0.923,0.092,0.057,-0.138,0.476,1
20.0,1026.0,12423.0,0.0,46.0,7,0.447,1,650.0,0,4,0.353,573.0,6.6,1574.0,5811.0,24,244.3,0.2381,0,2,1,2,3,1,69.0,-1.564,-1.031,1.601,1.461,0.077,0.431,0.603,-2.214,2.027,-0.065,-1.621,-0.115,0.158,-0.029,-0.233,0
46.0,2171.0,26609.0,0.9,37.0,2,0.476,3,532.0,2,0,0.29,0.0,2.1,2474.0,4657.0,24,197.3,0.0909,1,0,0,4,2,0,35.0,0.017,-0.385,-1.077,-0.258,-1.045,-0.171,-1.098,0.021,1.471,-0.155,0.119,0.826,-0.365,-0.686,-1.7,0
20.0,1743.0,21286.0,0.0,36.0,1,0.412,0,710.0,2,3,0.244,617.0,11.9,4188.0,3365.0,12,280.3,0.1608,1,0,0,4,1,1,53.0,0.538,-1.81,-1.557,0.178,0.292,2.763,-0.639,-2.424,0.76,1.824,2.56,0.605,-0.109,0.97,-0.361,0
50.0,1779.0,21199.0,12.4,45.0,4,0.3,1,706.0,3,3,0.0,0.0,9.2,1733.0,10217.0,36,281.9,0.1585,0,0,0,5,1,0,3.0,-0.639,-0.541,0.009,1.15,2.092,-0.144,-0.56,-0.359,-1.177,-0.956,0.542,0.284,-0.308,-0.654,0.492,0
34.0,3890.0,45729.0,7.0,26.0,7,0.378,0,698.0,0,0,0.426,0.0,8.9,1445.0,13777.0,12,1110.8,0.2856,0,0,2,5,1,1,136.0,0.462,1.336,-0.822,0.46,-0.77,0.403,-0.844,-0.944,-0.143,0.421,0.384,0.043,-0.689,-0.068,0.955,0
39.0,2210.0,26099.0,4.3,40.0,0,0.528,0,684.0,1,2,0.403,978.0,1.9,2040.0,16719.0,36,465.7,0.2107,0,0,2,2,0,0,139.0,0.909,-0.01,0.264,-1.73,1.047,-2.283,-0.698,-0.534,0.053,-1.638,-0.51,0.188,-0.792,0.818,-1.636,0
59.0,1893.0,22636.0,1.8,37.0,2,0.502,0,694.0,3,2,0.302,420.0,0.8,1358.0,1973.0,48,40.1,0.0212,0,2,0,3,1,0,69.0,0.458,-2.436,0.087,0.588,-1.337,-1.106,1.988,1.01,0.157,-0.357,0.687,-0.094,2.289,0.258,0.404,0
40.0,2232.0,26712.0,13.3,27.0,3,0.142,2,601.0,4,0,0.223,0.0,3.8,2190.0,9303.0,12,751.7,0.3368,0,2,1,2,2,1,61.0,-0.694,0.135,0.089,-1.337,0.244,0.71,0.366,1.222,0.441,-0.894,2.393,0.406,0.08,0.067,0.192,0
39.0,1213.0,14431.0,13.2,38.0,5,0.394,0,694.0,0,2,0.497,329.0,2.6,1353.0,3115.0,24,130.0,0.1072,0,2,0,2,1,0,158.0,0.903,-1.319,-0.779,-1.644,-0.094,1.26,0.087,-0.796,-0.77,-1.981,-1.157,-0.762,-0.947,2.661,1.659,0
38.0,1400.0,17103.0,6.7,48.0,2,0.804,3,461.0,4,0,0.705,0.0,3.7,407.0,8705.0,24,367.1,0.2622,0,1,1,3,0,1,29.0,0.937,-1.748,1.377,-0.086,0.442,-1.026,0.54,0.72,-0.02,-1.787,-1.939,0.474,-2.849,-0.008,-1.031,1
43.0,1329.0,16269.0,5.7,54.0,3,0.102,1,648.0,2,2,0.043,54.0,5.3,177.0,8919.0,24,378.1,0.2845,0,3,2,4,2,1,35.0,-1.643,-0.602,-0.009,-0.15,-0.285,-0.916,-0.646,-0.841,-0.636,-0.268,0.599,-0.99,1.104,-0.069,1.029,0
46.0,1401.0,16376.0,2.3,41.0,5,0.234,0,689.0,0,2,0.258,279.0,1.2,3309.0,13791.0,36,367.2,0.2621,0,0,0,4,0,0,25.0,1.072,-0.682,0.199,-1.047,-1.202,-2.016,-0.257,-0.712,1.148,1.006,-0.949,-1.214,-1.914,0.34,0.783,0
35.0,1028.0,12752.0,2.2,30.0,1,0.069,0,749.0,4,1,0.0,0.0,5.1,539.0,3314.0,24,144.2,0.1403,1,0,1,2,1,1,54.0,-0.002,-2.034,-0.855,1.207,0.581,0.305,-0.52,-0.677,-0.563,1.874,0.491,-0.017,2.652,0.35,-0.196,0
49.0,1431.0,17084.0,10.9,25.0,6,0.292,0,617.0,2,2,0.247,314.0,4.0,1764.0,14090.0,60,235.5,0.1646,0,1,1,2,0,0,65.0,-1.439,-1.494,0.917,-0.045,0.477,-0.095,1.094,-0.754,-0.292,0.368,1.8,2.097,0.532,0.591,-0.34,0
53.0,1845.0,23057.0,23.5,47.0,2,0.462,1,557.0,2,3,0.508,695.0,6.3,3356.0,3742.0,24,154.6,0.0838,0,3,2,3,3,0,84.0,-1.689,0.678,-2.075,0.028,0.705,2.486,-1.473,0.202,-1.209,0.393,0.343,-0.631,-0.146,0.249,-0.532,0
35.0,3346.0,40187.0,15.1,53.0,5,1.0,1,550.0,3,5,0.989,8003.0,3.5,456.0,5814.0,12,477.9,0.1428,1,0,1,3,0,0,187.0,0.927,0.277,1.132,-0.662,0.951,-1.276,0.863,-0.169,-0.526,-0.626,-1.793,-0.176,0.974,-0.46,1.339,0
56.0,4411.0,54968.0,31.5,29.0,7,0.71,1,593.0,2,2,0.797,2456.0,4.5,2653.0,42821.0,48,890.2,0.2018,0,0,0,4,2,1,22.0,0.239,-0.091,-0.354,1.587,0.474,-1.016,0.011,1.084,-0.779,-0.7,-0.76,-1.414,-0.214,0.888,-0.014,0
36.0,1884.0,22500.0,1.6,32.0,3,0.649,3,545.0,2,2,0.537,575.0,6.6,401.0,15528.0,48,322.6,0.1712,1,1,1,2,1,0,39.0,1.727,-0.13,0.914,-0.499,0.898,0.177,0.27,-0.092,-0.362,-0.019,0.259,0.41,-0.034,0.969,-0.128,0
24.0,1611.0,18646.0,1.2,43.0,4,0.411,1,580.0,1,1,0.243,141.0,5.4,430.0,3345.0,12,283.3,0.1759,0,2,1,3,0,0,193.0,-0.635,-0.803,0.473,0.474,-0.877,-0.301,-0.51,-0.386,0.446,1.314,-0.634,0.583,0.581,-0.646,0.239,0
44.0,1181.0,14411.0,11.0,48.0,5,0.699,2,518.0,2,2,0.682,748.0,11.2,671.0,6879.0,12,583.4,0.494,0,0,1,4,1,0,212.0,0.364,-0.02,0.082,-1.907,0.849,-1.163,-0.354,1.025,-0.515,0.931,-0.162,-0.455,-0.493,-1.177,-0.853,1
37.0,1751.0,20650.0,10.4,38.0,5,0.025,0,732.0,1,2,0.117,222.0,11.4,190.0,12732.0,24,546.7,0.3122,1,2,0,3,2,0,117.0,-1.228,-1.145,-0.561,-1.95,0.408,-0.578,0.725,0.55,-0.801,-0.971,-0.149,1.13,-0.812,1.831,0.163,0
48.0,828.0,10149.0,8.2,37.0,2,0.232,1,612.0,4,3,0.244,206.0,4.8,644.0,7658.0,36,218.9,0.2644,0,1,0,3,2,1,78.0,0.864,0.019,-1.262,0.468,0.149,0.782,1.044,0.324,-1.485,1.117,-0.82,-0.332,-0.288,1.689,0.535,0
43.0,1792.0,22111.0,10.7,42.0,0,0.397,0,669.0,1,2,0.258,351.0,3.8,2042.0,13885.0,48,293.2,0.1636,1,2,2,3,1,1,124.0,0.07,-1.742,-0.642,1.079,0.38,1.949,2.093,1.233,-0.3,-0.432,0.391,-0.147,0.358,-0.644,-1.853,0
52.0,995.0,12011.0,10.3,35.0,5,0.272,1,657.0,2,1,0.312,167.0,20.2,1074.0,2282.0,24,91.7,0.0922,0,0,1,2,1,1,65.0,-0.807,-0.668,-0.978,0.216,-1.307,0.201,-0.292,-0.635,-0.802,1.559,0.553,-1.574,-0.585,-0.899,0.347,0
54.0,493.0,6231.0,26.9,38.0,1,0.408,1,627.0,1,3,0.483,355.0,4.9,706.0,2628.0,24,111.6,0.2264,0,0,2,4,0,1,308.0,-1.514,-1.052,-0.773,-0.07,-1.097,-0.575,0.864,0.401,1.446,0.936,-0.522,1.035,-0.361,0.18,0.3,0
38.0,2174.0,24832.0,6.2,38.0,3,0.444,1,572.0,2,4,0.406,1156.0,6.3,1172.0,10737.0,24,457.6,0.2105,0,0,1,2,0,0,41.0,-1.876,1.071,-0.271,0.275,0.383,0.256,0.908,-0.288,-1.447,0.952,0.106,-0.41,-1.174,-0.505,-0.124,0
35.0,1084.0,12363.0,12.5,29.0,4,0.183,0,681.0,1,1,0.117,50.0,5.2,700.0,5967.0,48,123.1,0.1136,1,3,1,3,1,1,40.0,-0.204,-0.711,-1.231,1.905,-2.318,1.194,1.806,-0.15,-0.144,0.761,0.035,-0.121,1.398,-2.21,0.026,0
44.0,1777.0,21710.0,9.0,41.0,5,0.394,0,691.0,3,2,0.229,382.0,5.6,3373.0,14835.0,24,628.7,0.3538,0,0,0,3,0,0,34.0,-1.886,0.412,0.16,-1.393,-0.482,2.355,0.987,-1.385,-0.195,-1.434,0.43,1.151,-0.014,0.061,0.258,0
29.0,916.0,10478.0,0.5,52.0,3,0.235,0,688.0,1,3,0.405,434.0,7.2,819.0,8693.0,24,351.4,0.3836,0,2,0,2,0,0,245.0,0.404,-0.036,-0.653,-1.697,0.248,0.219,0.723,-1.911,0.513,0.978,-1.076,0.446,-2.331,0.268,-1.407,1
36.0,1032.0,12515.0,10.4,39.0,1,0.331,0,716.0,1,1,0.392,143.0,6.3,770.0,5549.0,24,229.5,0.2224,0,1,1,5,0,0,70.0,0.858,0.003,0.963,2.745,0.879,-1.328,-0.478,0.083,1.379,-0.909,-0.306,1.203,-1.199,-0.123,0.364,0
45.0,2351.0,27406.0,2.7,43.0,0,0.48,2,583.0,2,5,0.403,2206.0,5.9,339.0,4083.0,24,167.3,0.0712,0,0,1,2,0,1,58.0,0.545,0.112,0.754,0.654,-0.46,0.665,1.76,0.211,-0.515,0.74,1.313,1.198,0.206,1.249,-0.149,0
44.0,737.0,8581.0,10.6,39.0,3,0.253,0,713.0,1,1,0.13,49.0,2.2,558.0,4044.0,24,171.4,0.2326,1,0,0,2,2,0,2.0,-0.621,-0.44,1.205,0.074,0.093,-0.58,1.194,-0.955,0.376,-1.624,0.013,0.158,-1.421,-1.067,-0.166,0
48.0,1115.0,12451.0,4.2,54.0,4,0.1,0,704.0,2,3,0.172,139.0,13.3,295.0,6028.0,48,123.3,0.1106,0,0,0,3,1,1,18.0,1.915,-0.004,-0.664,-1.468,-0.259,0.719,-0.555,2.019,0.189,-0.418,1.532,0.351,0.685,-1.822,1.359,0
34.0,2305.0,27781.0,5.6,56.0,6,0.209,1,740.0,2,2,0.016,33.0,2.6,8853.0,16744.0,36,466.7,0.2025,1,3,2,3,0,0,29.0,-0.038,-0.722,0.618,2.789,2.133,-0.931,0.518,-0.114,0.273,0.824,-0.273,-1.785,-0.697,-0.123,-1.345,0
20.0,2079.0,24663.0,0.0,53.0,7,0.236,0,615.0,1,4,0.267,944.0,4.1,3482.0,12747.0,24,530.7,0.2553,0,0,1,5,2,0,107.0,-1.485,1.161,-1.04,2.615,-1.055,2.25,0.262,-0.107,1.057,2.246,-0.886,-0.761,0.213,0.367,0.418,0
65.0,2123.0,25706.0,8.7,33.0,1,0.577,0,668.0,1,1,0.361,405.0,6.3,331.0,18155.0,36,503.9,0.2374,0,1,0,3,0,0,222.0,0.936,-0.64,0.948,1.578,0.32,0.01,-1.897,1.867,-0.948,0.375,0.79,0.723,-0.535,-0.794,0.59,0
32.0,1225.0,14971.0,1.9,36.0,1,0.691,1,552.0,4,2,0.695,608.0,14.6,2149.0,7054.0,36,190.7,0.1557,0,0,1,2,2,1,109.0,0.694,-0.378,-0.365,1.549,1.403,1.925,0.609,-0.831,1.165,-0.176,1.229,0.793,-1.241,2.146,-0.879,0
27.0,1629.0,18740.0,4.3,33.0,2,0.396,1,658.0,1,2,0.491,667.0,19.3,1690.0,5306.0,48,108.1,0.0664,0,2,2,3,2,0,42.0,0.634,-0.157,-1.669,-1.451,0.744,1.281,-0.03,0.831,-1.72,1.043,1.689,-0.724,-0.125,0.373,0.824,0
37.0,3138.0,37345.0,16.0,41.0,2,0.302,0,678.0,2,0,0.3,0.0,7.9,1683.0,12988.0,60,212.6,0.0678,1,1,1,5,5,1,34.0,-0.635,1.382,-0.054,-1.163,-1.49,0.866,-0.15,-0.035,-1.496,0.303,0.781,1.962,-0.893,0.351,-0.099,0
59.0,759.0,9687.0,22.3,39.0,3,0.59,0,631.0,1,0,0.465,0.0,8.1,1810.0,2520.0,24,106.6,0.1404,1,1,3,3,0,0,31.0,-0.797,-0.959,-0.092,-0.328,1.703,-0.449,-1.095,0.991,0.051,0.534,-0.687,0.065,-0.731,-1.345,-0.276,0
43.0,1788.0,21278.0,5.4,39.0,2,0.414,0,698.0,2,1,0.472,457.0,3.1,1680.0,11874.0,36,334.5,0.1871,0,2,0,3,1,1,91.0,-0.431,-0.244,-0.255,1.041,0.997,0.987,0.803,0.673,1.656,-0.216,-1.277,0.198,-0.196,-0.394,1.548,0
35.0,528.0,6335.0,2.6,29.0,7,0.225,2,680.0,3,4,0.341,262.0,6.6,435.0,1045.0,48,21.5,0.0407,0,0,1,4,0,1,38.0,-0.36,-0.044,0.017,-1.472,-0.043,-0.61,0.147,-0.325,-0.749,0.304,-2.442,1.961,-0.581,0.579,1.194,0
26.0,375.0,4387.0,2.5,52.0,7,0.402,1,604.0,1,2,0.445,132.0,14.7,141.0,960.0,60,16.2,0.0432,1,2,1,3,1,0,88.0,0.739,-0.035,1.067,0.797,-0.494,0.237,1.787,-1.768,0.149,0.801,-1.461,0.931,-0.096,0.046,0.284,0
52.0,996.0,11029.0,18.9,29.0,6,0.488,0,662.0,2,1,0.436,111.0,10.0,674.0,4405.0,36,118.6,0.1191,1,1,2,3,0,0,9.0,-0.401,-0.111,0.747,-0.054,0.474,-2.017,-1.927,0.977,0.517,-0.004,-1.117,-1.792,1.55,-0.339,-1.051,0
52.0,698.0,8345.0,19.3,37.0,2,0.211,0,764.0,2,2,0.31,169.0,2.3,799.0,4077.0,48,82.7,0.1185,1,2,1,4,2,0,23.0,0.175,-0.381,0.28,-0.738,-0.378,-1.712,-1.182,0.476,0.099,0.306,-1.349,-0.47,0.015,-1.408,3.323,0
26.0,1055.0,12873.0,1.7,27.0,3,0.173,2,594.0,4,3,0.243,234.0,14.5,1100.0,8427.0,36,233.2,0.221,0,3,3,4,0,1,29.0,1.511,-1.092,0.734,-1.251,-0.897,-0.054,-0.739,0.892,0.98,-1.083,0.605,0.205,1.005,-2.016,-0.961,0
49.0,1355.0,16824.0,8.2,36.0,1,0.724,1,615.0,1,3,0.635,742.0,11.6,5944.0,9402.0,48,197.3,0.1456,0,2,2,2,0,0,400.0,0.874,-2.115,-0.525,-0.781,0.943,-0.92,1.049,2.31,0.021,-0.357,0.841,1.191,1.494,0.328,1.853,0
47.0,1243.0,15138.0,13.6,59.0,0,0.444,4,468.0,1,2,0.488,363.0,3.8,413.0,12348.0,12,995.3,0.8007,0,0,1,1,1,0,113.0,-0.872,-2.648,-0.579,0.888,0.072,0.962,1.257,-0.802,0.127,0.499,1.579,0.228,0.957,0.542,-1.29,1
50.0,3329.0,39779.0,3.1,54.0,7,0.944,2,561.0,1,2,0.936,2706.0,6.9,1548.0,24900.0,24,1033.9,0.3106,0,0,0,3,3,0,107.0,0.665,1.134,1.401,2.67,0.01,-0.655,-0.997,0.016,-0.837,-0.213,0.469,0.482,0.338,-0.495,0.965,1
46.0,1185.0,14745.0,9.5,39.0,4,0.245,1,678.0,2,2,0.365,211.0,6.6,764.0,10512.0,60,172.9,0.1459,0,1,0,1,1,1,78.0,-1.806,-2.326,-0.167,-1.754,-0.531,1.335,1.144,1.701,2.028,-0.011,1.274,0.687,-0.129,-0.942,0.228,0
31.0,905.0,10824.0,2.0,42.0,2,0.556,3,506.0,2,3,0.472,392.0,3.5,499.0,8586.0,24,338.2,0.3737,1,0,0,2,0,0,30.0,-1.159,-0.611,0.036,1.46,0.303,1.514,1.109,-1.585,-0.495,-0.756,0.595,1.391,1.515,-0.865,0.18,1
34.0,1836.0,21561.0,7.8,44.0,0,0.669,1,599.0,2,2,0.596,660.0,8.1,2123.0,17588.0,12,1468.6,0.7999,1,0,0,2,2,0,23.0,0.241,1.519,0.597,3.065,1.075,0.175,0.022,-0.615,0.768,-1.077,-0.908,-1.297,0.136,1.376,-0.513,1
20.0,910.0,10968.0,0.0,53.0,7,0.426,1,592.0,2,6,0.414,562.0,11.2,65.0,1743.0,24,72.1,0.0792,0,0,2,4,1,1,144.0,-1.493,2.32,1.343,1.161,1.588,-0.734,-0.542,0.326,0.239,-0.411,-1.285,1.119,-0.455,-2.31,0.224,0
52.0,1327.0,15679.0,8.3,40.0,6,0.306,3,562.0,3,3,0.401,479.0,21.8,1059.0,11394.0,48,238.5,0.1797,1,2,2,1,1,0,52.0,0.376,0.275,0.917,0.894,-0.531,-0.628,-0.459,-0.594,-1.114,-0.067,0.096,-0.554,-0.58,-0.103,-0.713,0
32.0,1773.0,22008.0,4.9,38.0,4,0.276,2,594.0,3,2,0.241,437.0,9.4,2517.0,13484.0,24,564.2,0.3182,1,0,1,4,0,0,76.0,-1.868,-0.077,1.149,-1.686,0.39,-0.955,-0.157,-0.2,0.893,0.337,-0.24,-0.232,0.675,0.779,-0.038,0
35.0,1908.0,22178.0,7.5,53.0,4,0.21,0,751.0,2,1,0.205,106.0,3.7,1527.0,12865.0,48,270.3,0.1417,0,2,0,2,0,0,34.0,-2.141,0.162,0.679,-1.002,1.37,0.328,-1.555,0.039,-1.177,-0.532,0.689,-0.14,-0.137,-0.732,0.591,0
38.0,1203.0,14288.0,10.8,38.0,0,0.335,1,613.0,2,2,0.268,166.0,5.3,1107.0,9440.0,12,753.8,0.6266,0,1,0,2,0,1,74.0,-1.114,-0.833,-1.346,-0.831,1.335,0.034,-0.841,0.084,0.93,0.638,-0.285,-1.226,-0.281,-1.045,-2.206,1
43.0,2033.0,24702.0,15.8,33.0,1,0.16,0,650.0,3,4,0.282,757.0,8.9,1893.0,10462.0,36,288.1,0.1417,1,3,1,2,0,0,56.0,1.98,-2.375,-0.047,0.303,-1.435,-0.4,-1.846,0.3,0.952,0.251,0.257,2.01,1.656,0.98,0.194,0
20.0,2941.0,36401.0,0.0,40.0,3,0.095,1,675.0,1,1,0.008,10.0,4.3,911.0,12509.0,36,328.5,0.1117,1,0,1,3,0,0,236.0,-1.989,-1.681,0.834,0.45,-0.547,-0.861,-1.04,1.677,-0.765,0.441,1.452,-0.775,-1.017,-1.236,2.154,0
40.0,523.0,6234.0,2.1,42.0,2,0.097,0,727.0,2,0,0.182,0.0,8.5,289.0,1565.0,12,132.2,0.2528,0,3,3,4,0,0,120.0,-1.676,1.094,-2.85,0.563,1.03,0.628,-0.572,0.022,-0.494,-0.323,-0.011,1.059,0.85,0.502,0.528,0
20.0,1752.0,19776.0,0.0,33.0,6,0.229,1,644.0,3,3,0.277,531.0,4.6,6082.0,8933.0,48,184.8,0.1055,1,1,0,4,2,1,21.0,-2.358,-0.898,-0.607,0.345,1.065,-1.034,0.908,-0.614,-0.539,-0.029,0.559,-0.353,-1.341,1.466,-0.212,0
28.0,1104.0,12815.0,5.3,36.0,7,0.673,1,557.0,0,5,0.59,1176.0,5.5,2532.0,1156.0,36,31.6,0.0286,1,0,1,2,1,0,19.0,1.164,1.488,-2.404,-0.694,-0.88,2.652,1.012,-0.705,2.472,-0.434,-1.655,-0.245,0.515,-0.31,-1.538,0
34.0,465.0,5785.0,7.1,40.0,3,0.306,0,688.0,1,3,0.549,261.0,1.9,216.0,3224.0,48,65.7,0.1413,0,0,1,5,2,1,146.0,0.026,-0.756,-1.984,-0.061,-0.963,0.562,-0.143,-1.065,-0.276,-0.287,-0.106,0.872,0.414,1.418,1.628,0
40.0,1258.0,14921.0,16.0,40.0,1,0.439,0,679.0,1,2,0.355,223.0,1.8,847.0,4315.0,60,74.2,0.059,0,2,1,5,1,0,223.0,-0.327,-0.059,-1.229,1.049,0.735,-0.892,0.619,0.447,0.498,-1.31,-0.44,0.553,-0.902,0.157,-0.134,0
35.0,1268.0,15541.0,6.9,34.0,6,0.264,1,659.0,2,0,0.196,0.0,14.5,1148.0,4844.0,12,403.4,0.3181,0,1,0,4,2,1,19.0,1.475,-0.313,-1.291,-0.679,-1.209,0.319,-0.028,0.815,0.466,1.834,0.6,0.321,-0.39,0.268,-0.408,1
32.0,2549.0,30507.0,5.8,34.0,6,0.478,0,747.0,0,3,0.393,1660.0,6.3,972.0,18020.0,36,499.5,0.196,1,2,1,2,2,0,62.0,-1.284,-1.073,0.223,-1.268,-1.937,0.972,-0.051,1.308,0.655,0.817,-0.021,-0.336,-2.084,0.211,0.463,0
44.0,964.0,12414.0,14.1,52.0,7,0.238,1,674.0,2,3,0.465,518.0,14.0,436.0,7225.0,36,196.4,0.2037,0,0,0,2,1,0,125.0,1.607,-2.124,-0.91,-0.595,-0.194,-0.917,-0.744,-0.033,0.519,-1.117,-0.941,-1.495,0.006,-1.604,2.347,0
39.0,1798.0,21041.0,6.0,39.0,4,0.398,2,525.0,5,3,0.103,144.0,5.1,1490.0,17365.0,60,299.1,0.1664,0,2,0,5,2,0,52.0,0.041,-1.267,0.589,-1.253,0.117,0.195,-1.299,-1.707,0.661,1.216,-0.186,0.672,-1.1,-0.256,-1.24,0
57.0,2308.0,29046.0,31.5,48.0,7,0.355,0,626.0,1,1,0.207,224.0,4.1,1249.0,3478.0,12,274.8,0.1191,0,0,0,3,0,1,89.0,-0.071,2.317,-0.987,1.008,-0.927,0.859,0.882,-1.905,1.761,-1.011,0.726,-0.091,1.201,-0.154,-1.103,0
44.0,1604.0,19699.0,21.5,32.0,6,0.246,0,684.0,3,1,0.141,55.0,11.8,1351.0,2400.0,36,65.4,0.0408,1,0,0,1,0,1,63.0,0.015,0.104,-0.287,-0.792,0.324,-0.79,-0.18,-0.194,-1.503,0.935,-0.098,0.924,0.65,0.37,1.007,0
39.0,476.0,5677.0,14.3,53.0,5,0.305,0,736.0,0,2,0.142,71.0,7.3,1200.0,2507.0,24,106.2,0.2231,1,1,0,3,1,1,49.0,-1.185,0.428,0.551,1.726,-0.193,-1.28,-0.547,0.581,0.625,1.13,1.582,-0.287,-2.111,1.088,-0.504,1
29.0,1150.0,13946.0,6.8,35.0,2,0.383,0,686.0,1,0,0.419,0.0,5.0,2674.0,1155.0,12,97.6,0.0849,1,1,1,4,1,1,202.0,-0.242,-1.058,1.602,-1.214,-0.167,-0.355,-0.504,0.263,-0.569,0.279,-2.168,2.123,-0.204,1.087,-1.369,0
37.0,1691.0,19743.0,3.1,38.0,7,0.17,0,745.0,0,2,0.19,165.0,13.3,1002.0,11010.0,36,318.5,0.1884,1,1,1,4,0,1,36.0,-0.237,0.768,0.967,-0.518,-0.148,2.415,-0.682,-1.695,1.841,-0.081,0.962,0.99,1.568,2.007,0.796,0
39.0,1007.0,11899.0,17.9,36.0,5,0.338,1,659.0,3,0,0.415,0.0,7.0,927.0,4471.0,24,189.4,0.1881,1,2,0,3,0,0,97.0,-0.276,1.539,1.009,1.414,-0.27,-0.014,1.17,-2.051,-0.663,-0.045,-0.595,0.291,0.641,1.132,-1.152,0
44.0,950.0,11385.0,10.9,43.0,3,0.272,5,523.0,6,1,0.163,81.0,3.2,332.0,2789.0,36,76.9,0.0809,1,3,0,2,0,1,93.0,0.256,-0.066,0.733,-0.877,-1.227,1.119,0.69,-1.527,-0.434,0.419,1.122,-0.913,0.332,-0.018,0.088,0
31.0,2129.0,26827.0,6.6,27.0,0,0.647,1,570.0,0,5,0.722,2216.0,5.8,5402.0,17973.0,48,363.2,0.1706,1,0,1,3,2,1,35.0,1.549,0.001,1.461,-0.197,-0.203,-0.988,0.585,-2.05,-0.887,-0.501,-1.835,0.043,-0.511,-1.232,3.017,0
68.0,2091.0,25106.0,6.3,38.0,5,0.191,1,679.0,4,1,0.243,157.0,10.3,1109.0,15945.0,36,448.4,0.2144,1,1,1,1,1,1,85.0,-0.368,-1.028,0.073,-0.293,0.125,1.161,1.701,-1.299,0.491,-0.673,-0.934,-0.926,0.04,0.428,0.826,1
23.0,673.0,8035.0,0.6,44.0,0,0.62,1,566.0,1,2,0.329,136.0,11.6,408.0,4411.0,48,92.1,0.1368,0,3,1,3,0,1,165.0,-0.612,-1.611,-1.062,-0.008,0.459,0.929,-1.205,0.833,0.574,1.629,-0.312,-0.198,0.444,-2.123,-0.035,0
28.0,1323.0,15713.0,0.9,49.0,5,0.523,1,566.0,0,2,0.418,575.0,2.4,1916.0,3578.0,12,303.7,0.2296,0,2,1,4,2,1,95.0,-0.146,-1.01,-0.954,-0.744,0.858,-0.057,-0.532,-0.717,0.448,-0.32,-0.869,-0.874,1.733,0.398,-1.005,0
31.0,858.0,9867.0,4.4,33.0,4,0.521,1,557.0,2,4,0.412,490.0,3.7,1050.0,1780.0,12,149.3,0.174,0,3,1,4,0,1,17.0,-0.068,-0.541,0.958,0.549,0.355,1.906,-0.559,1.676,-0.071,0.144,0.376,0.732,1.14,0.307,-1.855,0
43.0,1935.0,23064.0,10.4,39.0,5,0.096,0,711.0,3,1,0.0,0.0,10.1,6433.0,15998.0,24,689.1,0.3561,0,0,1,3,2,1,77.0,0.47,-1.003,0.688,-0.661,1.103,-0.02,-0.44,0.474,0.475,-0.32,0.381,-0.985,0.498,-1.544,0.542,0
53.0,1163.0,14427.0,25.7,29.0,3,0.369,2,567.0,1,1,0.34,211.0,0.9,1531.0,10924.0,48,223.1,0.1918,1,1,1,2,0,1,210.0,1.361,1.039,-1.212,0.065,0.084,-0.944,-1.021,0.61,-0.184,-2.057,0.565,0.814,2.032,0.537,-1.035,0
61.0,1313.0,15907.0,10.5,49.0,5,0.516,0,645.0,2,3,0.641,761.0,19.3,552.0,7975.0,12,661.8,0.504,1,0,1,2,2,1,101.0,0.663,0.057,-0.595,1.767,-0.673,-0.93,0.858,-0.316,0.243,0.658,-0.383,-0.85,1.307,-0.066,2.1,1
41.0,1235.0,14372.0,6.6,33.0,0,0.094,0,708.0,3,4,0.032,61.0,16.3,553.0,1906.0,36,52.0,0.0421,0,1,0,2,1,0,84.0,0.124,-1.942,0.404,1.501,0.376,-1.638,-0.513,-2.228,0.851,-1.353,-0.204,-2.483,-1.895,-1.29,-1.232,0
32.0,2482.0,30429.0,4.8,60.0,2,0.323,1,623.0,3,1,0.375,477.0,7.4,8259.0,18139.0,24,762.5,0.3072,1,3,0,4,3,0,65.0,-0.025,0.734,0.97,0.504,-0.832,0.342,0.395,0.088,-0.298,-0.153,0.037,-0.258,-0.785,1.5,-0.444,1
49.0,1003.0,12084.0,3.5,33.0,3,0.558,1,618.0,3,3,0.442,396.0,8.2,1015.0,8283.0,48,169.2,0.1687,1,3,1,1,1,1,226.0,1.443,0.138,-0.805,0.827,-0.325,-0.788,-0.546,1.554,-0.921,0.067,-0.306,-0.226,-0.362,0.009,-0.587,0
51.0,1511.0,17955.0,9.7,46.0,6,0.501,0,701.0,0,5,0.491,1472.0,5.7,1781.0,4682.0,48,98.1,0.0649,0,0,1,2,1,0,34.0,0.085,1.26,-0.708,0.954,0.196,0.044,0.205,-0.88,-0.488,-0.707,-0.774,0.766,-0.771,-0.949,-2.18,0
44.0,936.0,10903.0,15.0,44.0,6,0.181,0,733.0,0,3,0.091,125.0,3.6,881.0,6123.0,48,127.3,0.136,0,2,1,2,2,1,123.0,1.381,2.39,-1.573,-0.05,-1.039,-0.855,-0.6,1.034,-0.587,-0.944,-0.349,-0.202,0.845,0.914,1.18,0
47.0,2007.0,24333.0,8.1,46.0,5,0.359,1,618.0,1,2,0.117,122.0,5.7,988.0,19601.0,24,801.6,0.3994,1,3,2,2,0,0,18.0,-0.398,0.08,-0.491,0.097,0.568,-1.438,-0.035,-1.594,-0.872,0.002,0.103,-0.389,-0.088,1.26,0.043,0
49.0,1533.0,18780.0,8.7,51.0,7,0.261,0,706.0,1,2,0.478,681.0,16.2,354.0,9318.0,12,779.4,0.5084,0,0,1,1,0,0,12.0,0.268,-0.134,-0.296,0.55,-0.127,1.877,1.322,-1.573,0.418,-0.339,0.728,-2.378,-0.21,-0.85,-1.436,0
29.0,2471.0,30422.0,1.7,35.0,7,0.55,3,510.0,2,3,0.492,1454.0,6.8,2217.0,9099.0,36,260.0,0.1052,0,0,1,1,3,0,56.0,1.216,-0.628,-0.917,0.074,-1.026,0.061,-0.329,0.523,0.103,0.167,0.676,1.127,-1.234,1.141,0.504,1
52.0,1520.0,18629.0,17.8,30.0,4,0.467,2,610.0,1,2,0.4,378.0,9.7,4148.0,6795.0,36,187.5,0.1234,0,2,0,3,1,0,89.0,-0.752,0.297,0.219,-1.624,0.08,0.244,0.416,0.892,2.029,-0.044,-1.688,-0.411,0.371,0.045,-1.008,1
40.0,1047.0,12544.0,9.9,43.0,5,0.244,0,607.0,0,4,0.212,336.0,3.8,1308.0,5557.0,48,119.3,0.1139,0,2,0,2,1,0,170.0,-0.507,-0.47,0.717,-0.047,-0.374,0.819,1.112,0.529,-0.265,-1.049,-0.75,-0.288,-0.737,1.13,-0.635,0
33.0,1318.0,16806.0,9.0,54.0,2,0.449,1,543.0,3,0,0.42,0.0,7.2,708.0,2263.0,48,46.6,0.0354,0,0,0,2,1,0,185.0,-2.467,-0.262,1.089,1.364,-0.328,0.436,1.711,-0.302,-1.68,-0.227,-0.171,0.732,0.161,-0.511,0.01,1
39.0,872.0,10195.0,12.6,39.0,7,0.061,0,662.0,1,1,0.281,97.0,1.0,1051.0,1959.0,12,162.7,0.1866,0,1,1,1,2,1,115.0,0.283,-1.113,-0.288,-0.774,1.235,-0.076,2.287,-0.451,-0.844,0.942,-0.61,-0.696,-0.127,0.736,-0.732,1
34.0,1891.0,22128.0,3.1,35.0,6,0.693,1,640.0,2,1,0.561,592.0,1.2,1716.0,17554.0,36,496.1,0.2623,0,2,1,5,1,0,67.0,0.39,1.556,-0.45,-0.741,-0.966,-0.301,-0.353,-1.134,0.023,0.525,-0.368,-0.591,-0.483,-1.359,-1.37,0
29.0,1488.0,17405.0,4.2,37.0,0,0.398,2,580.0,0,1,0.0,0.0,2.0,709.0,4936.0,60,81.6,0.0548,0,2,0,3,1,0,129.0,-2.097,-2.548,-0.472,1.465,0.557,0.223,-1.485,0.014,-1.401,0.791,-0.749,-0.639,-1.106,0.042,-1.082,1
41.0,1264.0,15307.0,7.0,55.0,1,0.451,0,571.0,1,2,0.376,250.0,3.6,1205.0,5035.0,24,217.8,0.1723,1,3,0,4,1,0,11.0,2.383,-0.135,-0.073,-0.599,0.362,1.513,0.633,-0.6,1.52,-1.642,0.501,0.742,0.681,-1.551,-0.477,0
20.0,908.0,10452.0,0.0,42.0,5,0.501,0,742.0,0,0,0.302,0.0,4.0,221.0,6383.0,36,178.7,0.1968,1,2,0,3,2,0,22.0,-0.188,-2.634,1.029,0.033,-0.281,0.654,0.942,-2.274,-0.119,-1.698,1.937,1.65,-2.117,0.45,0.21,0
20.0,1094.0,12584.0,0.0,28.0,5,0.059,1,652.0,6,3,0.085,141.0,9.0,892.0,9429.0,36,262.0,0.2395,1,0,1,2,0,1,140.0,-0.107,-1.038,-1.206,1.595,-0.873,0.907,0.256,-0.445,0.648,-0.026,-2.402,1.007,0.083,-1.051,-0.187,0
21.0,3249.0,38252.0,0.8,31.0,1,0.175,0,695.0,2,2,0.281,575.0,3.4,2781.0,14663.0,36,409.8,0.1261,1,0,0,2,0,1,56.0,-1.42,-2.18,-1.214,-1.282,0.729,-0.304,-2.437,-0.212,-1.429,-0.643,1.57,1.525,1.639,-1.184,-0.541,0
57.0,1544.0,18351.0,10.9,51.0,7,0.234,0,681.0,2,3,0.216,557.0,4.0,1429.0,8149.0,36,221.9,0.1437,1,0,1,2,2,1,54.0,-0.669,-0.75,-0.957,-0.695,1.456,-1.71,-0.581,-0.303,-0.858,-1.258,-1.179,0.575,-0.268,-1.379,-0.478,0
48.0,1328.0,15966.0,13.5,48.0,5,0.459,0,630.0,2,1,0.466,219.0,10.7,1036.0,7712.0,12,637.2,0.4798,1,1,2,4,1,1,115.0,-1.755,0.686,0.365,0.238,0.223,-0.221,-1.734,0.076,-0.902,-0.826,0.294,0.773,-0.63,0.918,-1.343,1
32.0,1189.0,13415.0,1.8,43.0,1,0.092,0,691.0,1,2,0.079,76.0,6.6,1056.0,9946.0,24,427.7,0.3597,0,0,0,2,0,1,184.0,0.59,1.089,-0.222,-0.328,-1.858,-1.803,-0.386,1.44,-0.451,-0.157,-0.076,0.507,2.019,-0.158,1.092,0
40.0,2851.0,33890.0,19.1,34.0,5,0.362,1,670.0,1,4,0.305,1488.0,5.1,4635.0,6376.0,24,270.5,0.0949,0,2,1,2,0,1,113.0,1.594,-1.909,1.025,-0.231,-0.997,-0.355,-0.613,-0.683,0.75,0.684,-0.076,-0.904,0.613,0.772,-0.482,0
44.0,2226.0,27344.0,18.5,41.0,0,0.25,1,675.0,2,1,0.185,121.0,5.9,561.0,20412.0,36,553.5,0.2487,1,1,1,3,2,1,252.0,-0.874,-1.096,-1.789,0.786,-0.378,-0.553,-1.215,0.463,3.418,0.206,0.464,1.659,0.029,-0.479,-0.037,0
54.0,1711.0,18641.0,4.8,38.0,4,0.301,1,646.0,2,5,0.41,1334.0,6.8,1337.0,3374.0,48,70.4,0.0411,1,3,1,4,4,1,65.0,-0.283,0.094,0.906,0.689,-0.135,-0.205,1.072,0.331,-0.327,-0.239,0.313,-1.477,0.721,-1.859,-1.301,0
59.0,2546.0,30487.0,8.5,45.0,3,0.241,0,732.0,0,1,0.035,42.0,6.4,4697.0,14817.0,36,428.8,0.1684,0,1,1,2,2,1,25.0,-0.482,0.621,-0.772,0.745,-1.447,0.608,-0.004,-0.36,-0.757,0.854,0.994,0.27,1.148,0.738,0.736,0
35.0,2548.0,31325.0,7.4,33.0,3,0.477,5,425.0,4,2,0.0,0.0,1.8,1688.0,4184.0,36,115.5,0.0453,0,0,0,3,1,1,10.0,1.581,-0.17,0.465,0.974,-0.139,1.106,-0.992,0.221,0.366,0.595,-1.368,0.23,-0.854,-0.593,-0.398,0
32.0,3783.0,42813.0,9.6,35.0,1,0.575,1,567.0,2,2,0.406,1224.0,0.9,1118.0,35598.0,24,1511.6,0.3996,1,0,2,5,1,1,106.0,-0.437,0.915,1.147,-0.691,-0.471,1.196,0.354,-0.689,0.093,1.081,-1.573,-0.721,1.283,0.288,1.334,0
35.0,1990.0,23861.0,8.4,21.0,3,0.208,0,759.0,0,4,0.277,1055.0,7.2,955.0,14916.0,60,235.7,0.1184,0,0,3,3,2,0,6.0,-0.191,0.691,-0.168,-0.647,-1.587,0.172,1.267,-0.3,0.885,1.404,1.207,-0.318,-0.074,0.012,-1.962,0
55.0,2248.0,28278.0,16.7,25.0,5,0.906,2,557.0,1,3,0.798,1299.0,3.1,2097.0,8962.0,48,179.4,0.0798,1,1,0,1,1,0,158.0,-0.257,-0.543,-0.434,-0.966,-2.724,1.295,-2.706,0.062,0.745,1.248,-0.489,-0.039,-0.32,-0.02,0.054,1
50.0,649.0,7828.0,10.3,43.0,5,0.499,1,574.0,2,0,0.466,0.0,11.1,404.0,1166.0,24,49.8,0.0767,0,1,1,3,1,1,45.0,-0.441,0.014,-0.683,0.151,0.876,1.591,0.196,0.892,-0.416,-0.242,1.251,1.402,-0.008,-0.438,0.27,0
51.0,979.0,12357.0,12.8,39.0,2,0.641,1,642.0,0,1,0.471,122.0,10.3,328.0,3504.0,60,57.8,0.059,0,3,1,4,0,1,81.0,0.752,-1.395,0.94,-0.025,0.718,0.244,0.518,0.856,-0.441,0.684,0.194,0.255,-0.406,0.452,0.146,0
45.0,1378.0,16253.0,12.5,45.0,5,0.815,2,504.0,2,2,1.0,1113.0,6.1,4629.0,8772.0,24,367.7,0.2668,1,1,1,2,1,1,18.0,0.937,0.459,-1.35,1.781,-0.025,0.678,-0.013,0.514,-0.873,0.574,0.289,0.397,-1.626,-0.73,-0.113,0
44.0,1652.0,20058.0,4.8,33.0,0,0.468,0,733.0,1,2,0.235,235.0,4.2,1420.0,15439.0,60,254.5,0.1541,1,3,1,4,1,1,131.0,0.917,-0.179,1.487,1.273,1.995,1.206,0.56,-0.688,-1.432,0.234,0.118,1.359,0.314,1.137,-0.875,0
39.0,1673.0,19972.0,4.8,52.0,0,0.502,1,622.0,1,4,0.437,1399.0,5.4,672.0,2060.0,36,58.4,0.0349,1,3,0,3,0,0,141.0,0.752,0.606,-0.217,0.555,0.362,-2.313,0.052,1.043,0.518,-0.445,-0.919,1.573,0.676,-0.793,1.613,0
69.0,1462.0,17591.0,15.6,31.0,0,0.652,3,483.0,6,4,0.57,1313.0,7.8,3094.0,5394.0,48,113.4,0.0776,0,3,0,2,1,1,24.0,0.057,1.173,0.142,0.655,-1.878,0.325,-0.261,0.719,-0.229,0.701,-1.502,0.965,1.479,0.903,0.471,1
57.0,2004.0,23421.0,23.7,41.0,6,0.768,2,481.0,4,2,0.764,933.0,5.3,963.0,11965.0,36,340.0,0.1697,0,0,1,3,2,1,92.0,0.559,-0.784,0.299,0.324,0.268,0.234,0.637,0.712,-1.018,-0.32,1.266,0.201,-0.754,-1.023,0.967,1
20.0,3263.0,39191.0,0.0,34.0,2,0.096,0,654.0,2,1,0.165,277.0,2.3,967.0,7426.0,48,161.3,0.0494,1,2,1,3,2,0,153.0,-0.031,-0.794,-1.135,-1.032,1.241,0.142,1.176,-0.886,0.255,-0.581,1.047,-0.099,0.685,-1.717,-0.588,0
47.0,863.0,10297.0,22.6,37.0,5,0.02,1,618.0,4,4,0.204,214.0,1.1,1263.0,7185.0,48,145.7,0.1688,0,3,0,4,0,1,32.0,-1.182,1.557,0.66,0.489,1.152,0.826,-1.809,-0.746,-1.23,-1.108,-0.07,-0.77,1.47,-0.293,0.35,0
20.0,2547.0,31117.0,0.0,34.0,5,0.21,0,718.0,2,1,0.167,187.0,5.3,2458.0,16836.0,24,695.2,0.2729,0,2,1,4,1,0,53.0,0.238,1.256,0.593,-0.283,2.752,-0.919,-0.898,1.82,0.098,-1.726,0.298,1.951,-0.227,0.059,0.278,0
28.0,923.0,10497.0,3.7,41.0,1,0.4,0,733.0,3,0,0.508,0.0,2.9,613.0,1642.0,24,68.9,0.0746,0,0,3,4,1,0,13.0,1.151,-0.73,-0.614,-0.568,-1.024,0.915,0.169,0.714,-0.279,-0.555,0.475,0.57,-0.272,0.607,2.155,0
28.0,928.0,11351.0,3.2,43.0,0,0.211,0,648.0,1,2,0.203,138.0,13.6,759.0,4020.0,24,167.9,0.1809,0,1,1,3,0,0,153.0,2.367,-1.365,0.212,-0.535,0.453,1.853,0.634,1.125,1.044,-0.682,-0.091,0.858,-0.999,3.267,1.481,0
20.0,851.0,10455.0,0.0,41.0,4,0.381,4,482.0,1,2,0.34,316.0,8.6,291.0,2767.0,60,46.4,0.0545,1,1,2,3,0,1,7.0,-0.546,1.325,-1.086,0.946,1.627,1.332,-0.402,0.392,0.31,0.565,-0.046,-0.503,-1.263,-0.869,0.832,0
39.0,396.0,4947.0,16.2,39.0,1,0.647,2,590.0,2,0,0.652,0.0,8.0,1072.0,500.0,12,42.0,0.1061,0,2,1,4,1,0,118.0,0.489,-0.427,2.362,-2.211,-0.397,0.212,-0.081,-0.27,-0.054,0.166,1.648,0.167,-0.26,-0.813,0.794,0
24.0,928.0,10478.0,3.1,37.0,1,0.218,0,755.0,2,2,0.142,139.0,1.1,865.0,1596.0,36,45.0,0.0485,1,0,0,3,2,0,228.0,-0.004,0.686,1.011,0.048,-1.162,-0.646,1.97,-0.69,1.065,-0.968,-1.06,-0.764,0.995,-0.218,0.392,0
67.0,953.0,11398.0,22.1,49.0,3,0.751,0,638.0,1,2,0.586,467.0,4.3,918.0,2696.0,12,217.4,0.2281,1,1,2,3,3,0,36.0,0.463,1.039,-0.414,0.664,-0.084,-1.364,-1.209,-0.276,1.016,-0.088,0.523,-0.871,-1.944,-0.475,-0.133,0
48.0,2095.0,25994.0,6.4,48.0,4,0.106,1,673.0,1,2,0.0,0.0,10.5,798.0,15346.0,36,420.8,0.2009,1,0,1,3,0,1,75.0,0.527,0.234,0.513,0.579,0.427,1.139,0.057,1.108,0.035,-0.882,0.896,0.741,0.756,-0.352,1.483,0
40.0,911.0,10987.0,2.5,38.0,5,0.307,2,672.0,2,2,0.255,201.0,3.7,315.0,7289.0,48,148.4,0.1629,0,0,0,1,1,1,67.0,-0.439,0.385,0.37,0.746,-0.581,0.304,0.299,0.481,-1.738,0.4,0.101,-0.338,1.391,0.765,1.315,0
49.0,1682.0,20113.0,9.6,46.0,7,0.291,2,632.0,5,2,0.567,652.0,3.2,993.0,3891.0,48,81.9,0.0487,0,0,1,3,2,0,75.0,1.1,-0.593,0.707,-0.388,-1.196,-0.791,1.111,0.565,-0.11,0.76,0.675,0.601,2.102,-0.218,-0.539,0
55.0,3495.0,43883.0,3.2,26.0,5,0.101,1,641.0,5,5,0.18,1543.0,4.4,2864.0,6083.0,48,126.0,0.0361,0,1,2,2,1,0,49.0,-0.261,-2.346,-0.24,0.506,-0.421,-0.226,-0.535,0.386,-1.339,0.811,-1.746,1.205,0.562,0.674,1.058,0
55.0,2027.0,23705.0,12.9,44.0,5,0.222,0,574.0,0,4,0.163,504.0,6.9,2327.0,18664.0,24,760.1,0.375,0,2,1,3,2,1,58.0,-0.92,1.003,0.744,0.947,-0.918,-0.491,-2.222,-1.191,-1.021,-0.51,-1.363,0.516,0.728,-0.547,1.786,0
52.0,1664.0,19179.0,6.5,33.0,5,0.68,2,485.0,8,2,0.579,490.0,6.7,2579.0,16185.0,24,664.1,0.3991,1,0,0,2,3,1,41.0,1.061,0.157,-0.434,-1.42,0.295,0.724,0.826,-1.253,-1.056,1.503,0.729,-1.354,0.699,-1.094,-0.453,1
30.0,1345.0,16381.0,7.2,37.0,5,0.074,1,696.0,2,1,0.103,72.0,7.9,2396.0,5141.0,36,144.7,0.1076,0,2,1,3,0,0,93.0,-0.538,-0.807,1.116,0.072,0.554,0.082,0.684,0.328,0.48,-0.669,0.15,-0.415,0.925,-0.581,0.929,0
46.0,1011.0,12237.0,8.0,52.0,3,0.311,2,629.0,3,2,0.353,187.0,1.1,150.0,7553.0,36,211.1,0.2088,1,1,1,4,1,1,158.0,0.985,0.73,-1.501,-0.46,0.357,0.159,-1.734,-1.676,1.235,0.591,-0.633,-0.825,-0.186,-0.254,-1.147,0
36.0,1806.0,21450.0,6.5,43.0,5,0.474,1,613.0,3,2,0.289,432.0,6.1,850.0,2515.0,36,70.5,0.039,0,3,1,3,1,1,44.0,1.11,-0.191,0.257,2.521,-1.473,-0.447,-0.694,0.398,-0.922,-0.82,1.119,1.08,-0.712,-1.39,1.44,1
41.0,1369.0,16369.0,12.7,38.0,4,0.676,0,637.0,1,2,0.68,924.0,1.9,986.0,9359.0,36,259.4,0.1895,0,2,1,4,1,0,161.0,0.403,-0.675,0.565,1.237,-0.608,-0.37,0.612,0.855,0.748,0.169,0.901,0.297,-0.604,-0.098,-0.083,0
38.0,901.0,10560.0,8.1,53.0,2,0.147,1,613.0,1,1,0.19,53.0,2.7,660.0,5234.0,36,147.2,0.1634,1,0,2,3,0,1,39.0,-0.229,0.394,1.19,-1.737,0.367,0.29,2.192,-0.068,0.286,0.783,-0.571,1.191,-0.248,0.487,-0.448,0
20.0,936.0,10881.0,0.0,38.0,2,0.366,0,659.0,1,1,0.262,85.0,0.6,463.0,4949.0,48,103.8,0.1109,1,2,1,4,1,0,85.0,-1.576,-0.944,-0.414,-1.906,-0.914,0.796,-2.231,0.796,0.929,2.315,1.171,-1.994,-0.166,0.875,0.5,0
28.0,1470.0,17743.0,3.2,41.0,7,0.597,2,581.0,3,2,0.736,931.0,1.9,1311.0,12000.0,24,497.9,0.3387,0,2,0,4,2,1,55.0,2.34,0.378,-0.282,-0.197,-1.234,-0.019,-1.001,1.018,0.255,-1.789,-0.831,1.71,0.302,1.186,0.077,0
60.0,1465.0,18415.0,21.1,47.0,3,0.592,1,559.0,1,1,0.612,484.0,13.8,1102.0,10050.0,24,425.3,0.2903,0,1,2,3,1,1,96.0,1.12,0.395,-0.165,-0.445,-0.054,0.487,-1.751,0.139,-0.287,0.6,-1.784,0.457,-0.157,-1.102,2.469,0
42.0,1979.0,22921.0,18.5,69.0,5,0.164,2,597.0,3,0,0.255,0.0,6.4,2449.0,18930.0,36,537.8,0.2718,0,2,1,4,0,1,278.0,-0.015,-1.627,1.516,0.67,-2.137,-0.362,2.297,-0.311,1.484,1.674,0.053,-1.357,-1.063,-0.806,0.603,0
37.0,744.0,8773.0,1.6,38.0,0,0.221,2,597.0,3,2,0.334,178.0,7.6,235.0,2299.0,48,48.7,0.0655,1,2,0,1,2,1,71.0,-2.226,0.654,0.41,-0.107,-0.608,1.327,-0.836,-1.59,-0.289,0.826,2.264,-0.317,-0.111,0.02,0.74,0
43.0,843.0,10159.0,15.2,46.0,7,0.249,3,543.0,4,4,0.228,206.0,6.2,72.0,7464.0,48,157.0,0.1862,0,3,1,1,0,0,199.0,0.37,0.339,-0.037,0.894,0.871,-0.065,-1.084,-0.002,-1.549,1.646,-1.142,-1.608,0.518,0.037,0.343,1
20.0,1244.0,14906.0,0.0,55.0,4,0.295,1,652.0,2,2,0.13,172.0,4.1,735.0,12082.0,48,241.9,0.1945,1,3,1,4,0,1,136.0,-0.735,-0.256,-0.978,-0.171,-0.374,-1.079,-0.177,-0.905,2.121,-0.151,0.931,-1.249,0.392,0.084,0.469,0
36.0,1167.0,13736.0,3.3,26.0,0,0.046,1,649.0,4,2,0.025,25.0,3.3,358.0,10357.0,60,171.7,0.1471,0,1,3,5,1,1,202.0,-0.94,-0.493,0.588,0.335,0.401,0.626,-1.571,0.921,-1.428,1.305,-0.251,-0.485,-1.968,-1.059,0.167,0
20.0,1948.0,22684.0,0.0,46.0,1,0.388,1,687.0,1,2,0.263,360.0,3.5,3689.0,6868.0,24,288.9,0.1483,0,2,0,4,1,1,6.0,0.322,-1.084,1.32,-0.698,-0.58,-1.081,0.926,-0.226,-1.473,-1.171,0.293,-0.322,-1.687,0.085,-0.22,0
24.0,1174.0,14255.0,1.0,41.0,0,0.453,0,680.0,1,1,0.396,248.0,1.0,1037.0,11352.0,60,185.8,0.1583,0,1,0,4,0,1,119.0,-0.484,-0.174,1.708,1.826,1.439,1.612,1.386,-0.62,1.844,-0.598,1.591,1.181,0.844,1.011,-0.119,0
36.0,998.0,11664.0,12.4,48.0,0,0.08,1,594.0,3,2,0.025,27.0,5.2,546.0,8978.0,24,361.4,0.3621,1,3,1,4,0,0,104.0,-1.666,-0.119,2.598,-0.837,0.628,-2.157,0.619,-0.385,-0.558,-0.75,1.123,0.409,0.96,0.639,-0.539,0
47.0,3988.0,47794.0,5.8,46.0,7,0.586,3,607.0,1,5,0.5,2837.0,13.6,2548.0,16476.0,48,344.7,0.0864,1,3,0,2,0,0,27.0,0.941,0.677,-0.918,-1.698,0.259,-0.34,-0.698,-1.389,0.927,-0.072,-0.507,-1.713,-0.495,0.474,0.664,0
30.0,588.0,7304.0,4.5,35.0,0,0.741,0,622.0,1,3,0.806,792.0,1.9,1067.0,1709.0,48,35.0,0.0595,1,1,0,3,2,0,89.0,-1.321,-0.1,-1.095,-0.585,-0.458,0.975,1.51,1.229,-0.455,-1.401,1.013,1.325,0.204,1.117,0.142,0
59.0,2225.0,25489.0,11.0,39.0,3,0.127,0,715.0,1,0,0.0,0.0,5.8,1639.0,15087.0,24,616.4,0.277,1,1,1,4,0,1,68.0,-0.586,0.379,-0.492,0.286,-0.824,-0.112,-1.101,1.783,-0.359,1.596,1.418,-0.339,0.968,0.293,-0.646,0
42.0,1579.0,19251.0,17.1,44.0,7,0.797,2,599.0,2,3,0.793,1073.0,7.2,711.0,8204.0,12,703.7,0.4457,0,2,1,3,0,0,36.0,-0.876,0.041,-0.536,-1.684,-0.844,0.516,1.642,-0.118,1.533,0.107,-1.775,0.874,1.744,-0.693,0.585,0
45.0,899.0,11029.0,8.9,31.0,4,0.217,0,725.0,1,0,0.326,0.0,8.3,1140.0,4491.0,36,128.1,0.1425,0,1,0,5,0,0,118.0,0.812,1.574,-0.564,-0.169,-0.617,0.48,-0.29,-0.134,0.152,0.568,0.951,1.494,0.084,-1.39,-0.04,0
36.0,663.0,8143.0,9.0,54.0,5,0.136,0,746.0,2,1,0.0,0.0,7.0,692.0,700.0,36,19.4,0.0293,0,0,1,5,1,0,36.0,-0.891,1.547,-3.206,0.651,1.315,-0.065,-1.143,-1.564,-1.285,-0.841,0.056,0.315,-1.296,-1.62,0.64,0
31.0,2469.0,29949.0,5.1,46.0,6,0.571,1,584.0,5,2,0.546,1208.0,1.8,1420.0,11600.0,12,949.5,0.3846,0,2,1,3,0,1,32.0,2.735,0.295,-1.036,0.401,-2.608,0.887,1.244,0.188,-2.549,-0.204,-0.782,0.009,-0.036,-0.255,1.251,0
34.0,1507.0,17469.0,1.5,42.0,3,0.484,1,575.0,2,3,0.496,1248.0,6.6,2417.0,2611.0,12,210.3,0.1395,0,1,0,1,1,1,44.0,-0.316,-1.763,-1.025,0.375,0.441,-1.608,0.788,-0.045,-0.279,-0.44,1.601,-2.415,1.187,0.763,-1.087,1
31.0,831.0,10059.0,5.6,45.0,0,0.354,0,649.0,3,2,0.327,131.0,20.1,1275.0,6151.0,48,124.2,0.1495,0,0,1,2,0,0,49.0,0.39,-1.416,1.252,-0.693,0.367,0.335,0.073,1.426,0.058,-0.556,-0.658,-0.993,-0.701,-0.225,-0.892,0
57.0,775.0,9205.0,26.5,35.0,7,0.287,0,723.0,6,0,0.129,0.0,4.7,611.0,2116.0,12,166.2,0.2145,1,1,0,3,2,1,117.0,2.026,0.956,0.375,0.678,-1.568,0.117,0.536,-0.401,-0.899,-0.034,0.386,-0.226,0.509,-0.967,0.579,0
58.0,3110.0,36825.0,13.3,48.0,1,0.418,0,683.0,0,2,0.395,942.0,4.7,2326.0,19678.0,12,1668.9,0.5366,1,3,0,3,3,0,26.0,-1.713,0.053,-1.793,-0.114,-0.062,0.596,0.442,-0.238,-0.097,-0.77,0.13,0.687,0.904,-0.55,-0.621,1
51.0,2290.0,26469.0,6.0,28.0,6,0.254,1,652.0,3,2,0.318,424.0,8.6,2857.0,8440.0,48,181.6,0.0793,1,0,2,2,0,0,43.0,-0.301,0.861,0.193,-0.476,1.035,0.744,1.387,0.672,-0.058,1.867,0.425,1.477,1.177,-1.363,0.998,0
45.0,1085.0,13161.0,10.1,33.0,1,0.165,1,620.0,1,0,0.043,0.0,8.2,4158.0,5686.0,36,154.2,0.1421,0,3,2,2,2,1,289.0,0.502,-1.357,-0.28,2.343,1.824,0.939,-0.199,0.06,0.874,0.641,0.229,-0.276,0.222,1.256,-0.574,1
55.0,1313.0,15693.0,10.3,46.0,3,0.623,1,582.0,0,4,0.488,868.0,14.5,1574.0,11747.0,48,250.5,0.1908,1,0,0,1,2,0,36.0,-0.171,-0.548,0.255,-1.139,0.034,-1.029,1.266,-0.178,0.445,-0.07,0.106,-1.516,2.252,1.13,1.2,1
40.0,4410.0,54656.0,11.2,38.0,6,0.614,1,622.0,3,4,0.472,2883.0,7.1,4053.0,27410.0,48,567.7,0.1287,1,1,0,2,1,0,23.0,0.839,1.072,0.341,-0.851,1.069,-2.445,1.016,-1.371,-1.182,-1.617,-0.459,-0.11,0.95,0.7,0.627,0
29.0,1606.0,18730.0,5.8,35.0,7,0.235,0,662.0,0,3,0.172,351.0,8.0,1921.0,10740.0,36,308.3,0.192,1,2,2,3,0,0,36.0,0.206,1.995,0.186,-0.309,-1.458,0.807,0.192,0.664,-0.564,-0.326,0.128,-0.716,-0.41,-0.883,0.305,0
51.0,2528.0,31040.0,10.3,43.0,4,0.425,1,660.0,1,1,0.564,506.0,9.7,2508.0,6479.0,60,108.6,0.043,0,1,2,4,2,0,178.0,-0.247,-0.462,1.055,-1.296,-0.545,1.206,0.645,-0.419,-2.522,-0.381,0.147,-0.062,0.313,0.204,-0.121,0
26.0,1592.0,19109.0,2.9,49.0,6,0.049,3,625.0,1,2,0.051,86.0,2.2,615.0,2643.0,48,54.5,0.0342,0,3,2,2,1,1,69.0,-1.023,1.166,1.723,0.174,-0.218,-1.99,1.218,0.553,0.665,1.737,-0.148,1.815,1.152,-1.628,0.098,0
49.0,1913.0,22591.0,13.8,51.0,1,0.553,1,545.0,0,1,0.382,247.0,5.2,1182.0,5583.0,24,232.4,0.1215,0,0,0,3,1,1,106.0,-0.757,1.741,-0.252,0.26,1.488,3.576,1.596,1.233,0.398,2.678,1.316,1.089,-0.512,-0.581,-1.112,0
44.0,885.0,10691.0,7.4,28.0,6,0.423,1,640.0,0,3,0.343,408.0,4.1,1054.0,6481.0,48,137.9,0.1558,0,0,1,4,0,1,77.0,-1.201,1.533,0.45,1.127,0.881,-0.762,-0.171,-0.724,0.049,-1.032,0.249,-0.802,1.045,0.351,0.555,0
52.0,1962.0,22263.0,18.0,43.0,0,0.207,1,707.0,4,3,0.152,218.0,3.3,2203.0,5448.0,24,227.7,0.1161,0,1,0,3,1,0,133.0,-0.048,0.279,-2.589,-2.778,0.246,-2.086,-2.092,2.128,2.139,0.134,0.005,-1.354,1.308,-1.248,-0.713,0
28.0,1278.0,14709.0,4.1,41.0,5,0.549,2,585.0,4,3,0.434,740.0,9.2,433.0,9753.0,48,198.9,0.1556,0,1,1,4,1,1,125.0,0.674,0.038,0.28,-1.587,-0.602,-0.512,0.979,-0.896,-0.517,-0.301,0.405,-0.168,-1.122,0.689,0.764,0
40.0,2022.0,24138.0,6.9,49.0,1,0.429,1,603.0,5,4,0.356,1208.0,7.4,1949.0,7686.0,60,133.9,0.0662,1,1,0,3,2,1,38.0,1.634,-0.182,-0.639,-0.826,0.743,0.336,1.485,-0.059,-0.604,0.464,0.688,0.001,-0.375,0.076,0.35,0
31.0,1938.0,22819.0,3.8,48.0,7,0.136,0,697.0,2,1,0.247,221.0,7.4,505.0,5616.0,36,155.7,0.0803,0,0,2,5,2,0,157.0,0.257,1.97,-0.525,0.654,-0.35,1.006,-0.633,0.257,0.765,-0.811,1.192,0.16,-2.324,-0.343,0.421,0
36.0,1919.0,23807.0,5.4,41.0,3,0.096,0,691.0,1,0,0.0,0.0,7.7,2029.0,5488.0,48,112.5,0.0586,1,1,1,3,1,1,106.0,1.461,0.337,1.216,1.486,2.003,0.517,1.396,0.972,-2.028,-0.26,-0.328,-1.619,0.117,0.446,-0.848,0
57.0,1805.0,21957.0,0.7,35.0,6,0.484,0,645.0,2,3,0.229,390.0,12.1,852.0,4638.0,48,99.7,0.0552,0,3,2,2,1,1,71.0,-0.765,0.092,-0.408,-0.334,-0.145,0.514,-0.391,-1.455,-1.093,0.114,0.407,0.634,-0.025,0.671,-0.553,0
20.0,2014.0,24895.0,0.0,48.0,1,0.214,0,654.0,0,3,0.261,670.0,7.7,3838.0,8635.0,12,712.6,0.3538,1,0,0,2,3,0,63.0,1.053,-1.007,-0.022,1.886,-0.357,-1.535,1.671,1.513,-0.047,-1.912,-0.117,1.018,-0.28,-0.102,0.567,0
43.0,3723.0,46372.0,5.4,29.0,3,0.337,2,543.0,3,0,0.401,0.0,7.4,2704.0,15472.0,36,431.9,0.116,0,0,0,5,2,0,41.0,-0.104,0.303,-1.463,-0.166,0.458,0.51,0.021,-0.003,1.58,-0.915,0.213,-1.931,0.792,0.524,0.158,0
46.0,1001.0,12427.0,7.8,37.0,0,0.569,2,529.0,1,2,0.402,222.0,3.1,276.0,1719.0,12,142.6,0.1425,1,0,1,3,1,1,35.0,-0.139,-0.211,1.005,0.006,1.005,-0.587,-0.99,0.437,-0.037,-0.481,-0.129,-2.188,1.951,-0.876,0.619,0
36.0,741.0,8566.0,1.7,36.0,7,0.205,1,676.0,4,2,0.094,64.0,9.4,421.0,5378.0,24,218.4,0.2947,1,3,2,2,1,1,96.0,0.438,1.532,-0.692,-2.285,-1.27,-1.495,0.83,0.499,1.554,-1.692,-2.212,-0.169,0.735,0.54,-0.408,1
41.0,2134.0,24500.0,16.7,42.0,4,0.208,2,666.0,1,1,0.265,175.0,9.5,1185.0,21077.0,48,433.1,0.203,1,1,1,2,1,1,37.0,-0.457,1.92,0.652,-0.938,-0.064,-1.413,0.27,0.495,-0.408,-0.22,-0.084,-1.245,0.029,-0.073,-1.352,0
28.0,960.0,11446.0,5.2,32.0,6,0.348,0,647.0,1,2,0.183,172.0,10.3,108.0,1707.0,48,36.7,0.0382,0,1,1,5,1,0,97.0,-1.009,0.887,-0.08,0.006,0.845,0.682,0.501,-0.651,2.26,-0.838,0.059,-1.845,0.523,-1.931,0.515,0
48.0,2257.0,28137.0,9.4,38.0,2,0.09,0,752.0,1,2,0.156,250.0,5.1,1921.0,8993.0,36,247.4,0.1096,0,3,1,4,2,1,64.0,-1.638,-0.281,1.805,0.105,0.584,-0.938,1.659,0.084,0.511,1.419,-0.073,0.486,0.827,-1.469,-1.417,0
20.0,782.0,9408.0,0.0,31.0,2,0.607,1,583.0,1,2,0.541,458.0,2.1,1930.0,2102.0,12,174.7,0.2234,0,2,2,1,1,0,49.0,0.074,-0.464,-0.99,-0.859,-0.754,-0.516,-1.156,-1.06,0.394,0.481,0.84,-1.232,0.726,-2.223,-0.359,0
20.0,1630.0,20625.0,0.0,41.0,5,0.115,0,682.0,2,5,0.19,813.0,4.9,1964.0,2138.0,24,90.0,0.0552,1,1,2,3,0,1,9.0,0.93,-1.545,2.323,-0.456,-0.011,0.166,2.369,-0.452,1.023,0.042,-1.179,-1.262,0.132,-0.978,-0.408,0
42.0,399.0,4731.0,5.7,38.0,3,0.225,1,592.0,2,2,0.253,80.0,4.9,656.0,500.0,12,41.3,0.1035,0,3,1,4,1,1,107.0,1.356,-0.138,-1.503,-0.805,1.094,-0.197,0.159,-0.375,2.325,0.159,-1.035,-1.009,0.421,-0.372,0.526,0
20.0,1155.0,13117.0,0.0,41.0,2,0.201,0,664.0,3,4,0.218,429.0,2.0,762.0,6201.0,12,528.4,0.4575,1,1,0,3,0,0,66.0,0.806,-0.064,-0.453,-2.029,0.438,-0.89,-0.142,-1.681,1.57,0.683,0.533,-0.661,0.723,-0.588,1.293,0
25.0,1592.0,18340.0,0.7,31.0,1,0.27,1,632.0,4,1,0.139,102.0,6.2,904.0,4468.0,36,125.3,0.0787,0,0,0,2,1,1,40.0,-1.393,-0.43,-1.487,0.786,-0.683,2.216,0.521,-0.748,0.473,-1.218,1.251,-1.69,1.398,0.074,-1.04,0
45.0,2101.0,24825.0,11.9,52.0,1,0.296,1,641.0,5,2,0.551,1270.0,8.2,1123.0,3718.0,48,74.0,0.0352,1,0,0,2,1,1,77.0,0.003,-0.471,1.0,0.322,-0.318,0.132,0.035,0.359,-0.238,0.456,2.173,0.339,-1.192,0.576,-0.832,0
26.0,2300.0,27185.0,1.0,50.0,7,0.19,0,667.0,1,1,0.191,183.0,5.5,1757.0,11705.0,36,325.0,0.1413,0,0,0,2,2,1,138.0,1.446,0.754,1.917,0.574,-0.335,-0.044,0.374,0.015,-0.167,0.23,2.208,0.885,-0.242,1.985,0.232,0
38.0,2565.0,31243.0,9.2,38.0,3,0.296,1,634.0,3,1,0.363,518.0,2.9,2195.0,20537.0,48,423.5,0.1651,0,3,0,5,3,1,167.0,0.445,-0.577,1.018,-1.776,-0.811,0.28,1.887,2.123,0.09,-2.621,-1.201,-0.349,1.207,0.151,-0.29,1
46.0,2318.0,26573.0,14.8,40.0,0,0.212,0,685.0,4,1,0.193,186.0,12.0,3188.0,21626.0,36,611.0,0.2636,0,2,0,4,4,1,17.0,1.016,-1.149,-1.303,0.141,0.864,0.93,0.883,0.26,-1.528,0.866,-0.312,2.496,-0.378,0.333,-0.341,0
41.0,767.0,9476.0,6.9,45.0,3,0.327,0,720.0,2,0,0.448,0.0,11.7,1027.0,6868.0,24,286.0,0.3729,1,0,1,4,0,0,80.0,-1.384,0.04,0.327,-0.137,0.806,1.045,0.779,-0.357,1.553,0.743,1.081,-0.222,1.138,-0.288,0.242,0
55.0,1760.0,21384.0,8.5,51.0,2,0.324,1,649.0,0,1,0.186,80.0,10.9,1256.0,2619.0,36,74.9,0.0426,0,1,1,1,2,1,40.0,1.791,0.937,-0.836,-1.576,0.174,-1.045,-0.388,1.165,1.257,-1.725,0.14,0.264,1.667,-0.235,-0.478,0
62.0,1406.0,16880.0,6.2,31.0,1,0.408,2,509.0,1,3,0.421,731.0,7.7,934.0,9430.0,24,389.9,0.2773,0,1,1,1,1,0,147.0,1.037,-0.31,0.154,-0.67,0.321,0.267,-0.424,-1.058,-0.608,-0.908,0.39,-0.343,-0.679,0.018,-0.346,1
56.0,671.0,7974.0,22.7,30.0,1,0.195,1,707.0,1,2,0.149,100.0,10.3,225.0,4094.0,12,347.5,0.5179,0,0,0,2,1,1,7.0,-0.098,0.032,-1.506,0.266,-0.685,-0.059,0.718,-0.895,-0.671,-0.488,-1.198,0.696,0.317,0.94,-0.613,0
37.0,1231.0,14747.0,9.4,34.0,6,0.221,2,633.0,2,2,0.202,193.0,2.5,372.0,7095.0,48,149.4,0.1214,0,3,1,3,1,0,40.0,-0.325,0.572,-0.901,-0.118,2.388,1.708,0.285,-1.315,-1.428,-1.252,0.415,-0.726,0.958,-0.019,-1.908,0
20.0,3463.0,42185.0,0.0,39.0,4,0.234,0,674.0,3,2,0.207,386.0,3.4,1913.0,4542.0,36,127.4,0.0368,0,0,0,2,3,1,49.0,0.568,-0.654,0.101,1.485,-0.307,0.44,-1.35,-1.028,0.48,0.267,0.73,0.611,0.376,0.467,-1.424,0
22.0,1067.0,13012.0,0.6,38.0,7,0.091,0,686.0,0,2,0.073,42.0,4.0,741.0,9133.0,36,248.0,0.2324,0,1,0,2,0,0,12.0,1.522,2.093,0.469,0.285,1.921,-0.052,0.131,-0.631,0.284,1.188,-1.881,0.521,1.9,-0.937,-0.458,0
44.0,580.0,6987.0,16.1,29.0,1,0.473,0,598.0,3,3,0.2,133.0,7.4,290.0,2597.0,36,71.3,0.1229,1,0,3,3,0,0,67.0,0.416,2.118,-1.967,-0.654,-0.458,0.883,-1.14,0.025,0.064,-1.069,0.648,0.086,0.483,-0.581,1.13,0
20.0,1687.0,19347.0,0.0,32.0,0,0.617,0,715.0,1,4,0.384,933.0,6.7,1166.0,10960.0,48,232.4,0.1378,1,1,0,3,1,1,227.0,-2.583,-1.293,-0.126,-0.098,-0.163,-0.42,-1.112,-0.047,0.472,0.576,-0.889,-0.316,0.174,0.419,0.424,0
51.0,2396.0,27983.0,9.1,47.0,0,0.578,1,612.0,1,2,0.412,1095.0,5.9,433.0,7897.0,36,215.7,0.09,1,1,1,4,0,1,319.0,0.079,2.245,-0.483,0.016,-0.669,-1.19,1.413,0.909,-0.638,0.642,-1.179,0.692,-1.002,-2.092,-0.026,0
43.0,1677.0,20681.0,11.5,55.0,7,0.408,1,614.0,0,1,0.374,172.0,3.1,3512.0,12433.0,36,356.8,0.2128,0,1,1,3,2,0,85.0,1.366,-0.944,-2.041,-0.55,0.776,-0.062,0.284,0.916,-0.523,-1.572,-0.277,0.075,2.396,-1.011,-0.214,1
56.0,2936.0,36517.0,13.8,41.0,7,0.288,0,738.0,1,2,0.316,495.0,6.9,985.0,14215.0,24,590.4,0.2011,1,0,1,4,0,1,38.0,-1.13,1.848,-0.51,-1.924,0.896,1.12,1.82,0.651,0.321,-1.626,-0.192,0.253,-0.766,-0.165,0.214,0
48.0,1487.0,17624.0,11.0,40.0,5,0.25,0,670.0,2,4,0.313,634.0,3.8,1366.0,2036.0,48,42.2,0.0284,1,0,0,4,1,1,95.0,0.924,-0.997,0.989,0.645,0.408,-1.818,1.291,0.54,-0.962,-1.051,-0.468,-1.066,-2.893,-1.175,0.167,0
43.0,988.0,11980.0,5.9,37.0,1,0.257,4,460.0,4,1,0.324,78.0,2.2,1015.0,8142.0,12,678.8,0.687,1,2,0,3,2,1,174.0,-0.1,-1.068,0.923,1.554,0.283,-2.436,0.349,0.724,-0.396,1.747,0.137,1.392,-0.033,-1.634,1.597,1
22.0,1873.0,21714.0,0.4,39.0,7,0.204,0,641.0,1,2,0.152,175.0,3.3,594.0,12815.0,24,534.9,0.2856,1,2,0,2,0,0,123.0,2.145,1.158,-0.393,-1.897,-0.886,-1.114,0.21,-0.297,-0.471,0.143,-0.716,0.496,-0.748,-0.489,0.602,0
42.0,1910.0,21637.0,21.5,31.0,3,0.541,1,547.0,1,5,0.493,2071.0,7.8,1327.0,15131.0,60,257.1,0.1346,0,2,1,2,0,0,82.0,0.698,-0.011,0.779,-0.758,0.495,0.443,-1.459,-1.149,0.583,-1.784,1.818,0.577,1.021,0.203,0.034,0
61.0,2846.0,35772.0,9.4,45.0,6,0.394,1,590.0,0,2,0.189,425.0,1.3,623.0,19550.0,48,414.2,0.1455,1,3,0,3,0,1,42.0,0.572,-2.573,0.03,0.84,-0.238,0.697,0.602,0.141,-0.719,0.837,0.17,2.261,-0.036,0.03,-0.651,0
30.0,1334.0,15239.0,3.4,43.0,5,0.175,2,602.0,0,1,0.039,15.0,1.6,597.0,11000.0,24,437.0,0.3276,0,1,0,5,4,0,150.0,0.996,0.445,0.784,1.438,0.15,0.738,-1.195,-0.224,1.339,0.31,-0.297,1.57,-1.325,-0.738,0.918,0
53.0,1740.0,22401.0,22.3,33.0,3,0.115,1,651.0,0,2,0.0,0.0,10.9,1020.0,8743.0,48,181.3,0.1042,1,1,0,5,3,1,163.0,0.491,-0.02,-0.715,-0.514,0.691,0.319,0.061,-0.201,-0.889,0.434,0.918,-0.719,0.681,-0.397,0.79,1
33.0,7000.0,85799.0,7.6,49.0,2,0.304,1,572.0,1,1,0.083,200.0,12.1,2368.0,13261.0,36,357.9,0.0511,0,0,1,4,1,1,11.0,1.235,0.279,1.074,-0.103,1.875,-0.447,-0.278,-1.14,-0.39,1.359,0.861,-1.258,0.304,-0.957,1.27,0
45.0,2834.0,33967.0,17.5,37.0,2,0.225,0,752.0,1,5,0.038,259.0,1.4,6466.0,20408.0,36,558.0,0.1969,1,0,0,2,2,1,14.0,1.07,-0.164,-0.481,0.004,1.267,-0.478,0.064,-1.877,1.085,0.814,1.273,-0.07,0.827,0.933,-0.02,0
38.0,2840.0,34212.0,8.0,43.0,1,0.542,0,674.0,1,3,0.573,1549.0,7.0,2653.0,3519.0,36,95.2,0.0335,0,1,1,3,2,0,65.0,-0.782,1.543,1.071,0.401,-0.697,0.316,-0.641,0.507,-0.054,-2.318,-1.863,0.423,-0.366,-0.946,-0.636,0
36.0,1890.0,23360.0,3.7,30.0,4,0.722,2,512.0,2,3,0.758,1737.0,14.8,1465.0,10158.0,36,286.0,0.1513,1,0,1,3,1,1,71.0,-0.638,0.866,-0.604,0.746,-0.086,0.766,-0.854,-0.164,0.012,-0.296,-0.299,-0.458,-0.058,-0.313,0.601,0
49.0,2849.0,34424.0,9.7,36.0,2,0.256,0,714.0,1,3,0.211,457.0,4.1,2603.0,6826.0,36,187.4,0.0658,1,0,0,2,1,1,11.0,-0.674,0.157,1.046,1.62,-0.056,-1.69,1.478,0.049,-0.168,-1.01,-1.415,-0.939,0.434,-0.191,0.958,0
46.0,1131.0,13261.0,17.6,52.0,2,0.623,2,580.0,4,1,0.694,271.0,7.7,794.0,6302.0,24,266.7,0.2358,0,0,0,3,2,0,92.0,1.036,-0.991,1.316,0.641,-0.758,-0.244,0.741,0.041,0.166,-0.961,-1.398,-0.142,0.122,-1.677,1.346,0
27.0,671.0,7960.0,3.6,38.0,5,0.419,0,740.0,1,2,0.254,99.0,3.2,957.0,2828.0,24,113.6,0.1693,1,0,0,1,0,0,16.0,0.433,-0.51,-0.629,0.812,0.05,0.113,1.24,-0.607,-0.47,-0.645,-0.247,1.311,-0.071,-1.275,-0.075,0
69.0,2668.0,34384.0,5.8,32.0,7,0.347,0,670.0,2,2,0.552,795.0,10.1,884.0,22804.0,12,1944.9,0.729,1,2,0,3,0,1,24.0,0.169,-0.293,-0.365,-0.053,0.191,0.804,-0.27,-0.565,0.556,1.337,0.888,0.883,-1.087,0.433,0.077,0
37.0,1170.0,13641.0,13.5,33.0,3,0.567,1,549.0,1,1,0.521,175.0,10.8,2311.0,1208.0,36,34.4,0.0294,0,1,1,2,0,0,58.0,1.315,1.076,-0.925,1.428,-1.852,0.655,-0.794,0.66,0.643,-1.565,0.766,-1.145,-0.737,2.672,0.349,0
43.0,1309.0,15958.0,7.2,25.0,4,0.394,1,724.0,3,1,0.289,148.0,5.1,2143.0,5373.0,48,114.3,0.0873,1,3,0,2,1,1,55.0,-0.867,0.126,0.625,0.094,0.108,0.566,-0.325,0.31,-0.012,-0.096,-0.984,1.143,-0.719,2.232,0.33,0
42.0,2302.0,27050.0,16.1,33.0,6,0.305,0,708.0,1,2,0.364,668.0,2.5,3295.0,21593.0,24,904.1,0.3927,0,0,2,2,0,0,160.0,-3.005,0.85,1.106,0.058,0.247,-0.832,-2.026,-0.986,-0.218,0.126,0.587,-1.625,-2.16,-0.267,-0.605,0
61.0,1769.0,21178.0,22.8,33.0,5,0.288,0,712.0,1,1,0.188,85.0,6.2,1289.0,13474.0,24,554.4,0.3134,1,3,1,2,1,1,38.0,0.446,-1.554,1.929,-0.826,0.05,-0.747,0.628,-1.208,-1.553,1.987,0.466,1.659,0.146,1.302,3.181,0
33.0,1026.0,12112.0,11.6,24.0,1,0.315,0,677.0,1,6,0.003,9.0,7.1,398.0,1955.0,36,54.9,0.0535,0,3,0,2,1,0,37.0,-2.094,-1.144,-0.055,-0.651,-0.667,-0.227,1.62,-0.266,-0.268,-0.268,0.097,-0.216,1.869,-0.079,-0.001,0
54.0,1961.0,22847.0,17.0,26.0,0,0.068,0,750.0,2,1,0.072,45.0,6.6,4227.0,12661.0,36,348.8,0.1779,1,0,1,2,1,1,240.0,0.843,0.464,0.25,-0.849,-1.744,-0.023,-0.2,0.54,0.643,0.026,-1.393,-1.982,0.716,1.291,0.02,0
44.0,386.0,4516.0,3.8,40.0,2,0.188,1,692.0,3,1,0.241,39.0,2.5,407.0,599.0,24,24.9,0.0645,0,0,3,3,1,1,59.0,-0.321,-0.453,0.94,1.53,-1.825,0.326,1.048,0.599,0.248,-1.383,-0.185,0.699,-0.308,0.73,2.935,0
40.0,1567.0,19312.0,6.9,31.0,1,0.497,0,716.0,1,3,0.669,1145.0,2.7,3214.0,14928.0,36,422.7,0.2698,0,1,0,1,2,1,94.0,-0.339,-0.506,-1.212,-1.256,2.126,-0.29,2.351,-1.23,0.46,-1.956,0.821,0.562,-1.647,0.77,0.162,0
50.0,2406.0,29989.0,5.6,47.0,1,0.383,0,710.0,0,4,0.438,1817.0,7.6,3798.0,14690.0,24,612.5,0.2546,1,0,0,2,1,1,35.0,-1.939,-1.124,-0.1,-1.642,1.006,-0.876,1.816,0.976,0.337,0.438,0.63,0.242,-1.226,0.67,0.26,0
53.0,848.0,9861.0,10.5,41.0,2,0.349,0,690.0,2,3,0.55,690.0,9.2,3112.0,2700.0,36,72.4,0.0854,1,3,0,2,0,1,190.0,0.135,0.81,0.963,0.482,1.007,1.828,-0.7,1.55,-0.915,-0.599,0.179,-1.751,0.284,0.647,0.53,0
38.0,1710.0,20626.0,13.9,36.0,2,0.325,0,715.0,3,5,0.34,1507.0,3.4,674.0,14359.0,36,388.9,0.2274,1,0,0,3,1,0,57.0,0.432,-0.141,-2.233,1.101,1.286,1.236,-0.65,-0.042,0.267,-0.399,-0.954,-0.608,1.748,0.756,1.87,0
45.0,1891.0,21739.0,10.7,47.0,7,0.2,2,569.0,3,4,0.144,486.0,4.5,4509.0,16692.0,24,687.7,0.3637,0,0,2,4,2,1,48.0,0.308,-0.153,0.247,0.805,0.772,0.514,-0.856,0.37,1.433,0.435,-0.22,1.816,-0.984,0.959,1.138,0
58.0,810.0,9159.0,25.8,48.0,3,0.19,0,729.0,0,0,0.188,0.0,7.6,270.0,6433.0,36,174.3,0.2152,1,0,1,3,0,0,23.0,2.066,0.978,1.008,-0.517,0.166,-0.746,0.78,-0.986,0.771,0.593,2.029,-0.251,-0.094,0.408,0.621,0
45.0,464.0,5468.0,5.6,49.0,4,0.242,2,625.0,2,3,0.141,79.0,11.9,182.0,3797.0,24,160.4,0.3457,1,1,0,2,1,0,263.0,-1.355,0.025,0.545,-0.534,-0.473,0.702,0.446,-0.965,-0.538,-1.996,0.962,0.828,-0.876,-0.043,1.803,1
58.0,632.0,7576.0,23.5,39.0,0,0.423,1,624.0,3,2,0.212,85.0,5.9,1444.0,2883.0,60,49.3,0.078,1,1,2,3,0,0,44.0,0.936,-0.383,2.535,-0.327,0.954,-1.684,1.686,-1.338,-0.459,-0.347,1.089,0.244,0.261,0.234,0.368,0
73.0,2500.0,29142.0,17.7,32.0,7,0.514,0,651.0,3,0,0.406,0.0,22.0,3317.0,7962.0,60,133.5,0.0534,1,2,1,2,1,0,21.0,0.466,-0.107,-0.138,1.934,0.28,-0.499,0.168,1.209,0.537,0.757,0.671,0.297,1.792,2.115,0.343,0
43.0,1832.0,22325.0,15.9,28.0,5,0.499,2,513.0,2,2,0.276,254.0,2.0,2644.0,1884.0,24,80.1,0.0437,0,0,1,2,0,0,51.0,-0.12,0.241,1.389,-0.105,-1.52,-1.677,-0.671,-1.626,0.255,-0.133,-0.147,0.629,1.472,-0.306,-0.545,0
43.0,1669.0,20607.0,18.9,31.0,6,0.199,1,656.0,2,3,0.216,591.0,12.5,813.0,7721.0,36,216.2,0.1295,0,1,1,4,1,1,113.0,0.061,-0.546,0.606,-0.132,0.741,-0.8,-0.383,-0.435,0.183,-1.067,0.281,0.724,0.487,0.128,-0.591,0
51.0,3542.0,41071.0,17.0,46.0,2,0.436,0,647.0,1,4,0.334,1768.0,1.4,1277.0,8236.0,24,333.0,0.094,1,1,0,3,1,0,184.0,1.437,-1.146,0.882,-0.127,0.916,-1.512,-1.939,1.62,0.356,-0.052,-0.045,-1.329,-0.022,0.096,-0.982,0
41.0,1963.0,23615.0,13.4,42.0,0,0.298,0,657.0,1,2,0.224,363.0,11.3,2967.0,11765.0,36,327.0,0.1666,0,0,0,4,1,0,160.0,0.36,-0.145,1.072,-1.256,0.566,1.047,-0.55,-1.629,0.989,-0.217,0.297,0.852,0.226,-1.229,0.14,0
69.0,1831.0,21584.0,24.7,38.0,3,0.269,0,702.0,0,2,0.267,376.0,4.2,1581.0,4823.0,48,98.8,0.054,0,0,3,5,2,1,99.0,0.624,-1.705,0.371,0.002,1.091,-1.144,0.553,1.01,-0.372,0.86,-0.544,0.891,0.41,0.982,-0.324,0
41.0,980.0,12051.0,11.9,36.0,4,0.201,1,635.0,4,1,0.043,21.0,4.0,562.0,4444.0,48,92.5,0.0944,0,1,1,1,0,1,55.0,0.855,-0.242,0.083,1.831,-0.682,-0.724,0.9,-1.798,-0.654,1.407,0.672,0.334,-0.864,0.552,0.14,0
65.0,642.0,7784.0,33.1,29.0,4,0.167,0,635.0,4,6,0.113,186.0,4.3,285.0,2960.0,36,79.6,0.124,0,3,0,1,0,1,128.0,0.05,0.437,-2.23,0.206,-0.079,-0.372,0.997,1.162,0.789,0.57,0.697,1.134,-1.093,-1.11,0.506,0
36.0,913.0,11130.0,14.7,36.0,5,0.278,1,638.0,0,4,0.602,1017.0,11.5,148.0,3237.0,48,68.0,0.0745,1,3,1,3,1,0,48.0,1.966,-1.211,-0.303,-0.61,-1.042,-1.395,-0.55,1.04,0.295,0.64,0.469,0.11,-0.103,-0.684,0.388,0
38.0,1887.0,22825.0,5.4,48.0,6,0.256,0,638.0,3,2,0.163,234.0,6.9,2078.0,4815.0,36,133.3,0.0706,0,0,1,1,1,1,91.0,-0.622,0.49,0.479,-0.545,0.309,0.628,-0.025,-0.21,0.734,-0.751,-1.606,1.049,-1.605,1.047,1.664,0
47.0,786.0,9160.0,7.1,38.0,7,0.288,2,595.0,2,2,0.305,228.0,2.9,1237.0,5669.0,48,115.1,0.1464,0,3,2,5,0,1,80.0,-0.073,-0.87,-0.085,0.295,-0.834,1.193,-0.408,0.058,-1.214,-0.922,-1.032,0.46,-1.248,0.652,1.515,0
47.0,2534.0,31432.0,9.3,37.0,5,0.387,3,530.0,2,3,0.313,642.0,6.0,1068.0,18943.0,60,314.6,0.1242,0,2,0,3,0,0,97.0,-0.461,-0.392,-1.381,-1.113,-1.08,0.185,-1.085,-1.459,0.041,-1.913,0.38,-0.899,0.776,-0.608,-0.634,0
29.0,1111.0,13283.0,3.8,45.0,3,0.544,2,578.0,0,3,0.418,522.0,10.9,1801.0,1777.0,12,147.2,0.1325,0,3,1,1,0,1,215.0,-1.08,0.286,-0.465,-1.148,0.407,-0.327,-0.278,0.88,-0.626,0.264,0.494,-0.042,0.74,1.034,1.797,0
45.0,2015.0,24063.0,8.7,51.0,2,0.4,4,470.0,5,0,0.208,0.0,10.3,1663.0,14572.0,36,413.5,0.2052,0,1,2,1,0,1,44.0,-0.32,0.927,1.993,-0.164,-0.968,2.287,0.012,-0.547,-0.869,1.395,-1.593,-0.258,0.767,0.265,1.241,1
39.0,1342.0,16379.0,0.7,39.0,6,0.121,0,689.0,0,4,0.064,107.0,10.6,1181.0,9405.0,48,194.7,0.1451,0,1,0,5,0,1,20.0,1.097,-0.278,-0.543,-0.581,0.799,1.188,1.179,1.42,-0.06,-0.662,-2.155,-0.721,1.084,0.85,0.46,0
33.0,1433.0,17959.0,1.0,41.0,3,0.39,1,596.0,1,1,0.232,139.0,6.7,1062.0,5379.0,36,145.5,0.1015,1,1,3,2,1,0,85.0,1.599,-1.134,1.184,0.108,1.448,0.143,-1.156,0.736,-1.045,-1.143,-2.234,-0.799,0.342,0.396,-1.42,0
49.0,2218.0,25966.0,5.3,43.0,0,0.267,0,699.0,2,2,0.274,391.0,7.4,1535.0,15122.0,48,311.8,0.1406,1,2,1,3,0,1,12.0,-0.477,-0.382,-0.536,-1.139,0.567,-1.834,0.246,-0.119,-0.815,0.259,0.636,-0.668,0.438,-0.332,-0.089,0
62.0,1812.0,22453.0,24.5,51.0,3,0.341,0,618.0,3,0,0.407,0.0,6.2,1596.0,8070.0,36,222.3,0.1227,0,1,3,5,1,0,29.0,0.836,-0.255,1.199,-0.033,0.32,0.291,0.403,-2.748,1.745,-0.384,0.663,0.316,-0.899,0.806,-0.025,0
37.0,1032.0,12585.0,4.5,26.0,5,0.194,1,699.0,2,2,0.277,311.0,5.4,1340.0,6004.0,24,251.7,0.2439,1,2,1,5,2,0,96.0,-1.235,0.408,-0.257,0.323,-2.704,0.42,0.729,1.371,1.356,0.438,0.192,-0.082,0.85,0.77,-0.647,0
32.0,1696.0,21359.0,10.6,51.0,6,0.437,1,614.0,2,1,0.148,89.0,4.9,1253.0,8622.0,60,150.9,0.089,1,0,0,2,0,1,51.0,-1.345,-1.358,-0.086,0.435,0.978,-0.156,0.126,-0.861,-0.567,0.219,0.719,1.627,-0.31,1.463,-0.041,0
46.0,1030.0,12857.0,7.6,47.0,4,0.26,2,580.0,3,1,0.525,165.0,1.7,475.0,3189.0,12,269.3,0.2615,0,3,1,2,1,0,190.0,1.329,0.141,-0.431,-0.932,-1.205,0.46,-0.77,-2.156,-1.301,0.766,0.372,0.786,0.441,-0.933,2.774,1
33.0,836.0,10239.0,3.6,33.0,0,0.173,0,640.0,0,2,0.478,268.0,6.9,350.0,7871.0,36,222.3,0.2659,1,2,1,1,0,1,32.0,0.15,-0.143,-0.382,0.817,-1.645,-0.315,1.256,0.904,0.648,1.619,-0.347,-1.19,0.352,1.292,0.54,0
40.0,975.0,11678.0,0.8,43.0,6,0.109,0,671.0,2,3,0.031,26.0,12.9,1883.0,7212.0,12,600.3,0.6157,1,0,0,3,0,0,107.0,-0.454,0.565,0.124,-1.149,-1.108,-0.817,0.374,1.534,0.839,-1.34,0.085,-1.471,-1.373,-1.279,-0.336,1
25.0,1494.0,18161.0,3.5,53.0,2,0.128,1,739.0,4,3,0.0,0.0,7.5,2085.0,5734.0,48,122.8,0.0822,0,0,1,4,0,0,44.0,-0.426,-0.002,-0.33,-0.33,-1.661,-0.485,0.368,-1.391,-0.147,-0.851,-0.018,1.958,0.735,1.744,-0.09,0
57.0,1020.0,12404.0,6.4,45.0,1,0.685,2,512.0,1,3,0.622,909.0,6.6,819.0,1028.0,36,28.4,0.0278,1,1,1,2,1,1,120.0,-0.344,-2.36,1.096,-0.778,-0.362,2.085,0.091,0.114,-1.426,1.544,0.249,0.252,1.497,-0.537,-1.148,0
60.0,1403.0,16626.0,1.0,33.0,7,0.656,0,635.0,0,3,0.71,1190.0,2.7,751.0,8744.0,36,239.6,0.1708,1,0,1,4,2,0,34.0,0.455,-0.677,-2.126,-0.243,-0.153,-0.638,-1.157,1.19,-0.598,0.556,3.026,-1.002,-0.584,0.997,0.752,0
60.0,1816.0,21723.0,15.9,28.0,1,0.264,1,667.0,1,1,0.319,147.0,8.1,1221.0,8963.0,24,384.2,0.2116,1,0,1,1,3,1,23.0,-0.31,0.695,0.219,-0.3,0.934,-1.557,1.655,-2.1,0.63,0.258,0.138,-0.852,-1.038,0.806,-1.199,0
36.0,1184.0,14328.0,10.4,32.0,0,0.172,0,705.0,0,1,0.262,80.0,4.8,555.0,2504.0,12,206.3,0.1742,0,2,2,1,3,1,33.0,-0.039,0.193,-0.208,-0.382,-1.743,-0.234,0.482,1.011,0.493,-0.031,-0.064,-0.096,-1.046,-0.054,-0.65,0
39.0,1855.0,23334.0,3.6,44.0,0,0.554,2,553.0,2,1,0.259,147.0,2.4,3958.0,2195.0,24,89.4,0.0482,0,0,1,3,1,1,69.0,-0.8,0.9,0.519,-0.77,-1.777,-0.456,1.057,0.177,0.245,0.359,-1.656,-0.946,-1.002,1.229,-0.093,0
32.0,1456.0,17295.0,8.6,47.0,2,0.246,1,605.0,1,0,0.403,0.0,3.3,918.0,11062.0,24,463.3,0.3182,0,1,0,2,3,1,50.0,-0.009,-0.824,-0.63,0.191,1.025,-2.354,0.875,2.219,0.874,0.229,-1.576,-1.767,-0.477,0.962,0.655,0
36.0,906.0,11507.0,9.1,26.0,6,0.67,0,562.0,2,2,0.592,543.0,11.6,199.0,2683.0,12,226.7,0.2502,1,0,1,3,1,1,12.0,-0.343,-2.096,1.361,0.536,0.217,0.34,-0.718,-0.774,0.12,1.052,-2.354,0.636,-1.402,1.432,0.526,0
31.0,1434.0,16852.0,6.4,42.0,0,0.251,0,675.0,1,3,0.132,291.0,1.8,340.0,6180.0,60,105.3,0.0734,1,1,0,2,0,1,29.0,-0.136,-0.94,-0.459,0.534,-1.093,-0.527,1.696,0.399,0.616,2.689,-1.299,-0.043,-0.241,-1.487,0.783,0
33.0,1250.0,14828.0,9.0,38.0,4,0.07,0,675.0,3,3,0.0,0.0,5.8,1472.0,3623.0,12,300.3,0.2402,0,1,0,3,0,1,76.0,0.061,0.477,0.306,1.0,-0.605,-0.572,-0.311,0.941,-0.639,0.592,0.32,0.726,-0.172,-2.071,-0.508,0
38.0,7229.0,87130.0,14.5,41.0,5,0.125,1,652.0,1,2,0.238,1298.0,1.1,3881.0,45400.0,60,767.6,0.1062,0,3,2,2,0,1,17.0,1.201,1.168,1.515,-0.83,-0.245,1.14,-1.291,0.079,-0.468,0.195,-1.484,-0.773,-0.707,1.285,-0.589,0
59.0,950.0,11024.0,29.3,36.0,3,0.095,0,712.0,1,3,0.052,47.0,5.0,239.0,1404.0,48,28.9,0.0304,1,2,1,1,0,1,70.0,0.229,0.589,-0.461,0.973,-0.337,-1.387,0.326,-2.004,-0.463,-0.458,-1.126,0.322,0.603,-0.053,0.009,0
40.0,6688.0,77714.0,7.5,44.0,6,0.547,3,506.0,3,2,0.406,1681.0,0.4,8334.0,40767.0,36,1162.6,0.1738,0,2,2,5,0,1,12.0,-1.083,1.295,0.492,0.673,-0.49,0.026,1.191,0.689,-0.654,0.996,0.874,0.761,-0.866,-0.079,-2.265,0
37.0,1464.0,18588.0,13.1,36.0,2,0.132,1,728.0,2,3,0.16,337.0,7.5,1523.0,7649.0,48,156.2,0.1067,0,2,0,4,2,0,218.0,-1.241,-1.3,0.625,-1.026,0.419,-1.13,1.593,-1.543,1.206,0.981,0.068,-0.335,0.108,-1.343,0.156,0
27.0,2714.0,31536.0,4.6,40.0,5,0.143,0,669.0,1,2,0.125,346.0,5.6,879.0,8403.0,36,225.0,0.0829,0,0,2,5,1,1,27.0,0.449,0.248,-0.054,-1.118,1.302,-0.408,0.55,-1.108,-2.329,0.36,-0.426,-0.768,-0.597,1.177,2.337,0
53.0,1236.0,14885.0,9.7,39.0,5,0.58,2,565.0,2,3,0.526,925.0,14.1,578.0,5523.0,24,232.7,0.1883,0,0,1,1,1,1,21.0,-0.605,0.512,-0.482,0.521,-0.927,-0.885,0.291,0.837,-1.835,-0.575,0.819,1.31,-0.045,1.359,-0.568,0
41.0,929.0,11038.0,7.2,55.0,0,0.364,1,687.0,1,1,0.339,93.0,9.8,595.0,6854.0,36,187.1,0.2014,0,0,0,3,2,1,185.0,0.928,-0.421,-0.48,0.653,1.419,-1.299,-0.775,0.386,0.718,-1.342,1.961,0.836,1.118,0.285,0.037,0
47.0,1339.0,16842.0,11.9,43.0,3,0.337,0,600.0,2,2,0.363,516.0,4.6,678.0,4074.0,36,112.2,0.0838,1,3,1,1,1,0,48.0,-0.781,-0.009,1.114,0.406,-0.989,-0.157,0.122,0.092,0.989,-0.397,0.654,-0.739,2.318,0.111,0.158,0
59.0,1716.0,21255.0,11.9,39.0,0,0.249,1,650.0,4,4,0.112,263.0,4.0,927.0,14344.0,36,396.5,0.2311,0,0,1,3,0,1,71.0,0.283,-1.048,0.159,-0.599,0.011,-0.058,-0.117,0.629,0.683,1.306,0.228,-0.437,0.4,0.474,0.531,0
42.0,3525.0,45009.0,2.8,31.0,0,0.136,1,678.0,1,1,0.0,0.0,6.6,1921.0,10563.0,24,436.9,0.1239,1,0,0,4,2,0,49.0,-0.105,-0.103,1.742,-0.58,0.753,0.516,0.64,-0.362,0.309,-0.005,1.24,0.266,0.291,0.71,-0.729,0
39.0,1554.0,18480.0,9.6,42.0,0,0.575,0,611.0,2,3,0.59,717.0,10.5,586.0,7634.0,24,320.0,0.2059,0,2,0,3,1,1,16.0,-0.151,0.782,1.1,-0.43,0.68,-0.399,0.726,0.42,0.841,1.65,0.8,0.789,0.018,0.824,-0.942,0
44.0,1354.0,15564.0,14.9,31.0,2,0.052,0,746.0,4,2,0.046,41.0,9.3,1281.0,3528.0,36,98.3,0.0726,0,1,0,1,1,1,95.0,1.058,-0.995,-0.909,1.294,0.86,-0.555,1.216,-0.202,-1.167,-0.04,-0.51,-1.096,2.53,-0.084,-1.472,0
59.0,4021.0,47669.0,15.5,51.0,0,0.423,1,620.0,1,4,0.43,2984.0,7.1,2413.0,22362.0,24,930.0,0.2313,1,0,0,2,3,1,261.0,0.831,-0.709,0.122,0.473,-1.436,0.76,-0.239,-0.549,1.227,-0.502,0.728,1.416,-0.826,-0.116,1.381,0
37.0,1261.0,14305.0,2.5,38.0,4,0.27,1,651.0,3,3,0.445,939.0,2.7,1486.0,2206.0,36,61.4,0.0487,0,2,2,3,4,1,70.0,1.258,1.167,-0.374,1.328,0.295,0.427,0.56,0.08,0.887,-1.048,0.291,0.457,-0.295,0.694,-0.046,0
60.0,381.0,4635.0,31.9,47.0,2,0.504,0,647.0,1,2,0.603,242.0,1.2,415.0,943.0,48,19.6,0.0514,1,2,1,2,0,1,63.0,0.414,-0.405,0.499,-0.364,-0.652,-0.493,0.532,1.524,0.322,1.093,0.145,0.808,1.966,0.195,0.101,0
35.0,1739.0,20332.0,9.0,47.0,2,0.243,1,678.0,2,1,0.022,14.0,9.2,2185.0,14518.0,48,304.0,0.1748,1,0,1,2,1,1,125.0,0.822,0.297,-0.757,-0.184,-0.628,0.339,0.966,-0.831,-0.672,0.128,0.96,0.789,-0.292,-0.945,-1.2,0
39.0,2269.0,27701.0,9.7,42.0,0,0.475,0,621.0,1,4,0.586,2004.0,7.1,1838.0,7043.0,24,291.3,0.1284,0,0,2,3,1,1,70.0,2.095,1.167,-0.489,0.126,0.655,-0.407,-0.018,0.561,0.159,0.867,0.301,-0.822,-0.223,0.895,1.995,0
40.0,760.0,9190.0,7.7,41.0,6,0.209,0,687.0,3,1,0.194,81.0,3.6,367.0,5900.0,36,168.5,0.2217,0,0,0,4,1,0,62.0,-1.66,-0.06,-0.939,-0.969,-0.058,2.181,-0.311,0.296,0.624,-1.101,-1.853,0.042,-0.353,-1.418,0.618,0
48.0,2339.0,28853.0,20.2,23.0,6,0.19,0,744.0,0,1,0.398,480.0,1.4,601.0,8230.0,36,236.1,0.1009,0,0,1,2,3,0,180.0,0.544,0.398,1.765,-0.731,1.308,1.573,-1.419,-0.257,0.268,-0.713,-1.491,-2.079,0.82,2.247,-0.431,0
57.0,2098.0,23937.0,22.1,41.0,2,0.259,1,694.0,2,2,0.129,135.0,8.7,1219.0,12659.0,24,541.4,0.2581,0,2,1,3,1,0,76.0,-0.068,0.03,-1.681,-0.167,-0.864,0.449,1.44,1.051,1.0,-0.238,-0.345,-0.988,-0.411,0.664,-0.12,0
42.0,2000.0,23741.0,19.1,40.0,3,0.064,2,668.0,2,2,0.062,77.0,7.8,2542.0,12610.0,24,522.7,0.2614,1,3,0,4,3,1,236.0,0.178,0.14,1.433,-0.93,0.898,-0.895,0.058,-0.611,-1.213,0.808,0.532,-0.084,-0.037,0.037,0.239,0
48.0,729.0,8711.0,22.9,45.0,6,0.076,0,706.0,2,3,0.038,41.0,6.8,899.0,4889.0,48,99.7,0.1368,0,0,2,4,1,0,88.0,-0.994,1.298,0.186,-2.223,1.345,0.009,-0.511,-0.726,-0.9,-1.457,-0.591,0.609,-0.256,-0.608,1.019,0
25.0,771.0,9239.0,2.1,41.0,3,0.324,0,664.0,3,3,0.232,279.0,4.5,599.0,4378.0,36,123.8,0.1606,0,2,1,2,2,1,74.0,-0.887,0.893,0.136,-0.839,-0.634,-1.563,-0.574,0.47,-2.054,-0.196,0.012,0.724,-0.775,-1.487,1.318,0
57.0,681.0,8343.0,24.8,35.0,7,0.247,0,609.0,1,4,0.26,350.0,12.0,316.0,5753.0,12,476.9,0.7003,0,2,1,2,0,0,205.0,1.112,0.425,-0.152,0.193,0.581,0.568,-1.441,0.217,-1.021,0.749,-2.195,0.855,-2.062,0.186,-0.487,1
52.0,744.0,9167.0,20.6,45.0,7,0.529,0,636.0,1,3,0.296,185.0,13.0,1348.0,2814.0,36,76.4,0.1027,1,0,0,2,2,1,88.0,-1.409,-1.671,-0.949,-0.955,1.42,-0.377,-0.911,1.621,0.87,0.652,-0.668,0.163,0.159,-0.217,0.561,0
30.0,425.0,5226.0,2.2,24.0,1,0.359,2,516.0,1,1,0.359,59.0,2.8,273.0,4091.0,24,175.3,0.4125,0,2,0,2,4,1,66.0,-0.094,-1.956,2.507,-2.269,0.313,-0.224,0.123,-0.11,-1.429,-0.692,-2.058,-0.866,1.032,0.944,1.017,1
47.0,727.0,8924.0,16.7,44.0,3,0.311,0,716.0,1,7,0.411,1071.0,4.3,295.0,4460.0,24,188.0,0.2586,0,3,0,2,0,1,43.0,-0.803,-0.568,0.222,1.315,-0.378,-1.749,0.937,-1.864,-0.497,-0.63,-0.804,-0.159,-1.303,0.912,1.259,1
53.0,1682.0,19079.0,14.6,34.0,0,0.544,1,608.0,1,3,0.63,1142.0,5.5,1608.0,8672.0,24,379.1,0.2254,0,1,2,2,2,0,33.0,0.236,-0.89,0.834,-0.036,-1.305,0.469,-0.109,-0.087,-0.214,-0.984,-0.811,1.991,-1.055,0.278,-1.075,1
44.0,5104.0,61879.0,1.3,30.0,2,0.439,1,545.0,1,2,0.523,1964.0,1.8,5614.0,9578.0,24,391.0,0.0766,0,0,1,4,2,1,209.0,-1.769,0.122,-0.496,0.152,-0.18,-1.238,0.539,-0.611,-1.103,-1.354,-1.325,0.864,0.472,-0.021,-0.723,0
25.0,1389.0,16811.0,4.2,48.0,6,0.695,2,530.0,3,2,0.597,842.0,4.1,1842.0,6519.0,48,137.6,0.0991,0,0,2,4,0,1,76.0,0.019,1.163,-0.12,0.116,-0.967,0.402,-0.328,0.305,0.628,0.237,-0.781,0.412,-1.149,-0.618,2.06,1
26.0,1433.0,17618.0,3.8,31.0,4,0.491,0,703.0,1,0,0.146,0.0,6.2,2140.0,3809.0,12,328.0,0.2289,0,3,1,2,1,1,127.0,0.497,0.729,-0.307,-1.305,0.168,-0.744,-1.826,-1.482,0.198,-1.735,0.437,-0.391,0.729,1.086,0.611,0
57.0,485.0,6219.0,12.5,46.0,3,0.191,0,685.0,1,0,0.237,0.0,9.8,353.0,521.0,24,21.2,0.0437,0,2,0,3,0,1,162.0,1.178,-0.976,-0.068,-0.394,-1.047,0.785,-0.384,1.368,-0.79,-0.613,-1.957,-0.831,-0.873,2.024,-0.262,0
33.0,727.0,8910.0,6.1,23.0,2,0.505,0,657.0,2,4,0.497,428.0,9.8,488.0,3186.0,12,271.9,0.374,0,0,1,2,1,0,16.0,0.351,1.501,0.192,-0.671,-0.43,-2.413,-0.695,1.013,1.244,-2.602,-0.815,-0.448,1.434,-1.06,0.62,0
41.0,2210.0,26206.0,12.3,38.0,0,0.303,1,663.0,1,1,0.338,409.0,10.7,6421.0,4226.0,36,117.5,0.0532,1,3,1,2,0,0,109.0,0.548,-1.682,-1.567,2.159,0.311,-1.884,-1.193,0.517,0.112,1.019,-0.77,-0.89,-1.437,-0.022,-2.024,0
22.0,2058.0,24507.0,1.5,42.0,7,0.211,2,640.0,2,4,0.278,936.0,6.3,3016.0,5994.0,48,125.0,0.0607,0,1,0,4,1,0,70.0,0.316,-0.475,0.248,0.702,0.631,1.032,-0.33,0.116,-0.556,-0.087,0.752,-0.704,0.92,-0.274,-0.962,0
47.0,2713.0,32578.0,18.6,31.0,4,0.753,1,547.0,2,3,0.734,1502.0,3.8,3614.0,22921.0,36,631.6,0.2328,0,0,0,2,1,1,40.0,-0.424,-0.175,1.122,-1.055,-0.372,0.38,-1.136,-0.235,-0.567,-0.77,1.068,1.638,-0.463,0.063,1.366,0
60.0,1325.0,15546.0,27.3,50.0,4,0.484,0,636.0,0,2,0.374,528.0,2.6,850.0,8532.0,36,238.7,0.1802,1,2,0,2,0,1,54.0,0.478,-1.548,1.215,0.014,0.615,0.658,-0.493,0.891,-0.029,1.004,-0.109,-0.937,0.075,-0.193,0.296,0
36.0,1758.0,20930.0,8.1,51.0,0,0.638,1,600.0,3,1,0.549,519.0,5.0,3004.0,10207.0,24,435.5,0.2477,0,2,2,2,1,0,25.0,0.532,-1.408,0.034,-0.351,2.736,-1.324,-0.506,0.605,1.155,0.175,1.55,0.373,-2.595,0.265,-0.073,0
52.0,1071.0,13086.0,15.6,53.0,6,0.314,0,592.0,2,2,0.149,171.0,16.0,2437.0,3578.0,12,290.6,0.2713,1,0,0,3,0,0,77.0,-1.929,0.65,0.298,-0.091,-0.324,-0.71,1.008,0.187,2.068,0.696,-0.708,0.986,-1.455,-0.239,-0.881,0
37.0,1969.0,22931.0,3.8,19.0,1,0.23,1,654.0,2,3,0.143,217.0,2.8,937.0,13370.0,36,376.3,0.1911,0,1,1,2,0,1,197.0,-0.828,-1.08,0.443,-0.906,-0.27,0.015,-0.612,1.088,-0.037,0.772,-1.346,0.505,-0.342,0.157,-0.004,1
24.0,579.0,6941.0,1.8,41.0,2,0.29,0,667.0,4,3,0.198,183.0,3.7,163.0,1567.0,24,64.6,0.1116,1,3,1,1,3,0,44.0,-1.102,0.402,1.746,-0.164,-1.74,0.286,0.369,-1.706,-0.676,3.314,-0.679,-0.116,0.237,-0.198,1.218,0
56.0,1545.0,18843.0,29.0,42.0,5,0.589,1,614.0,2,1,0.59,484.0,8.3,1745.0,6254.0,48,131.5,0.0851,1,0,1,3,2,0,92.0,-1.337,1.768,1.753,0.235,0.869,-0.162,-1.137,-0.781,1.244,2.644,0.252,-1.192,0.333,-0.422,-1.175,0
54.0,5221.0,61650.0,16.5,48.0,3,0.715,0,630.0,0,2,0.48,1768.0,2.3,2662.0,15570.0,36,422.2,0.0809,1,1,0,2,0,1,37.0,1.427,0.294,-0.381,0.737,-0.421,0.468,0.295,1.843,0.196,0.252,0.242,-0.441,-0.227,-0.844,-0.125,0
24.0,2995.0,35275.0,0.9,28.0,3,0.718,1,598.0,2,3,0.537,1726.0,1.3,745.0,9867.0,12,818.9,0.2734,0,0,1,5,1,1,35.0,-0.832,0.281,-0.775,1.314,-0.812,0.435,-0.516,-0.396,-0.374,0.029,2.214,-0.042,0.721,-1.648,1.724,0
48.0,1904.0,22952.0,20.2,41.0,6,0.264,1,653.0,5,1,0.283,297.0,18.4,2331.0,10929.0,24,464.0,0.2437,0,0,1,4,1,1,103.0,-0.241,-0.367,0.324,-0.183,-0.293,-1.185,-2.459,-0.021,-1.014,1.662,-1.53,0.575,0.02,0.275,-0.795,0
55.0,2605.0,31198.0,13.9,45.0,5,0.6,1,566.0,2,2,0.455,713.0,6.4,871.0,18904.0,36,508.8,0.1953,0,1,1,3,1,0,38.0,1.914,-0.618,0.776,-0.011,0.901,-0.261,-1.265,1.258,0.506,-0.352,-1.089,1.125,1.827,-1.163,-0.962,1
35.0,4192.0,53965.0,4.8,47.0,1,0.17,0,693.0,0,1,0.105,147.0,7.9,2898.0,7179.0,48,150.7,0.0359,0,0,2,2,1,1,50.0,0.352,-0.33,1.608,0.418,1.138,0.338,0.568,0.568,-0.391,-1.453,-0.945,-0.77,0.467,-2.675,0.568,0
50.0,1719.0,20913.0,22.3,34.0,1,0.45,1,577.0,2,3,0.554,959.0,1.2,2102.0,16024.0,24,675.2,0.3928,1,1,0,4,0,0,41.0,0.996,1.446,-1.124,-1.949,1.604,0.48,0.814,0.924,0.242,0.874,-1.51,-0.564,0.471,-0.344,-1.103,1
20.0,801.0,9966.0,0.0,37.0,2,0.506,1,604.0,0,1,0.519,107.0,11.0,869.0,2318.0,36,63.4,0.0792,1,0,0,5,1,1,62.0,-1.009,-1.647,0.57,0.191,0.263,-2.084,-0.46,-1.233,0.757,-1.212,1.303,1.853,1.112,-0.108,-0.502,0
53.0,671.0,7900.0,11.3,27.0,7,0.071,0,713.0,0,4,0.327,410.0,5.8,699.0,5891.0,36,166.7,0.2484,1,1,1,3,0,1,134.0,-0.067,1.66,-0.005,0.845,0.017,0.034,-0.038,0.281,-1.99,0.904,-0.126,0.154,0.32,-0.521,-0.829,0
41.0,3715.0,44342.0,9.0,42.0,1,0.895,2,498.0,3,5,0.833,6202.0,9.5,1936.0,24171.0,12,2047.3,0.5511,0,0,1,2,0,1,64.0,0.83,-0.369,-1.951,1.114,0.965,0.459,0.062,-1.596,3.246,-0.037,-0.244,0.359,1.307,1.038,0.739,1
32.0,916.0,11139.0,5.3,32.0,5,0.216,0,713.0,2,1,0.169,74.0,3.9,1118.0,5433.0,24,227.5,0.2484,0,3,1,2,1,1,154.0,-1.116,0.077,-0.482,-0.651,0.224,-1.318,-1.346,-0.224,1.227,0.844,1.189,1.303,0.439,-0.854,0.649,0
40.0,1887.0,22673.0,8.8,29.0,2,0.312,2,581.0,3,0,0.307,0.0,5.5,1854.0,17924.0,12,1476.8,0.7826,0,1,0,3,1,1,41.0,-2.286,-0.546,-0.49,0.597,0.264,0.847,-1.316,1.286,0.802,0.899,1.306,-1.706,-1.453,-1.115,0.286,1
41.0,1441.0,16850.0,20.0,57.0,7,0.713,1,562.0,2,4,0.481,770.0,15.1,1990.0,9550.0,24,402.5,0.2793,1,1,1,3,1,1,24.0,-0.458,1.587,0.075,0.069,-1.113,1.218,-0.455,0.972,-0.492,0.503,0.111,-0.932,1.647,-0.004,-1.157,1
35.0,1172.0,14332.0,3.8,36.0,2,0.088,1,622.0,4,0,0.046,0.0,20.9,468.0,9313.0,48,193.4,0.165,1,0,1,1,2,0,22.0,0.149,-0.289,1.047,1.353,0.862,0.681,0.371,-0.657,-1.027,-0.228,0.239,0.806,0.166,-0.501,-1.827,0
55.0,1943.0,24812.0,11.2,38.0,5,0.389,1,642.0,0,3,0.337,996.0,6.1,2316.0,5302.0,36,148.8,0.0766,0,3,1,2,1,0,83.0,-0.463,1.419,1.392,0.243,0.113,0.494,-0.092,-0.114,0.517,-0.236,0.482,-0.68,0.155,0.449,0.945,0
50.0,985.0,11642.0,10.2,46.0,4,0.255,0,643.0,4,2,0.197,137.0,5.2,1567.0,9015.0,24,368.6,0.3742,1,0,0,3,0,0,114.0,-0.536,0.857,0.953,0.441,0.855,-0.914,-0.729,-1.105,-0.186,-1.569,-0.97,0.608,-1.523,0.191,2.149,0
20.0,1963.0,22605.0,0.0,41.0,7,0.23,0,719.0,0,2,0.083,140.0,13.6,6680.0,10661.0,12,906.5,0.4618,0,2,0,3,1,1,94.0,-1.6,1.138,-0.279,-0.721,-0.13,-1.057,1.376,1.193,-0.478,-0.054,0.797,-0.842,-0.603,2.046,0.632,0
41.0,1896.0,22092.0,10.8,42.0,0,0.334,2,541.0,3,1,0.402,315.0,1.3,957.0,9126.0,48,192.0,0.1013,0,3,0,4,0,1,41.0,-0.688,0.531,-0.903,0.975,0.559,-0.853,-0.015,1.015,0.348,0.569,-1.081,0.251,1.841,0.113,0.302,1
35.0,817.0,9795.0,13.2,31.0,4,0.29,1,684.0,0,1,0.129,57.0,1.5,277.0,5571.0,36,150.6,0.1843,1,0,0,2,4,0,177.0,-0.013,0.976,1.655,0.475,-1.077,0.266,1.487,1.212,0.829,-0.592,0.917,-0.253,-0.356,-0.21,-1.415,0
31.0,1599.0,19352.0,3.6,43.0,7,0.382,0,754.0,0,3,0.252,425.0,6.7,1342.0,11978.0,60,199.4,0.1247,0,0,0,2,1,0,68.0,0.008,-0.45,-0.473,-0.942,-0.458,-0.055,0.944,3.292,-1.572,0.366,-0.364,0.725,0.159,0.394,-0.737,0
32.0,1744.0,21091.0,5.8,34.0,1,0.619,0,675.0,1,0,0.529,0.0,7.6,1016.0,16588.0,36,462.1,0.265,0,1,0,2,1,1,165.0,-1.823,-0.316,-1.029,1.35,0.61,0.097,-1.193,-0.081,0.673,-1.193,-1.0,0.495,-0.783,-0.162,0.924,0
49.0,782.0,9522.0,27.6,38.0,4,0.285,4,522.0,1,3,0.154,187.0,6.0,1122.0,4622.0,24,198.1,0.2533,1,2,1,2,3,0,85.0,0.207,-1.381,1.018,-0.507,-0.279,-1.184,0.916,-0.251,-0.309,0.105,-0.158,-0.271,0.238,1.88,-0.987,0
26.0,1062.0,13201.0,5.2,48.0,6,0.351,1,602.0,3,0,0.293,0.0,4.1,2446.0,3316.0,24,144.6,0.1362,1,2,0,4,2,1,109.0,-0.334,0.106,-0.576,0.754,0.368,-1.189,-1.274,-0.584,2.073,-0.945,-0.826,-0.834,-1.048,0.306,-0.874,0
59.0,1022.0,12133.0,9.6,40.0,3,0.213,0,737.0,2,0,0.173,0.0,11.2,624.0,5437.0,24,232.6,0.2276,0,1,0,3,2,1,39.0,1.093,-1.224,-1.334,-0.214,2.258,0.774,0.961,-0.568,-1.445,-2.239,0.297,-1.988,0.033,-0.17,0.903,0
42.0,1538.0,18743.0,9.5,48.0,4,0.422,2,570.0,3,1,0.337,174.0,4.9,3763.0,9007.0,60,150.7,0.098,1,3,2,3,0,0,187.0,0.204,-1.675,-0.126,0.624,0.179,-1.06,0.469,1.901,-1.185,-1.264,-0.292,-0.784,-1.341,1.264,-1.002,1
34.0,3908.0,47460.0,5.9,40.0,4,0.426,0,691.0,2,4,0.623,3983.0,3.8,1587.0,5560.0,48,116.6,0.0298,0,0,0,4,0,1,67.0,1.052,0.255,-0.041,0.048,1.349,-1.052,-1.806,0.95,0.689,-1.448,-1.53,-1.031,-0.699,-0.326,-0.191,0
41.0,2041.0,25230.0,6.2,29.0,4,0.218,0,694.0,0,1,0.135,124.0,4.7,1483.0,17526.0,48,357.8,0.1753,0,2,0,3,0,1,123.0,1.465,-0.1,0.438,0.541,-1.346,1.616,1.286,1.751,1.092,0.607,0.193,1.155,0.155,0.022,-0.554,0
30.0,655.0,7172.0,2.6,40.0,0,0.341,1,648.0,3,4,0.293,284.0,15.2,206.0,3259.0,60,54.1,0.0826,0,3,1,4,0,1,75.0,-0.052,0.889,1.78,-2.223,1.73,0.365,1.056,0.199,0.41,2.153,-1.941,-0.083,-0.993,-0.65,0.93,0
48.0,4578.0,57545.0,5.6,39.0,4,0.496,1,651.0,1,1,0.525,943.0,4.9,1515.0,45362.0,24,1827.3,0.3991,0,2,1,3,1,1,109.0,0.91,-0.375,1.37,0.33,-0.205,0.222,0.512,0.164,-0.356,1.527,1.014,0.062,-0.3,-0.14,-0.54,0
48.0,1241.0,14554.0,13.6,35.0,2,0.316,0,687.0,2,2,0.277,193.0,8.4,348.0,7989.0,24,344.5,0.2776,0,0,1,3,1,1,211.0,-2.323,-0.969,-0.306,0.816,-0.014,-0.956,-1.937,2.167,-0.89,-0.77,-0.246,-0.664,-0.812,-0.017,-1.065,0
35.0,1408.0,17034.0,6.5,34.0,2,0.145,0,593.0,0,4,0.126,199.0,15.8,620.0,12524.0,12,1051.9,0.7471,1,1,0,3,3,1,29.0,-2.343,-0.907,-0.077,0.608,0.339,-2.383,1.105,1.339,-1.142,-0.223,1.219,-0.44,1.09,1.455,0.091,1
33.0,1574.0,17911.0,5.1,36.0,4,0.075,0,670.0,1,2,0.004,6.0,4.6,783.0,1658.0,36,45.4,0.0288,1,0,1,3,1,1,98.0,-0.85,0.133,1.166,-0.041,-0.577,1.12,-0.654,0.06,0.039,-0.058,-0.825,-0.653,-0.37,-0.769,-0.285,0
49.0,953.0,11215.0,9.4,38.0,1,0.101,1,656.0,4,3,0.0,0.0,4.5,369.0,2943.0,36,77.8,0.0816,0,3,1,2,1,1,135.0,0.503,0.318,-0.055,-0.502,-0.559,1.418,-1.334,0.166,-0.009,-0.74,0.014,-0.954,0.577,0.092,0.932,0
53.0,2345.0,27200.0,29.6,40.0,5,0.08,1,654.0,1,3,0.161,528.0,2.7,3621.0,19537.0,48,411.0,0.1753,1,0,3,5,3,1,24.0,0.762,-0.373,0.012,0.308,0.689,0.134,0.767,0.629,-1.338,-1.277,0.223,0.715,-1.949,0.406,-1.192,0
44.0,4533.0,56114.0,19.1,33.0,4,0.178,0,683.0,2,2,0.0,0.0,8.3,6287.0,38837.0,60,641.4,0.1415,0,3,0,3,1,1,96.0,-0.04,0.293,1.411,-0.59,-0.979,-0.59,1.282,-1.066,0.865,1.273,0.819,-1.073,2.084,1.064,0.876,0
38.0,1508.0,18417.0,17.7,38.0,4,0.248,0,729.0,1,2,0.212,266.0,2.9,4509.0,5268.0,24,217.1,0.144,1,2,0,2,1,0,37.0,0.54,1.649,-0.582,-2.583,-1.274,-0.094,0.19,-1.134,-0.318,-0.174,1.046,-2.233,0.113,-0.152,1.439,0
20.0,1092.0,13318.0,0.0,64.0,4,0.267,1,581.0,3,2,0.133,100.0,3.4,1593.0,4102.0,12,336.1,0.3078,1,2,0,3,2,0,98.0,0.008,-0.383,0.868,0.368,0.542,0.482,-1.01,-0.336,-0.791,0.47,0.269,1.645,0.744,1.753,0.083,0
40.0,2199.0,26126.0,3.5,47.0,7,0.344,0,654.0,2,1,0.059,71.0,7.7,1119.0,5965.0,48,121.6,0.0553,1,1,0,2,0,1,80.0,0.058,0.567,-0.625,0.957,-1.087,0.034,-1.105,0.132,0.225,0.464,1.657,0.158,1.002,-0.268,-1.23,0
28.0,2378.0,30066.0,3.3,42.0,5,0.053,1,616.0,1,3,0.12,358.0,15.1,1831.0,3889.0,48,80.7,0.0339,0,0,1,2,0,1,71.0,0.464,1.082,-0.128,0.992,-0.365,-0.23,0.027,-1.555,-0.005,0.142,1.113,-1.66,-0.819,0.932,-0.502,0
38.0,3831.0,47217.0,6.4,19.0,1,0.154,1,589.0,1,4,0.0,0.0,7.4,7142.0,19030.0,24,796.9,0.208,0,2,3,3,1,0,127.0,-0.634,0.705,1.238,-1.429,-0.477,-0.765,0.521,-1.153,0.743,1.021,-0.102,-1.233,0.111,-0.253,-2.931,0
20.0,1215.0,14325.0,0.0,36.0,3,0.559,1,569.0,3,5,0.456,1460.0,1.9,597.0,4845.0,24,205.2,0.1689,0,3,0,3,1,0,126.0,-0.294,1.628,0.443,-1.1,0.403,-0.949,-1.592,1.15,-1.679,0.791,2.495,-1.126,0.832,-1.511,-0.349,0
32.0,1480.0,18289.0,9.0,25.0,4,0.601,0,685.0,1,3,0.484,1137.0,1.3,959.0,11262.0,36,319.5,0.2159,1,1,0,4,1,1,41.0,2.422,1.577,-0.157,1.245,0.868,-0.11,-0.814,-2.121,-0.495,1.128,-0.438,-0.351,-0.299,0.961,0.726,0
25.0,2437.0,28415.0,3.8,44.0,1,0.299,1,558.0,3,2,0.072,129.0,7.9,3315.0,2503.0,48,51.6,0.0212,0,0,0,2,3,1,25.0,-0.021,0.264,-0.427,-0.83,-1.381,-0.517,0.806,-0.134,0.302,-0.603,-0.454,0.887,0.673,0.47,-0.863,1
34.0,627.0,7879.0,0.7,44.0,4,0.127,0,763.0,3,2,0.166,93.0,7.4,618.0,4840.0,36,133.7,0.2132,1,0,0,4,1,0,85.0,0.354,1.066,0.641,-1.292,-0.518,-0.28,-2.005,0.05,-1.056,-0.238,-0.634,0.462,0.317,-0.327,0.932,0
24.0,3967.0,46461.0,3.8,35.0,1,0.321,0,626.0,1,2,0.231,962.0,11.5,1490.0,29374.0,60,481.1,0.1213,0,0,3,4,1,0,26.0,-0.564,-0.276,0.704,-0.298,0.042,-0.701,0.382,0.531,-1.177,-1.086,-1.146,0.856,-0.098,0.917,-0.49,0
34.0,4066.0,49371.0,1.8,38.0,7,0.59,0,632.0,1,0,0.721,0.0,15.0,2343.0,22847.0,48,472.7,0.1163,0,3,1,2,3,0,77.0,0.725,1.561,-1.068,1.717,0.268,0.5,-0.88,-0.678,-2.017,1.052,-0.842,-0.149,0.624,-0.498,-1.111,0
47.0,2286.0,26737.0,5.2,39.0,6,0.131,1,561.0,4,3,0.136,285.0,2.1,3434.0,8384.0,24,351.6,0.1538,0,0,1,5,0,1,141.0,0.933,0.839,-1.259,-1.787,0.476,0.353,-2.475,1.086,0.729,0.892,0.573,-0.244,1.226,2.103,-2.274,0
25.0,916.0,10380.0,1.9,24.0,7,0.639,0,686.0,1,3,0.648,785.0,4.0,1777.0,5823.0,36,162.5,0.1774,0,2,1,2,0,1,32.0,-0.299,1.788,-0.528,-0.607,0.089,-0.396,0.836,-0.817,0.327,-0.327,-1.912,-0.302,0.297,0.952,1.001,0
36.0,980.0,11784.0,13.0,43.0,4,0.171,0,705.0,2,1,0.065,18.0,6.0,500.0,1948.0,12,166.0,0.1694,0,1,1,2,1,0,77.0,0.699,-0.278,0.137,-0.525,0.661,0.489,0.848,-0.836,1.904,-1.909,0.167,-0.165,0.191,0.503,-0.141,0
46.0,1708.0,20382.0,8.5,41.0,5,0.365,1,624.0,4,2,0.256,363.0,6.9,1505.0,9667.0,12,780.4,0.4569,0,1,2,5,1,1,54.0,0.463,1.894,-1.073,-0.044,1.979,-1.649,0.656,-0.234,1.896,0.822,-0.898,0.408,-0.252,-0.59,1.607,1
55.0,742.0,9133.0,7.4,25.0,4,0.156,0,697.0,0,1,0.149,56.0,3.3,226.0,5732.0,60,95.3,0.1284,1,1,3,2,0,1,120.0,0.28,0.911,0.822,-0.211,1.182,-2.315,-0.176,-0.647,0.752,0.454,0.115,-1.48,-1.905,-0.29,1.373,0
49.0,1116.0,13575.0,9.3,40.0,4,0.417,0,745.0,1,2,0.332,202.0,2.1,1864.0,3529.0,12,294.9,0.2642,1,2,1,4,3,1,14.0,-1.534,-0.061,-0.44,-0.534,0.717,-0.671,0.681,-0.152,0.557,-0.15,-0.14,-1.847,2.035,0.812,-0.408,0
20.0,1762.0,21487.0,0.0,31.0,4,0.232,0,678.0,0,4,0.338,886.0,2.6,1091.0,4959.0,36,134.6,0.0764,0,1,0,3,1,1,9.0,1.535,-1.105,0.765,-0.839,0.865,-1.451,0.071,0.621,-0.61,1.431,1.495,1.54,-0.134,0.096,-1.897,0
20.0,2095.0,25908.0,0.0,41.0,7,0.303,0,636.0,0,2,0.348,711.0,6.3,1202.0,17757.0,12,1546.3,0.7381,0,2,1,3,0,1,29.0,-1.77,1.279,-1.044,0.911,-0.487,-1.807,0.44,-1.783,0.705,-0.379,0.314,0.228,-1.213,-0.723,-1.209,1
48.0,1093.0,12932.0,6.1,43.0,0,0.377,0,671.0,2,3,0.175,257.0,4.4,1937.0,2040.0,36,55.6,0.0509,1,2,1,2,0,1,46.0,-0.075,0.817,1.162,0.544,-0.543,-1.084,-1.69,0.726,-0.626,2.066,1.528,-1.207,1.098,-0.373,-0.532,0
35.0,1233.0,14519.0,4.3,40.0,5,0.39,1,595.0,3,1,0.528,357.0,8.4,631.0,8468.0,36,234.2,0.1899,0,0,1,3,3,1,41.0,0.483,0.777,-0.954,1.779,3.04,-0.296,-0.405,0.952,1.063,0.746,-0.11,-1.677,-0.731,-1.512,0.424,0
23.0,3583.0,42004.0,2.5,47.0,2,0.271,0,659.0,1,1,0.216,387.0,4.8,4023.0,12376.0,24,526.8,0.147,0,3,0,3,0,1,37.0,0.917,0.934,-1.232,-0.079,1.048,-0.169,-1.001,-0.107,-1.424,1.034,-0.276,1.889,1.534,0.377,-0.798,0
44.0,3057.0,36865.0,5.5,56.0,0,0.119,0,676.0,1,2,0.141,232.0,0.8,1403.0,14591.0,36,403.8,0.1321,0,2,1,2,0,0,332.0,0.221,-0.727,-0.547,0.984,1.347,-0.649,0.116,0.42,-1.397,1.424,-1.481,-0.759,-0.901,-0.777,0.267,0
70.0,2102.0,25733.0,28.9,48.0,3,0.578,0,703.0,0,5,0.379,1281.0,7.7,3839.0,12807.0,24,515.9,0.2454,0,3,2,3,2,0,38.0,-1.066,-2.015,0.127,1.553,0.348,0.897,1.089,-1.979,-0.531,0.107,0.047,-1.915,1.042,1.878,-0.001,0
24.0,698.0,8042.0,2.6,32.0,5,0.187,1,623.0,2,5,0.142,156.0,15.3,1220.0,3424.0,24,140.2,0.2009,0,0,1,2,1,1,57.0,-0.209,0.464,-0.896,0.406,0.001,-0.459,-0.495,-1.14,0.413,-0.144,-0.389,0.023,0.682,0.634,-0.84,0
36.0,833.0,9720.0,8.7,45.0,4,0.457,0,598.0,1,3,0.209,259.0,5.7,548.0,4698.0,36,131.2,0.1575,0,0,1,3,1,1,44.0,-1.201,-1.23,-0.552,1.23,-0.197,0.486,-0.057,0.851,-1.802,1.235,-0.585,0.74,-0.048,-0.219,-0.344,0
53.0,876.0,11073.0,6.4,29.0,3,0.433,0,663.0,2,2,0.602,431.0,2.4,1065.0,7339.0,36,201.7,0.2303,0,1,1,3,1,1,21.0,-0.509,-0.441,0.207,-0.308,0.289,0.31,0.442,1.96,-0.882,-1.643,-1.114,-0.46,0.83,-0.928,-0.256,1
31.0,1307.0,15880.0,7.4,56.0,1,0.295,0,602.0,2,4,0.628,1639.0,6.9,1193.0,9196.0,48,194.7,0.149,0,2,1,4,2,1,111.0,0.246,-1.868,0.041,2.413,1.369,2.037,0.084,0.755,-0.189,0.974,-0.698,-0.429,-0.176,1.048,0.524,0
35.0,1029.0,12307.0,5.0,22.0,5,0.699,3,495.0,1,1,0.554,303.0,5.9,373.0,5213.0,48,106.1,0.1031,1,1,0,2,1,1,14.0,0.426,1.63,-0.937,-0.34,-0.241,0.293,-0.307,1.335,-0.343,1.6,1.219,1.013,2.25,0.966,-1.616,0
31.0,2299.0,26730.0,1.3,32.0,3,0.322,1,537.0,2,0,0.331,0.0,6.4,2085.0,16676.0,12,1439.8,0.6263,1,0,2,2,1,1,57.0,1.384,0.189,1.424,-0.077,1.241,-0.453,0.697,1.189,-0.776,-1.439,0.433,-0.043,-0.547,-0.549,1.677,1
35.0,3361.0,41645.0,8.8,46.0,0,0.519,0,655.0,4,2,0.574,1932.0,16.7,6477.0,20789.0,24,869.7,0.2588,0,2,1,3,0,1,107.0,0.132,-0.069,0.627,0.911,0.886,0.303,0.418,2.952,0.453,-1.165,-0.87,1.199,-1.835,0.414,-0.678,0
48.0,2160.0,26553.0,12.4,54.0,5,0.364,0,654.0,1,1,0.167,109.0,8.4,1093.0,3405.0,48,68.1,0.0315,0,3,1,2,4,0,90.0,-2.004,-0.379,-0.133,0.078,0.433,0.579,-0.109,-1.89,-1.233,-0.432,0.552,1.098,-0.449,2.949,-0.332,0
41.0,4129.0,48829.0,7.0,32.0,0,0.054,0,734.0,4,3,0.0,0.0,11.4,1692.0,20166.0,24,858.3,0.2079,0,0,1,2,1,1,9.0,1.471,0.284,0.072,0.075,-0.126,1.344,0.348,0.351,-0.372,0.958,-1.817,-0.765,-2.352,1.031,0.583,0
47.0,776.0,9319.0,9.7,45.0,2,0.888,4,311.0,6,4,0.956,777.0,10.7,742.0,5644.0,24,238.5,0.3073,0,1,1,3,2,1,68.0,1.463,1.101,-0.322,-0.786,1.127,0.614,0.879,-0.469,-3.258,0.527,0.394,0.96,0.5,-0.07,-0.632,1
45.0,1784.0,21476.0,6.3,46.0,2,0.42,1,609.0,3,1,0.362,247.0,5.8,509.0,7529.0,60,125.2,0.0702,1,2,0,2,1,1,47.0,1.379,-1.333,0.17,0.115,0.186,-0.085,0.147,0.1,0.394,0.361,-0.517,-1.619,-1.415,-2.378,-0.388,0
41.0,2871.0,35505.0,7.7,36.0,4,0.274,0,725.0,4,2,0.36,722.0,3.6,3681.0,8390.0,24,351.6,0.1225,1,1,1,2,2,0,32.0,-0.3,1.32,1.788,-0.256,1.001,0.877,-0.087,0.507,-1.313,1.565,-0.232,-0.557,0.675,1.128,-0.842,0
54.0,757.0,9247.0,11.9,40.0,2,0.225,2,558.0,3,8,0.183,421.0,11.4,570.0,3963.0,36,114.9,0.1518,0,0,3,2,0,1,21.0,-0.418,-1.687,0.279,-0.687,-0.946,0.123,-0.093,-1.268,0.034,0.673,0.46,-0.275,-0.247,-0.583,-0.614,1
58.0,2308.0,26185.0,22.4,29.0,1,0.499,2,573.0,3,0,0.242,0.0,3.0,2765.0,12038.0,24,499.8,0.2166,0,3,2,2,1,0,62.0,1.353,0.116,-0.19,-0.442,0.12,-0.086,-0.596,0.891,1.112,-1.505,0.929,0.1,-1.003,0.205,-0.101,0
47.0,2686.0,31933.0,3.4,40.0,0,0.249,1,663.0,0,2,0.275,817.0,3.4,2851.0,8401.0,36,232.3,0.0865,0,1,1,5,1,0,78.0,1.264,-0.215,1.373,-1.339,0.774,-0.554,0.339,-0.021,-0.791,2.147,0.782,-0.028,-1.535,1.307,-0.899,0
21.0,2824.0,32237.0,0.8,38.0,1,0.329,2,614.0,2,3,0.361,1196.0,2.5,1506.0,10906.0,36,301.3,0.1067,1,1,1,4,1,1,209.0,-0.024,0.126,-0.291,0.988,1.837,0.808,1.836,-1.038,0.65,-0.381,0.667,0.476,1.862,1.764,0.219,0
41.0,1270.0,15150.0,6.7,44.0,4,0.409,0,741.0,1,4,0.325,752.0,3.4,1585.0,11391.0,36,323.9,0.255,0,3,1,3,1,0,152.0,1.581,-0.007,-1.467,-0.249,0.755,-0.659,0.484,1.544,-1.213,-0.237,-1.498,-1.14,-0.61,0.316,-0.739,0
29.0,1873.0,23925.0,3.4,44.0,4,0.734,2,503.0,2,0,0.628,0.0,3.8,4118.0,13806.0,48,288.8,0.1542,1,0,0,3,0,1,43.0,0.917,-1.432,-1.688,0.571,-1.27,-0.115,-0.74,0.358,-0.564,0.905,0.975,0.375,-0.08,-1.329,1.312,0
38.0,1560.0,18124.0,11.7,27.0,5,0.697,1,570.0,4,1,0.56,357.0,1.8,589.0,6895.0,24,277.7,0.178,0,0,0,2,0,1,8.0,1.171,0.333,-1.258,-0.511,-0.123,1.707,0.288,0.149,0.151,-0.448,-1.045,-1.745,0.374,0.288,0.046,0
40.0,808.0,9812.0,1.0,33.0,1,0.627,1,633.0,3,4,0.71,749.0,14.1,850.0,2409.0,12,199.1,0.2464,1,3,3,3,1,0,130.0,-0.211,0.835,0.701,-0.097,1.45,-0.123,0.131,-0.71,0.833,0.377,-0.087,0.332,1.59,-0.096,-0.019,1
51.0,2443.0,28639.0,8.5,48.0,2,0.15,0,637.0,1,3,0.337,877.0,0.8,814.0,5347.0,60,91.5,0.0375,0,1,1,1,1,0,18.0,-1.068,-1.513,0.764,0.152,0.383,0.38,-0.794,0.414,0.998,-0.27,0.794,-0.872,0.72,0.071,-0.271,0
36.0,1908.0,23577.0,8.9,36.0,5,0.096,0,675.0,2,1,0.067,56.0,8.4,264.0,10853.0,36,306.4,0.1606,1,1,0,2,0,0,46.0,0.473,0.9,0.691,-1.327,-1.009,1.962,0.16,-0.398,-0.751,-0.377,0.961,-2.444,0.5,0.294,-1.973,0
30.0,2546.0,30408.0,3.7,41.0,1,0.088,1,645.0,1,1,0.0,0.0,6.7,3680.0,5749.0,48,117.9,0.0463,0,1,1,4,2,1,48.0,0.066,-1.986,-0.597,-0.86,-0.021,-1.343,0.44,-1.341,-1.62,-0.824,-2.409,1.229,-0.226,-0.789,1.778,0
62.0,2176.0,25696.0,4.9,50.0,5,0.42,3,547.0,5,1,0.475,272.0,4.3,2673.0,11541.0,12,960.3,0.4413,1,1,1,2,1,0,6.0,-0.857,-0.53,1.728,0.844,-0.22,1.012,0.889,-0.414,0.051,-0.441,-0.047,0.6,-0.044,2.867,-0.768,1
27.0,722.0,8969.0,1.6,46.0,3,0.198,2,599.0,0,1,0.188,52.0,1.1,688.0,6250.0,36,177.4,0.2457,1,1,0,3,2,1,35.0,-1.149,0.824,1.724,2.085,0.968,1.279,1.013,-2.523,-0.212,1.03,-0.928,-0.307,0.112,-0.347,0.388,1
46.0,2598.0,31630.0,21.0,24.0,1,0.2,1,627.0,1,1,0.0,0.0,8.1,2494.0,17806.0,48,367.3,0.1414,0,0,0,4,1,1,31.0,-0.241,0.529,0.553,-0.638,-1.618,0.158,1.832,0.308,-0.217,0.451,-0.031,-1.551,-1.681,1.231,-0.921,0
46.0,1119.0,13393.0,9.4,34.0,5,0.552,0,619.0,3,2,0.473,310.0,7.8,1446.0,5648.0,48,118.5,0.1059,0,0,1,1,0,0,92.0,0.347,0.57,-0.747,0.077,0.923,1.212,1.28,0.454,-0.073,2.279,0.117,0.315,0.303,1.679,-1.517,0
29.0,1339.0,15823.0,6.0,37.0,7,0.353,0,730.0,1,2,0.474,663.0,1.6,618.0,4356.0,60,71.4,0.0533,1,0,0,4,0,1,123.0,0.081,1.182,0.359,-0.92,-0.29,-0.059,-0.966,1.625,-0.924,1.006,1.214,-1.369,0.223,0.539,-0.55,0
31.0,1439.0,17092.0,0.6,38.0,7,0.165,0,667.0,5,2,0.084,82.0,9.9,1608.0,3521.0,24,148.6,0.1033,0,2,1,2,0,1,82.0,-0.79,-1.877,0.993,1.0,-0.061,1.141,-0.495,0.744,0.689,1.115,-1.726,0.613,-0.334,-0.972,-0.253,0
46.0,1669.0,20095.0,19.4,44.0,1,0.359,1,688.0,1,3,0.695,1678.0,4.4,1766.0,2236.0,48,46.4,0.0278,1,2,1,5,2,1,173.0,-0.477,0.483,-0.515,-0.718,-0.283,-0.776,0.009,0.383,-0.111,-0.331,0.004,0.581,0.549,-0.744,1.174,0
45.0,1373.0,16190.0,15.5,53.0,2,0.431,0,708.0,0,5,0.216,721.0,4.1,501.0,7737.0,60,127.2,0.0926,1,0,1,2,2,1,180.0,-1.065,0.437,-0.15,0.295,0.331,0.317,0.177,-0.068,-0.28,0.306,-0.565,-0.138,1.372,1.397,-0.05,0
38.0,2034.0,24309.0,6.3,43.0,0,0.137,1,694.0,1,0,0.185,0.0,1.4,2040.0,6919.0,36,194.9,0.0958,1,0,1,3,1,0,109.0,-0.447,0.206,0.513,1.721,-1.823,0.733,-0.507,0.777,0.19,0.181,-0.983,-0.434,-0.054,-0.039,0.709,0
41.0,1407.0,15951.0,9.0,32.0,2,0.459,2,514.0,1,1,0.481,208.0,4.5,3318.0,8682.0,48,178.4,0.1268,1,0,1,2,1,0,299.0,1.526,-0.607,0.016,1.054,-0.712,0.132,-1.527,-0.276,-1.556,1.279,-0.498,0.099,1.025,-1.386,-0.51,0
45.0,923.0,11397.0,16.5,50.0,3,0.153,1,656.0,2,2,0.135,134.0,2.7,759.0,7616.0,36,212.6,0.2303,0,2,0,3,0,1,72.0,-0.296,0.178,-0.793,-1.608,1.001,-0.46,-1.251,-0.276,0.248,-1.516,-0.184,0.555,0.211,0.164,0.501,0
36.0,1223.0,14675.0,5.0,23.0,4,0.339,2,563.0,4,1,0.236,136.0,5.5,3534.0,2787.0,24,116.0,0.0948,1,2,1,3,0,0,159.0,-0.414,0.86,-0.934,-0.14,1.339,-0.492,0.351,1.011,0.661,0.188,-0.796,1.542,1.158,-0.928,0.629,0
38.0,935.0,11045.0,5.7,44.0,5,0.394,0,669.0,2,1,0.338,174.0,0.5,701.0,8737.0,24,356.9,0.3817,0,0,1,2,2,1,21.0,0.345,0.807,1.897,-1.367,0.921,-0.347,-2.288,0.334,0.171,-0.669,1.783,-0.083,-1.092,-1.186,1.637,0
37.0,2192.0,26919.0,10.8,33.0,3,0.104,1,730.0,0,2,0.031,40.0,13.6,1528.0,17001.0,24,726.5,0.3314,1,0,2,4,2,0,86.0,-0.731,-0.14,0.151,-1.141,0.673,0.808,1.523,-1.012,1.181,0.45,1.783,0.511,-0.591,-0.532,-1.167,0
41.0,1219.0,13565.0,3.6,42.0,1,0.376,0,713.0,1,1,0.289,156.0,5.4,852.0,2951.0,12,239.7,0.1966,0,3,0,1,2,0,100.0,0.213,0.494,0.951,-0.854,1.259,-1.757,0.331,0.611,-0.539,-1.749,-0.563,-1.281,0.114,-0.912,0.999,0
33.0,1853.0,22516.0,7.0,32.0,6,0.456,0,672.0,2,4,0.5,1695.0,21.1,565.0,5984.0,24,250.0,0.1349,0,0,0,3,2,1,154.0,-0.346,1.973,-0.598,1.14,1.766,-1.972,1.193,1.52,-0.627,0.615,0.18,-1.185,-0.33,-0.757,-2.101,0
34.0,2388.0,27811.0,4.6,35.0,3,0.554,0,679.0,3,5,0.64,2245.0,7.8,1548.0,5875.0,24,250.6,0.1049,1,2,0,3,1,0,142.0,0.284,-0.374,-0.466,0.274,-0.553,-0.206,-1.693,1.537,2.098,-1.381,0.274,0.884,-0.896,0.329,0.808,0
39.0,2406.0,28844.0,11.3,46.0,5,0.169,0,688.0,0,1,0.062,43.0,8.7,2935.0,9094.0,48,185.0,0.0769,0,0,2,3,1,1,254.0,-0.178,1.031,0.839,-1.219,0.277,-0.017,-1.774,-0.155,0.901,-0.041,-2.225,0.093,-0.099,1.104,-0.495,0
44.0,1713.0,18979.0,10.5,45.0,6,0.234,2,671.0,4,2,0.43,418.0,8.9,3037.0,5170.0,48,107.4,0.0627,0,3,0,2,2,0,22.0,-1.089,-0.173,0.117,-1.774,-1.898,-0.321,0.205,-1.324,-0.838,0.209,-1.565,-1.644,0.868,-0.687,-1.348,0
42.0,1825.0,21257.0,14.1,48.0,1,0.432,2,625.0,1,1,0.166,108.0,19.0,1186.0,3124.0,48,65.1,0.0357,0,2,1,3,2,0,24.0,-0.143,3.017,-1.598,-2.585,-0.557,-0.158,0.095,1.271,-0.106,0.537,-0.392,-0.36,0.052,3.418,0.483,0
49.0,1695.0,19347.0,12.4,56.0,1,0.117,0,742.0,4,1,0.206,169.0,3.7,1378.0,11431.0,24,474.0,0.2796,0,2,0,2,1,1,104.0,-0.869,0.747,1.994,-1.222,-0.595,1.46,-0.284,0.078,1.165,0.268,-1.131,0.31,-0.174,0.549,0.722,1
59.0,1136.0,13263.0,10.7,40.0,4,0.058,1,602.0,0,3,0.026,48.0,4.9,1831.0,1733.0,12,147.8,0.1301,0,0,3,2,2,1,25.0,-0.394,-0.656,-0.596,0.846,0.609,0.685,-0.534,-0.235,-0.114,-1.603,1.579,0.607,0.669,-0.024,-0.433,0
40.0,1487.0,18163.0,17.8,39.0,2,0.225,0,671.0,1,3,0.044,70.0,11.0,9103.0,11862.0,36,327.5,0.2202,0,1,0,3,1,1,31.0,0.623,0.002,0.069,2.966,-1.208,0.637,-0.634,-1.008,-0.131,0.71,-0.058,0.536,0.187,0.472,0.421,0
28.0,1594.0,19458.0,4.3,28.0,5,0.311,0,719.0,1,2,0.033,47.0,10.7,1013.0,10463.0,24,422.4,0.265,1,0,1,4,4,1,23.0,0.346,0.582,-1.925,-0.48,-0.508,-0.144,0.385,0.909,-0.631,-0.441,0.597,-0.324,-0.364,0.417,-0.547,0
51.0,1691.0,21126.0,11.3,42.0,4,0.575,0,705.0,1,4,0.761,1542.0,4.5,1985.0,5600.0,60,93.9,0.0555,0,2,1,2,0,0,163.0,0.907,0.793,0.336,-0.888,0.818,-0.024,-0.034,-0.102,-0.915,0.427,0.237,-0.231,0.71,-2.162,-0.346,0
33.0,1703.0,18913.0,7.7,34.0,2,0.384,1,671.0,4,7,0.396,2165.0,2.4,1539.0,5185.0,24,213.3,0.1252,1,2,1,4,2,0,236.0,-2.027,0.512,0.205,-0.042,0.1,0.565,-1.13,0.108,-1.482,-1.256,1.272,-1.105,0.603,-0.067,-0.281,0
29.0,907.0,11527.0,2.3,37.0,6,0.374,2,620.0,1,2,0.445,232.0,5.6,1482.0,2366.0,12,200.2,0.2207,1,3,0,5,1,1,39.0,0.705,1.768,-0.191,-0.176,-0.302,-0.863,0.25,1.354,0.034,-0.041,-0.15,-0.42,1.281,-0.198,-0.881,0
47.0,802.0,9958.0,17.2,20.0,5,0.467,2,589.0,2,0,0.365,0.0,3.2,525.0,2111.0,36,61.0,0.0761,1,0,0,3,0,0,81.0,0.911,-0.253,0.775,-0.623,-1.282,1.351,-0.877,0.153,-0.477,-0.729,-1.116,1.338,-1.298,0.331,1.376,0
71.0,1340.0,16720.0,7.9,37.0,3,0.724,0,602.0,2,4,0.679,1834.0,0.5,570.0,6254.0,24,269.6,0.2012,1,0,0,3,1,0,56.0,-1.17,0.318,-0.073,-0.198,-0.496,-0.846,-0.599,0.269,-0.314,-0.003,-0.384,-0.584,1.289,-1.524,0.864,0
70.0,2881.0,35812.0,18.4,31.0,1,0.442,3,526.0,6,5,0.329,2178.0,3.5,698.0,16217.0,24,665.8,0.2311,0,1,1,2,1,1,75.0,-0.335,-0.357,0.274,-1.989,0.094,-1.493,-0.14,-1.347,0.242,-0.941,-0.883,1.055,0.841,1.927,0.299,0
57.0,1210.0,14625.0,20.5,47.0,6,0.355,2,585.0,2,0,0.292,0.0,2.9,706.0,7425.0,60,123.2,0.1018,0,0,0,3,3,0,102.0,-0.427,0.419,0.677,0.118,1.438,-1.748,0.94,0.169,0.919,0.443,0.999,-0.31,0.578,0.015,0.522,0
24.0,1545.0,18441.0,1.1,31.0,5,0.654,2,550.0,1,2,0.43,442.0,8.9,713.0,4891.0,12,414.4,0.2682,0,2,0,5,0,0,115.0,0.529,-0.399,0.681,1.273,1.318,0.044,0.908,0.201,-0.903,1.404,0.422,0.427,-0.341,0.855,0.811,0
53.0,642.0,7846.0,5.6,46.0,5,0.387,1,605.0,2,1,0.46,97.0,13.2,191.0,4774.0,48,97.6,0.152,1,3,2,3,1,0,138.0,-2.249,-0.879,0.372,-0.255,-1.003,1.299,1.243,-0.113,0.999,-1.157,1.484,0.897,0.258,-0.525,-1.105,0
38.0,3186.0,37003.0,5.9,45.0,4,0.366,3,528.0,1,2,0.555,1771.0,4.7,2317.0,3343.0,12,270.9,0.085,1,3,0,2,1,1,46.0,-3.109,-1.878,2.235,-0.62,2.44,-0.989,-0.689,-0.717,-0.836,1.287,0.562,-0.852,-0.808,-0.434,0.288,0
41.0,1093.0,13484.0,9.9,43.0,3,0.198,0,729.0,1,5,0.346,561.0,8.1,2202.0,9821.0,36,270.0,0.247,1,1,1,2,4,1,72.0,-0.992,-0.421,-1.657,1.231,-0.243,-1.4,0.798,1.368,1.09,0.514,-2.189,-0.133,0.976,-0.81,-0.147,0
44.0,1646.0,18613.0,17.5,49.0,7,0.41,1,672.0,3,1,0.479,350.0,12.8,764.0,2815.0,48,58.3,0.0354,0,2,0,4,1,1,72.0,-0.747,0.931,0.074,0.056,1.316,-1.349,0.253,-1.47,0.219,-1.065,1.053,-0.557,0.35,0.579,0.467,0
31.0,1647.0,20114.0,4.4,42.0,1,0.531,3,492.0,1,1,0.447,398.0,12.8,1272.0,5375.0,24,218.7,0.1328,0,1,0,5,1,1,35.0,0.238,1.266,0.098,0.33,-1.126,1.97,-0.421,0.213,0.371,-0.336,-0.596,0.971,-0.961,0.148,0.355,1
50.0,459.0,5667.0,7.1,42.0,2,0.609,2,469.0,1,2,0.75,298.0,3.5,465.0,969.0,12,82.7,0.1802,1,0,2,1,1,0,72.0,0.064,1.358,0.524,-2.54,1.465,0.294,0.758,-0.962,-0.079,1.122,-0.482,-0.822,0.711,0.524,-2.15,0
46.0,2956.0,34270.0,18.0,46.0,5,0.672,2,554.0,3,1,0.405,428.0,8.1,2541.0,26447.0,60,446.0,0.1509,0,2,1,3,0,0,45.0,0.255,0.125,-0.374,-0.409,-0.582,-1.175,0.857,-2.294,0.182,-0.677,0.139,-0.289,-0.702,0.431,-0.398,0
53.0,532.0,6197.0,26.1,43.0,7,0.17,0,661.0,0,1,0.162,36.0,6.2,60.0,4646.0,60,75.2,0.1414,0,0,1,1,0,1,214.0,-0.044,0.182,-0.137,0.606,-1.211,0.53,-1.228,0.078,-0.897,0.94,-0.522,1.333,-2.197,-0.266,0.683,0
35.0,1040.0,12253.0,4.5,32.0,3,0.618,3,536.0,3,6,0.669,1043.0,10.6,1357.0,1854.0,12,156.2,0.1502,0,0,1,3,1,1,58.0,1.121,0.702,0.346,-0.641,0.908,1.324,1.328,2.235,-1.597,0.623,-0.963,0.592,1.198,-0.108,-0.824,0
67.0,2782.0,33770.0,5.7,31.0,6,0.577,0,630.0,2,3,0.667,2895.0,8.8,1565.0,16210.0,24,677.3,0.2435,0,1,1,5,0,1,86.0,0.066,-0.366,0.292,-0.141,0.414,0.167,-0.109,0.758,0.74,-0.925,-0.693,-0.272,-0.161,1.149,-1.289,0
25.0,4738.0,55746.0,1.9,47.0,0,0.696,2,505.0,3,4,0.579,3582.0,2.7,5601.0,9715.0,12,805.7,0.1701,0,0,0,4,2,1,272.0,-1.286,0.335,0.799,0.001,1.165,-0.14,-1.809,0.824,3.11,0.002,0.489,-0.653,-0.292,0.427,-0.259,1
33.0,1556.0,17968.0,2.6,54.0,0,0.363,2,633.0,3,3,0.158,285.0,7.1,466.0,13745.0,60,224.9,0.1445,1,0,1,1,0,0,85.0,1.63,0.082,-0.044,0.095,-0.408,-0.559,1.621,-0.366,1.734,-0.332,-0.583,-1.215,-1.571,0.715,1.438,0
47.0,1522.0,18422.0,7.7,28.0,4,0.277,1,632.0,2,4,0.282,461.0,6.5,909.0,1643.0,12,137.0,0.09,1,1,0,3,1,0,207.0,-0.593,-1.012,-0.146,0.241,-0.728,2.143,0.3,-2.445,-0.99,1.248,-1.961,0.934,0.126,-1.438,-1.399,0
50.0,1589.0,18501.0,8.1,37.0,1,0.758,1,556.0,6,2,0.528,669.0,6.6,3264.0,13459.0,48,281.7,0.1773,0,0,1,4,3,0,12.0,-0.788,-1.159,-0.022,0.811,-0.613,0.202,-1.909,-0.109,1.143,-1.099,-1.3,0.021,1.322,0.968,-0.219,0
24.0,579.0,6998.0,0.8,46.0,0,0.212,2,560.0,3,5,0.132,201.0,2.4,263.0,4692.0,48,93.5,0.1615,0,1,1,3,0,0,65.0,0.38,-1.561,0.486,-0.061,-0.276,1.419,-0.971,1.955,-0.877,-0.228,2.828,-0.044,0.858,-1.712,1.178,0
35.0,2647.0,31822.0,4.5,30.0,3,0.316,0,739.0,1,2,0.25,565.0,1.2,5737.0,17314.0,24,714.1,0.2698,1,1,1,2,0,1,75.0,-0.474,-0.404,-0.128,0.561,-0.684,1.247,1.357,1.361,0.11,-0.395,-0.044,-1.025,1.367,0.038,0.581,0
49.0,1123.0,13103.0,4.5,40.0,2,0.308,2,520.0,0,0,0.388,0.0,8.4,845.0,3094.0,24,130.4,0.1161,0,2,1,2,0,1,10.0,-0.858,0.062,-0.202,2.142,-1.047,1.504,-0.031,0.353,0.152,0.529,-1.069,-0.753,0.454,1.539,1.057,0
22.0,4782.0,55975.0,0.9,31.0,1,0.208,0,735.0,1,5,0.165,955.0,2.5,4274.0,6980.0,48,150.1,0.0314,0,1,1,3,1,1,52.0,-0.096,0.99,1.076,0.532,0.363,-0.469,0.058,-0.685,0.228,0.854,-1.825,2.727,-0.818,-2.532,-0.344,0
35.0,2088.0,25214.0,12.1,37.0,2,0.549,2,585.0,3,2,0.576,757.0,3.5,3580.0,14910.0,36,406.9,0.1949,1,0,1,3,0,1,68.0,0.599,-1.038,0.16,-0.187,1.293,-0.467,-1.223,-0.701,-0.75,0.129,1.373,1.363,-0.866,0.904,-1.746,0
26.0,975.0,11820.0,2.5,34.0,5,0.192,0,670.0,0,2,0.535,360.0,3.4,1024.0,8782.0,24,365.8,0.3752,0,3,1,2,1,1,32.0,1.435,-0.631,1.788,-1.649,-0.376,0.123,0.391,-1.338,-0.11,-0.26,-0.046,0.605,0.571,1.403,0.425,0
30.0,1558.0,19759.0,4.8,52.0,5,0.168,0,704.0,0,0,0.0,0.0,8.8,1434.0,12820.0,48,267.3,0.1716,0,3,0,4,2,0,8.0,1.04,1.008,-0.711,-0.895,-1.444,0.409,0.513,-1.484,0.239,0.531,-0.531,-0.696,1.659,-0.445,1.17,0
35.0,1461.0,17048.0,5.0,20.0,7,0.325,1,686.0,0,1,0.269,136.0,9.6,1767.0,6395.0,24,253.5,0.1735,0,2,1,2,1,1,66.0,-0.437,1.479,1.038,0.832,0.121,-2.057,-1.092,-0.606,1.081,1.143,-0.553,0.099,0.185,0.175,-1.295,0
48.0,1568.0,19329.0,15.8,43.0,0,0.518,0,611.0,3,2,0.405,362.0,1.4,2264.0,4755.0,60,76.4,0.0487,0,0,3,5,1,1,46.0,1.451,-0.306,-0.068,0.837,0.838,1.226,-2.5,-0.62,-0.168,-0.265,0.796,1.368,0.171,-0.261,0.078,0
35.0,1170.0,14370.0,5.9,30.0,6,0.415,1,661.0,2,1,0.525,299.0,3.2,315.0,2279.0,36,62.1,0.0531,1,0,1,2,1,1,12.0,2.182,0.787,-0.97,0.857,0.373,-0.127,1.682,0.837,1.49,-0.337,-2.203,-0.042,1.084,-0.349,-0.675,0
35.0,1360.0,15825.0,7.5,44.0,1,0.252,0,617.0,0,3,0.18,285.0,1.1,282.0,6017.0,12,515.7,0.3792,0,1,0,3,1,1,116.0,-0.87,-1.183,0.791,0.827,-0.872,-2.193,0.532,1.4,-0.516,-0.008,-1.355,-0.405,-0.139,0.647,0.313,0
43.0,2195.0,25492.0,14.2,45.0,5,0.111,0,735.0,1,1,0.0,0.0,3.9,3360.0,12079.0,60,202.7,0.0923,0,0,2,2,0,0,24.0,-0.576,0.465,-0.726,-0.931,-1.077,-0.275,1.164,1.959,0.614,-1.982,0.677,-1.606,-0.119,0.466,1.048,0
44.0,3237.0,39010.0,9.1,52.0,1,0.522,1,601.0,0,5,0.506,2741.0,2.4,2561.0,20091.0,24,848.2,0.262,0,0,1,3,0,1,61.0,0.03,1.457,0.431,-1.189,-0.842,0.56,0.095,2.052,-1.648,-1.211,-0.144,0.342,-0.262,0.042,0.037,0
40.0,1836.0,21582.0,10.3,39.0,1,0.482,1,613.0,1,0,0.489,0.0,8.1,1613.0,11312.0,48,233.6,0.1272,0,0,0,3,1,1,116.0,0.792,-0.111,-0.61,-0.995,-1.299,1.548,0.443,0.54,0.093,1.396,-0.128,-1.682,-0.391,0.079,1.387,0
43.0,914.0,10464.0,19.3,50.0,5,0.273,0,658.0,1,3,0.303,230.0,5.6,239.0,3065.0,48,65.2,0.0713,1,1,1,2,1,0,96.0,2.549,0.128,0.834,0.591,1.308,0.815,-1.033,1.968,-0.905,1.608,-1.669,-0.162,0.21,0.865,-0.573,0
47.0,1940.0,22957.0,1.8,55.0,3,0.194,0,764.0,1,5,0.146,575.0,8.4,1961.0,6007.0,48,126.1,0.065,0,0,0,2,1,0,145.0,0.444,-1.173,0.651,0.294,0.281,-0.49,-1.068,0.869,-1.778,1.28,0.601,-0.905,-0.635,1.113,0.948,0
67.0,3157.0,38482.0,40.0,30.0,1,0.087,1,633.0,2,1,0.219,373.0,6.9,2000.0,8330.0,60,139.9,0.0443,0,0,1,2,1,1,22.0,0.08,-0.39,0.601,-1.585,-1.495,-1.034,-0.349,-1.043,0.212,0.224,1.977,0.673,-1.409,-1.011,-1.045,0
39.0,1214.0,14300.0,5.7,41.0,3,0.141,0,759.0,2,1,0.084,56.0,9.1,273.0,2968.0,60,48.8,0.0402,0,0,0,4,1,1,32.0,-1.213,-0.22,1.932,0.667,0.504,0.963,-0.693,-2.552,-1.007,-1.475,-0.769,-0.936,0.185,0.073,2.965,0
54.0,3422.0,39772.0,22.1,34.0,3,0.283,2,594.0,2,2,0.277,652.0,1.0,1824.0,6002.0,48,128.8,0.0376,1,2,1,3,0,1,121.0,0.058,-0.567,-1.291,-0.113,-1.321,-0.879,1.361,0.818,1.284,0.777,-1.674,1.126,-0.224,-0.443,-0.519,0
37.0,844.0,9890.0,1.6,27.0,2,0.441,0,613.0,0,3,0.288,202.0,4.7,483.0,6151.0,36,171.1,0.2027,0,0,0,2,1,1,23.0,0.103,-1.805,0.468,0.309,-0.775,0.808,1.286,-0.539,-2.025,0.148,0.822,-0.005,1.45,-0.122,-1.167,0
49.0,1507.0,18221.0,3.1,49.0,1,0.232,2,603.0,7,0,0.226,0.0,2.6,1091.0,7957.0,36,225.9,0.1499,1,3,3,5,3,1,104.0,-0.038,-0.889,1.506,1.177,-0.953,0.005,0.669,-1.655,1.162,-1.087,-0.247,-0.376,0.871,-0.052,-0.174,0
46.0,1455.0,18084.0,17.7,36.0,0,0.565,0,661.0,0,6,0.625,1558.0,11.1,2025.0,2336.0,48,49.6,0.0341,0,0,0,4,0,1,22.0,-0.223,1.061,0.232,1.789,-0.504,-0.968,0.22,-1.844,2.105,-0.681,-0.669,-0.329,0.041,-0.368,0.438,0
56.0,6274.0,74633.0,10.8,33.0,0,0.226,0,652.0,2,6,0.108,1681.0,1.8,1310.0,11693.0,48,241.7,0.0385,0,0,2,1,1,0,50.0,0.147,-1.727,-1.561,-0.328,0.38,1.763,0.546,-0.885,-1.534,0.21,-0.678,0.177,0.949,0.358,1.008,0
30.0,1381.0,16535.0,4.0,48.0,6,0.264,0,649.0,2,1,0.0,0.0,3.0,1393.0,10186.0,24,420.0,0.3041,1,2,0,3,1,0,15.0,1.157,1.623,-1.112,0.236,-0.448,-0.903,0.892,0.035,0.863,-0.615,0.063,-1.458,1.123,-0.927,0.261,0
29.0,1471.0,16841.0,5.9,37.0,3,0.258,2,573.0,2,4,0.148,267.0,12.8,2576.0,7457.0,60,121.8,0.0828,1,0,1,4,3,1,278.0,-1.267,0.326,0.224,1.294,-0.26,1.967,1.009,-0.878,0.786,-1.77,-0.263,1.071,1.067,-0.526,1.165,0
35.0,711.0,8455.0,3.5,42.0,6,0.166,2,626.0,0,3,0.118,99.0,6.0,1052.0,2532.0,36,71.0,0.0999,1,1,1,4,0,1,49.0,0.615,0.055,-0.465,0.303,0.9,2.683,0.861,-0.984,1.432,0.749,-0.333,1.252,-0.03,0.164,-0.424,0
34.0,1888.0,22924.0,2.7,37.0,3,0.357,0,737.0,3,5,0.481,2226.0,17.0,2054.0,11381.0,60,188.5,0.0998,0,2,1,2,1,0,47.0,1.378,-0.284,1.68,0.855,-0.349,-0.295,-1.033,0.557,-0.918,1.486,-0.969,-2.24,1.587,-1.251,-0.31,0
27.0,1517.0,17953.0,0.7,39.0,3,0.203,0,730.0,1,2,0.094,115.0,2.0,1359.0,10954.0,36,315.5,0.208,0,0,1,3,2,1,48.0,-0.023,1.446,-1.068,-0.49,-0.004,2.52,0.038,-1.459,-0.774,-0.252,1.7,-0.071,1.975,0.733,-0.343,0
49.0,865.0,10428.0,8.4,46.0,3,0.188,0,726.0,0,4,0.101,93.0,5.1,1003.0,2147.0,24,91.2,0.1054,0,0,0,4,0,1,69.0,-1.587,0.671,-1.37,-0.605,-2.785,-0.225,-1.301,0.981,1.82,0.307,-1.089,0.702,-0.67,0.381,0.706,0
52.0,2367.0,29415.0,7.7,49.0,1,0.151,0,672.0,4,2,0.0,0.0,2.9,1245.0,8503.0,36,232.6,0.0983,1,1,0,4,0,1,95.0,0.635,-0.244,-0.053,-0.628,0.458,-0.681,-2.799,-0.354,1.342,0.032,0.523,1.143,0.403,0.584,-0.045,0
48.0,1756.0,21495.0,5.1,45.0,7,0.162,1,613.0,2,0,0.267,0.0,5.0,1275.0,6514.0,36,182.0,0.1036,0,1,1,4,0,1,86.0,1.207,0.484,-0.268,-0.822,0.563,-0.275,0.683,0.858,-2.51,1.416,-0.451,-0.376,0.538,0.135,-1.775,0
39.0,644.0,7832.0,8.8,37.0,2,0.806,2,489.0,3,2,0.593,191.0,18.3,263.0,1639.0,36,44.5,0.0691,0,1,3,2,1,0,92.0,0.479,-0.56,-0.698,0.23,-0.564,-1.341,-0.022,-0.129,-0.604,-0.277,-0.41,0.976,0.285,-1.129,-1.131,1
47.0,1087.0,13309.0,4.2,43.0,0,0.122,0,699.0,0,5,0.413,745.0,8.7,483.0,1583.0,36,43.2,0.0397,1,0,1,3,0,1,52.0,-0.713,-1.034,-2.075,-0.713,1.346,0.973,-0.332,-3.976,1.48,-0.939,-2.556,-0.496,-0.038,-1.294,-1.003,0
46.0,672.0,8145.0,1.5,53.0,1,0.592,1,618.0,0,0,0.487,0.0,5.1,1067.0,3256.0,48,67.5,0.1004,1,2,0,4,2,1,22.0,0.879,-0.125,0.359,1.17,-0.526,-2.185,-2.334,-1.713,-0.84,-0.667,0.379,0.322,-1.068,0.109,-0.76,0
37.0,3546.0,42098.0,6.4,35.0,3,0.364,1,585.0,2,1,0.521,989.0,0.4,4680.0,19530.0,60,329.1,0.0928,0,0,1,3,1,0,106.0,-0.609,-0.628,-0.327,1.439,0.305,-0.2,0.223,0.545,-1.682,0.688,0.27,0.599,0.402,-0.395,0.448,1
49.0,1687.0,19662.0,15.2,47.0,3,0.242,0,737.0,1,2,0.338,279.0,5.4,1056.0,12277.0,24,527.4,0.3126,0,3,0,3,0,1,157.0,1.637,0.683,-1.245,1.155,0.29,0.078,1.358,-0.176,-0.682,-1.013,-0.016,0.117,0.327,0.838,-0.011,0
49.0,3942.0,45293.0,12.5,45.0,5,0.6,3,549.0,3,0,0.636,0.0,0.2,4186.0,20304.0,48,416.9,0.1058,0,0,1,3,1,1,87.0,0.702,0.283,0.311,0.25,1.524,0.873,-1.42,-0.118,0.877,1.79,-0.553,0.432,1.175,-0.384,-0.308,0
57.0,1495.0,17726.0,27.9,42.0,3,0.053,0,620.0,0,0,0.022,0.0,2.1,1576.0,7005.0,36,197.3,0.132,0,0,2,2,1,1,88.0,0.361,-1.766,1.362,-0.974,-2.06,-0.502,0.907,-1.467,0.544,2.222,-0.915,-0.557,0.466,0.949,-1.954,0
50.0,4566.0,54777.0,19.7,42.0,6,0.61,0,627.0,1,1,0.727,1441.0,7.6,3016.0,17224.0,36,480.7,0.1053,1,0,0,2,0,0,69.0,1.283,-1.012,-0.435,-0.693,0.72,2.166,1.044,1.3,0.277,-1.83,-0.269,-1.39,0.217,1.539,-0.366,0
65.0,1008.0,11871.0,25.8,44.0,7,0.187,0,768.0,2,3,0.161,183.0,2.1,130.0,4645.0,36,124.8,0.1238,0,1,0,4,0,1,36.0,1.591,0.331,-0.691,0.965,1.172,-0.962,1.614,0.238,0.928,0.843,0.739,0.596,0.898,-0.768,0.484,0
39.0,1163.0,13396.0,8.8,39.0,5,0.426,3,559.0,3,5,0.383,876.0,17.3,455.0,10493.0,36,286.6,0.2464,1,3,2,5,1,1,29.0,1.472,0.766,-1.019,-0.439,-0.661,0.826,0.367,0.048,1.372,-0.854,1.282,0.087,0.774,0.714,-0.111,0
34.0,2342.0,29247.0,1.1,33.0,5,0.699,2,537.0,2,2,0.62,892.0,6.7,1560.0,11259.0,24,464.1,0.1982,1,2,3,1,2,1,67.0,-1.027,0.012,0.326,0.241,0.416,2.089,-0.525,-0.149,1.165,0.014,1.245,-0.063,1.182,1.118,-0.118,0
20.0,1156.0,13733.0,0.0,47.0,5,0.377,1,633.0,1,1,0.394,154.0,10.4,1832.0,10451.0,36,281.7,0.2437,1,1,0,5,2,0,162.0,-1.226,0.906,-0.119,-1.415,2.012,-0.565,0.244,-0.591,0.917,0.06,0.339,0.582,-0.801,0.5,-1.806,0
50.0,1882.0,22952.0,14.3,44.0,5,0.205,2,596.0,3,1,0.0,0.0,7.2,1295.0,8183.0,36,225.9,0.12,1,0,0,1,1,1,40.0,0.338,0.183,0.843,0.268,-0.566,0.087,-0.634,-0.136,0.978,-0.574,0.311,-2.177,-0.526,-1.312,-1.333,0
52.0,1440.0,17543.0,8.1,49.0,5,0.099,1,617.0,2,2,0.0,0.0,5.7,312.0,10089.0,48,211.7,0.147,1,1,2,4,1,0,82.0,0.428,-1.062,-1.973,-0.036,0.897,-0.245,1.051,-0.474,-0.209,-0.51,0.513,-0.081,-0.343,-0.935,0.604,0
38.0,2769.0,33984.0,9.6,43.0,4,0.302,0,636.0,0,0,0.373,0.0,13.1,2517.0,3970.0,24,165.2,0.0597,0,2,0,5,1,0,127.0,-0.144,-0.087,0.794,-0.153,0.707,0.207,-1.164,1.007,-0.02,-0.501,0.361,-0.991,0.788,0.214,-0.902,0
29.0,3658.0,43629.0,6.4,26.0,3,0.151,0,726.0,2,0,0.033,0.0,3.2,3120.0,21030.0,36,585.1,0.16,1,2,1,2,0,0,39.0,-0.662,-0.715,-0.489,-1.058,-0.212,-0.486,0.68,0.176,-1.195,0.987,-0.907,1.414,-0.631,-0.694,0.535,0
49.0,1519.0,18620.0,2.0,30.0,7,0.276,0,697.0,1,2,0.398,365.0,0.6,1762.0,10892.0,12,916.2,0.6032,1,2,1,5,0,1,19.0,0.162,-0.843,1.103,0.663,-0.067,0.314,0.237,-1.33,0.247,1.65,-0.061,1.922,1.989,1.345,0.559,0
44.0,1335.0,16734.0,8.6,46.0,5,0.112,1,647.0,2,3,0.08,158.0,7.8,792.0,1792.0,36,51.3,0.0384,0,1,1,3,2,0,18.0,-0.335,2.214,0.605,0.077,0.799,-0.107,0.235,-0.398,1.083,1.578,1.613,-1.563,0.515,0.335,-0.808,0
37.0,1564.0,18648.0,10.8,43.0,5,0.179,3,614.0,3,2,0.24,188.0,8.7,2524.0,5751.0,12,480.5,0.3072,0,1,2,2,2,1,43.0,-1.182,-0.614,0.595,-0.479,-0.404,-0.876,-2.691,2.302,1.987,0.778,-1.285,-0.508,0.881,-0.34,-2.732,0
40.0,1324.0,15916.0,1.0,48.0,0,0.305,0,656.0,2,3,0.247,524.0,0.8,1261.0,6748.0,24,273.2,0.2063,1,1,3,1,2,0,85.0,0.086,-0.531,-1.277,0.624,-0.681,-0.984,0.866,-0.407,0.489,0.234,-0.977,0.465,-0.993,0.948,-1.043,0
49.0,1843.0,20767.0,7.1,34.0,4,0.336,0,708.0,1,0,0.291,0.0,3.8,941.0,13357.0,36,376.1,0.2041,0,0,3,1,1,1,110.0,0.001,-1.915,-0.268,0.833,1.091,1.175,-2.0,-1.187,0.733,-1.549,-0.145,1.962,-1.025,-0.56,0.955,0
48.0,2045.0,24744.0,14.5,27.0,4,0.062,0,748.0,0,5,0.011,28.0,1.8,1170.0,11024.0,36,315.7,0.1544,0,2,1,4,0,1,31.0,0.075,0.381,-0.756,1.061,-1.096,0.517,-1.033,1.121,1.451,0.46,-0.905,1.318,-1.932,-1.437,-0.434,0
44.0,3362.0,39487.0,12.1,54.0,7,0.398,0,680.0,0,3,0.341,1424.0,9.1,4330.0,15748.0,48,327.9,0.0975,0,2,0,2,0,1,49.0,0.055,0.679,3.287,-0.828,0.569,0.291,0.106,-0.057,0.748,-0.354,0.424,2.693,-0.431,-0.745,-0.283,0
47.0,990.0,11691.0,13.5,29.0,1,0.38,0,679.0,0,1,0.361,116.0,2.7,2840.0,2857.0,36,80.4,0.0812,0,0,1,2,1,1,152.0,0.518,-1.082,1.212,-0.577,0.054,-0.72,0.771,0.409,-0.287,0.728,-0.934,0.669,-0.975,0.906,-0.429,0
49.0,747.0,9051.0,22.5,49.0,5,0.343,0,684.0,1,5,0.216,333.0,3.2,1063.0,4503.0,36,127.4,0.1705,0,1,1,3,2,1,41.0,-0.892,0.185,0.724,-2.145,-0.934,0.135,0.148,0.085,1.251,0.768,0.144,0.403,-1.145,0.586,0.354,0
66.0,1773.0,21380.0,16.8,41.0,0,0.504,0,651.0,2,3,0.475,776.0,6.4,2778.0,11579.0,12,949.6,0.5356,0,3,0,4,0,1,35.0,0.219,-0.406,-0.223,-1.46,-1.65,-0.49,-1.434,1.122,2.772,0.102,1.193,0.656,2.549,0.17,-0.22,1
50.0,780.0,9371.0,17.5,31.0,5,0.472,1,620.0,3,0,0.517,0.0,4.9,1060.0,6603.0,12,561.4,0.7197,0,0,2,2,0,1,75.0,0.694,1.398,-0.191,-1.141,-0.682,-1.303,0.581,0.36,-0.216,1.082,-0.688,-0.866,1.192,-0.542,0.049,1
37.0,3539.0,43168.0,6.6,54.0,3,0.751,1,643.0,2,2,0.689,2530.0,3.6,1831.0,9010.0,24,361.6,0.1022,0,2,0,2,2,0,142.0,1.048,-0.417,-1.948,0.082,0.977,0.201,1.592,0.476,-0.265,0.397,0.419,0.821,-0.237,-0.822,-1.84,0
31.0,927.0,10374.0,4.8,38.0,1,0.296,6,424.0,4,2,0.476,254.0,5.4,2187.0,4692.0,36,133.0,0.1435,0,0,0,2,1,1,82.0,0.917,0.884,1.84,0.66,-0.35,-1.925,-0.275,-0.742,0.685,1.808,-0.412,0.271,1.749,0.628,-1.433,0
33.0,1694.0,20256.0,5.7,39.0,4,0.371,1,532.0,0,0,0.244,0.0,8.9,7274.0,14966.0,12,1242.1,0.7332,1,0,1,3,2,1,32.0,-0.491,-2.369,1.479,0.156,0.097,-0.849,1.288,0.399,-0.133,0.705,0.438,0.859,-0.683,-1.165,1.026,1
67.0,2068.0,24226.0,34.7,47.0,4,0.37,1,598.0,3,1,0.256,278.0,22.6,1510.0,15928.0,24,651.5,0.315,1,1,0,3,1,0,49.0,0.724,0.632,1.117,0.335,0.996,-0.792,1.423,0.661,1.206,0.376,-0.471,-0.018,0.231,-0.196,0.069,0
41.0,1615.0,19025.0,10.8,51.0,2,0.673,2,499.0,3,1,0.593,248.0,2.0,880.0,13836.0,24,583.4,0.3612,0,3,0,1,0,1,94.0,1.169,0.104,0.331,-0.096,-1.03,2.185,-2.626,0.863,0.712,-2.265,0.033,0.396,-0.357,1.383,-1.104,1
34.0,2618.0,31342.0,4.6,47.0,7,0.24,0,763.0,3,1,0.098,90.0,16.4,3966.0,3474.0,60,61.9,0.0236,0,2,0,3,2,1,159.0,1.018,-0.916,0.028,-0.237,-0.211,1.112,-0.136,-2.065,-0.823,-2.38,-0.651,-1.51,0.435,-0.227,-2.807,0
43.0,572.0,7112.0,4.2,37.0,2,0.27,1,683.0,7,2,0.328,194.0,3.5,284.0,1475.0,36,42.3,0.074,0,1,0,1,1,1,72.0,-0.834,0.491,0.389,0.612,-1.906,-0.8,-0.155,-0.459,-0.12,-1.348,-0.897,0.988,-2.126,-0.141,-0.064,0
47.0,1136.0,13454.0,15.5,48.0,6,0.208,0,792.0,0,1,0.27,84.0,6.2,464.0,3055.0,36,83.8,0.0738,1,0,0,2,0,1,31.0,-0.586,0.111,-0.381,1.679,-0.23,1.063,0.158,-0.401,0.6,0.492,-0.178,0.759,-0.381,-0.336,0.199,0
35.0,1541.0,17414.0,5.3,33.0,1,0.568,2,584.0,2,4,0.523,1707.0,13.0,870.0,5799.0,24,252.8,0.164,1,0,1,2,1,1,78.0,-0.251,-0.604,-1.967,3.39,-0.458,-1.142,1.309,0.336,-0.206,-1.283,-0.647,1.265,-0.219,-0.961,0.351,0
40.0,3842.0,47152.0,15.3,53.0,7,0.365,2,549.0,3,3,0.436,1852.0,4.7,3885.0,20002.0,24,820.3,0.2135,0,0,1,4,0,0,24.0,0.444,0.475,0.105,-0.483,0.322,0.145,0.479,-0.202,0.237,-1.214,1.543,-0.708,0.054,-0.864,0.453,0
41.0,4712.0,55331.0,11.4,38.0,1,0.476,0,636.0,1,3,0.495,3372.0,6.0,3599.0,39079.0,36,1101.2,0.2337,0,0,0,3,0,0,137.0,0.43,-0.058,0.344,1.344,-0.089,-0.468,0.338,-0.083,-1.142,1.21,-0.128,0.463,1.082,-0.171,0.668,0
52.0,1520.0,18051.0,23.1,36.0,3,0.204,0,710.0,1,0,0.232,0.0,1.5,1684.0,3086.0,24,125.7,0.0827,1,3,1,3,1,0,23.0,-1.806,1.573,0.221,-0.221,1.868,0.903,0.152,2.084,-0.238,-1.32,0.71,-1.955,0.411,1.069,-0.237,0
32.0,1628.0,19317.0,1.0,45.0,2,0.384,1,615.0,3,3,0.124,163.0,7.1,1558.0,7605.0,36,208.7,0.1282,0,0,1,3,1,1,73.0,0.003,-1.77,1.655,-0.349,-0.06,0.598,-0.115,-0.575,0.374,0.705,0.827,0.509,0.796,-0.881,0.693,0
30.0,947.0,11366.0,3.2,52.0,4,0.561,3,553.0,4,3,0.541,656.0,2.0,1635.0,4253.0,12,348.5,0.368,1,2,0,3,3,1,193.0,-0.328,-1.986,1.398,1.615,1.652,0.784,-1.112,0.241,-0.259,-1.671,-0.47,2.313,1.22,1.526,0.153,0
33.0,1576.0,19811.0,11.8,42.0,7,0.29,1,566.0,2,3,0.243,325.0,5.9,1070.0,11792.0,24,497.2,0.3155,1,2,2,3,0,1,105.0,1.084,1.241,0.004,0.841,-0.497,1.125,0.304,-0.765,1.105,-1.452,1.0,-0.965,-0.3,0.757,-1.528,0
49.0,879.0,10659.0,18.7,41.0,3,0.422,1,608.0,1,2,0.383,334.0,4.3,1452.0,3768.0,12,314.8,0.3581,0,2,0,5,4,0,38.0,2.155,-0.239,-1.897,1.507,-0.743,0.319,-1.203,-0.89,-0.852,1.615,-1.322,-0.16,-0.1,-0.903,1.789,0
32.0,4232.0,49800.0,2.9,41.0,2,0.582,3,508.0,4,1,0.51,767.0,11.2,1063.0,27500.0,24,1163.7,0.275,1,1,0,3,0,0,136.0,0.252,0.116,-1.499,1.828,0.699,-0.602,-0.643,0.96,0.909,0.08,0.5,0.926,-0.045,1.21,-0.971,1
34.0,706.0,8780.0,11.2,56.0,5,0.187,1,639.0,3,2,0.126,64.0,2.4,468.0,2909.0,48,59.5,0.0843,0,1,1,5,1,1,255.0,0.657,1.909,-0.381,-0.18,0.307,0.857,1.178,-1.082,-2.117,1.257,-0.036,0.418,-0.869,0.072,0.131,0
32.0,583.0,7140.0,3.5,34.0,4,0.696,3,449.0,2,1,0.646,103.0,10.0,517.0,5430.0,36,151.3,0.2595,0,1,3,5,0,1,110.0,0.643,1.496,-0.388,-0.471,0.531,-0.346,-0.695,0.934,1.163,-0.282,-1.426,-1.493,-0.724,-1.265,0.318,1
25.0,1473.0,18326.0,3.4,25.0,7,0.196,0,667.0,0,3,0.075,135.0,8.4,345.0,13564.0,48,288.3,0.1957,0,2,1,3,1,0,75.0,-1.29,0.073,-0.406,-0.866,0.22,-0.039,0.885,0.925,-0.076,0.156,-0.875,0.087,1.12,0.881,-0.041,0
27.0,3017.0,34264.0,4.6,60.0,3,0.684,0,596.0,3,2,0.525,1019.0,3.6,10781.0,5208.0,36,143.7,0.0476,1,1,0,2,1,1,138.0,-0.334,0.078,0.295,-0.839,0.552,0.168,-0.465,-1.581,-0.258,-0.808,0.601,2.322,0.138,-0.08,-0.25,0
35.0,1046.0,12496.0,6.1,45.0,5,0.365,3,502.0,1,1,0.343,142.0,10.0,2431.0,4553.0,36,124.1,0.1186,1,0,1,3,1,0,18.0,-0.744,-0.965,0.017,-2.178,-0.572,1.526,-2.354,-1.343,-2.37,0.967,-0.474,-1.803,1.745,1.042,-1.929,1
52.0,1806.0,22110.0,11.4,36.0,7,0.409,1,726.0,3,2,0.461,575.0,11.4,2382.0,14112.0,60,231.8,0.1283,1,0,1,4,3,0,77.0,-0.113,0.089,-0.385,0.383,0.435,-0.195,0.947,-0.323,-0.68,1.676,-2.021,-0.118,-0.657,-1.293,0.447,0
42.0,1536.0,17998.0,13.7,44.0,2,0.687,2,555.0,2,3,0.842,1196.0,1.0,1711.0,12501.0,60,200.6,0.1306,0,3,3,5,0,1,198.0,-0.925,0.566,-0.81,1.419,0.482,-0.864,0.782,-0.154,-0.529,0.494,0.861,1.28,-1.57,0.851,1.161,1
38.0,890.0,10184.0,9.0,44.0,1,0.35,0,730.0,0,4,0.381,723.0,7.0,797.0,2631.0,36,72.2,0.0811,0,3,2,4,1,1,211.0,-1.658,2.336,-0.562,-0.824,1.444,0.416,-0.032,-0.865,1.767,0.481,0.049,0.825,-0.696,-0.468,-0.322,0
59.0,4373.0,51924.0,8.6,38.0,1,0.589,2,538.0,1,5,0.48,3951.0,2.0,3517.0,21541.0,36,580.8,0.1328,0,1,0,3,0,1,17.0,-0.648,0.139,0.024,0.402,-0.624,-1.451,-0.612,-0.604,-1.625,0.782,0.805,-0.446,1.312,-0.019,-0.909,0
58.0,3971.0,46825.0,15.6,28.0,6,0.149,1,622.0,2,3,0.184,943.0,14.4,1338.0,34953.0,48,720.3,0.1814,0,0,1,2,1,1,73.0,-1.202,0.43,1.124,1.016,-0.081,0.388,2.213,0.458,1.498,1.144,1.869,0.317,0.244,0.265,0.568,0
67.0,3697.0,45352.0,35.5,43.0,5,0.276,0,646.0,0,0,0.22,0.0,3.0,1888.0,21705.0,36,605.6,0.1638,1,0,1,2,0,0,52.0,-0.806,-0.93,-0.62,-0.74,-0.46,0.606,-0.613,-0.742,-2.343,-0.025,-0.139,0.688,2.194,-0.374,-0.451,0
38.0,800.0,9509.0,8.0,38.0,6,0.298,0,656.0,1,2,0.486,405.0,7.8,679.0,6046.0,24,257.6,0.322,0,1,2,3,1,1,93.0,0.912,-0.7,1.113,1.551,1.613,-0.489,-0.535,-0.014,0.297,0.331,-1.178,0.035,1.094,0.672,0.719,0
36.0,1146.0,13581.0,8.3,28.0,5,0.623,0,648.0,3,2,0.686,851.0,6.8,1471.0,2075.0,36,57.0,0.0497,1,0,0,2,0,0,28.0,-1.131,0.04,-1.163,-1.806,-1.079,0.773,-0.105,-0.054,0.76,-2.25,0.406,1.048,0.737,0.288,-0.628,0
28.0,2151.0,26944.0,1.8,34.0,0,0.318,0,648.0,1,1,0.468,278.0,1.5,736.0,2413.0,24,98.3,0.0457,0,1,2,3,1,1,26.0,1.043,0.315,-0.426,-0.033,1.26,-0.545,-0.053,0.191,0.434,-0.372,0.346,0.061,-0.865,-0.87,-1.067,0
33.0,3178.0,38488.0,6.4,31.0,2,0.465,1,613.0,1,4,0.522,1680.0,3.8,1070.0,20209.0,24,831.9,0.2618,0,0,0,2,1,0,87.0,0.834,-0.072,-0.265,-0.39,0.482,1.363,0.384,-1.021,0.19,-0.452,-1.862,1.732,0.274,-0.518,-1.862,0
23.0,1349.0,16526.0,1.4,44.0,1,0.489,0,700.0,0,3,0.443,528.0,9.3,1129.0,7504.0,48,155.6,0.1153,1,2,1,3,4,1,90.0,-0.028,-0.383,0.278,-0.468,0.396,0.965,0.367,1.759,0.799,-1.081,0.341,0.75,-0.269,0.231,-0.044,0
53.0,1369.0,16696.0,22.4,31.0,3,0.816,2,363.0,3,0,0.681,0.0,2.8,2163.0,2086.0,12,178.5,0.1304,0,0,1,3,1,1,78.0,0.95,0.065,-0.278,1.687,1.161,0.059,-1.856,-0.844,-0.937,4.059,1.4,1.383,-0.842,-0.223,0.632,1
28.0,561.0,6644.0,2.4,42.0,0,0.311,0,628.0,6,3,0.35,295.0,12.9,278.0,3995.0,12,340.1,0.6062,0,0,0,3,2,0,20.0,1.725,-0.232,-0.437,1.448,-0.918,-0.822,0.126,-0.075,-0.549,-0.298,1.367,0.441,0.478,0.17,0.129,1
57.0,1023.0,12511.0,30.2,38.0,7,0.358,1,679.0,1,3,0.434,689.0,4.7,217.0,1830.0,48,39.2,0.0383,1,2,2,2,2,0,111.0,1.071,-0.65,2.314,-1.948,-1.341,0.281,-1.081,-0.507,0.955,-1.535,0.075,-0.396,0.435,0.992,1.522,0
35.0,1245.0,14705.0,7.3,40.0,4,0.425,0,745.0,0,2,0.348,234.0,4.8,308.0,8795.0,36,246.2,0.1978,1,1,1,2,2,1,31.0,-0.855,0.723,-1.563,1.836,0.906,-0.214,0.735,0.598,0.891,0.708,-0.316,-1.813,-0.583,0.736,-0.433,0
29.0,1643.0,20194.0,3.5,47.0,1,0.227,0,733.0,5,3,0.201,313.0,4.8,1579.0,9490.0,60,160.1,0.0974,0,1,2,3,1,1,80.0,-0.276,0.689,-0.854,-1.071,-0.75,0.595,-0.493,-2.037,-0.696,0.376,-0.433,-0.677,-0.287,0.365,1.078,0
32.0,1293.0,15634.0,7.4,39.0,3,0.289,1,667.0,1,1,0.118,41.0,16.4,1626.0,4042.0,36,113.7,0.0879,1,0,2,4,1,1,39.0,-1.564,-0.057,-1.181,-0.86,0.089,-0.006,-2.024,0.287,1.05,0.259,-0.59,0.187,-0.102,-0.782,-0.137,0
47.0,863.0,10665.0,7.8,47.0,4,0.272,0,646.0,2,2,0.183,95.0,3.4,700.0,6697.0,36,191.7,0.2221,1,0,1,2,0,0,56.0,0.431,-1.317,1.644,1.012,-0.661,0.872,-1.914,0.142,1.391,0.112,0.123,-0.888,1.687,0.295,0.868,0
52.0,820.0,10498.0,8.7,55.0,2,0.363,0,713.0,2,2,0.248,126.0,4.4,324.0,8054.0,36,217.8,0.2656,1,1,1,2,0,1,54.0,-0.698,0.36,2.039,0.114,-0.074,1.183,-1.673,0.105,1.251,0.154,0.362,0.157,-0.196,1.56,0.83,0
27.0,774.0,9341.0,1.5,32.0,1,0.355,0,650.0,0,2,0.365,244.0,4.8,602.0,4733.0,60,76.8,0.0992,0,2,2,2,2,1,113.0,-0.181,0.988,-0.136,-1.097,-0.66,-0.666,0.049,-0.193,1.171,-1.523,0.793,-0.178,0.278,3.131,-1.201,0
58.0,1933.0,22992.0,10.7,58.0,6,0.158,1,631.0,3,4,0.162,396.0,16.0,211.0,13662.0,36,376.5,0.1948,1,1,0,1,0,1,132.0,-0.153,1.485,-1.971,-0.329,-0.926,-0.055,1.04,-1.547,-1.026,0.328,0.099,-1.079,0.981,-2.101,0.51,1
27.0,1581.0,18842.0,3.9,37.0,4,0.465,0,624.0,0,4,0.383,1347.0,4.1,2540.0,4378.0,48,91.0,0.0576,0,0,1,3,0,1,18.0,-0.701,-1.382,-0.511,1.429,-1.442,-0.723,0.291,0.824,1.121,0.833,-0.207,-0.404,0.207,-0.57,-0.59,0
35.0,2518.0,29219.0,1.7,38.0,4,0.389,1,617.0,3,4,0.344,1242.0,21.3,3631.0,16433.0,48,336.3,0.1336,1,3,1,3,2,1,124.0,0.818,-0.209,0.598,0.482,0.697,0.225,-1.455,-0.726,-1.524,-1.091,-0.508,0.252,0.348,1.577,-0.778,0
68.0,1220.0,14787.0,15.2,49.0,5,0.435,0,707.0,1,5,0.426,1177.0,7.4,1330.0,2617.0,24,112.0,0.0918,0,1,3,1,0,1,117.0,-0.262,1.269,-0.302,-0.374,0.57,0.885,-0.288,-0.896,0.402,0.212,0.468,0.908,-1.449,-2.06,-0.466,0
55.0,2313.0,26497.0,11.8,22.0,7,0.233,0,710.0,2,1,0.177,180.0,4.2,5916.0,14325.0,36,407.4,0.1761,1,0,2,2,0,1,120.0,-0.346,0.926,1.012,1.482,-0.423,-0.835,0.707,-0.861,1.505,-0.275,0.875,-0.517,0.617,0.125,0.397,0
45.0,1067.0,12678.0,8.4,55.0,6,0.222,1,621.0,1,3,0.192,173.0,7.9,808.0,1825.0,36,51.1,0.0479,0,0,1,2,2,0,105.0,-1.874,-0.772,-1.37,0.174,-0.364,0.082,0.154,-1.315,-1.835,1.026,0.333,1.697,-0.128,0.862,-0.979,0
59.0,2178.0,24906.0,19.6,36.0,0,0.222,2,600.0,4,3,0.257,878.0,5.2,826.0,3757.0,24,158.9,0.073,1,2,1,3,0,0,182.0,-2.377,1.63,-0.934,0.328,1.52,-1.61,1.459,-0.133,-0.931,-1.785,-2.025,0.61,-0.949,0.337,0.913,0
27.0,7548.0,86450.0,1.4,37.0,5,0.204,0,671.0,0,2,0.094,383.0,0.5,23781.0,30833.0,12,2601.9,0.3447,0,1,0,2,0,1,27.0,1.503,0.444,1.277,0.285,-0.241,-1.22,-1.696,0.624,-0.146,0.038,0.751,0.339,0.598,0.855,-0.738,0
20.0,1423.0,16742.0,0.0,35.0,5,0.436,0,779.0,4,2,0.273,330.0,3.4,540.0,7823.0,60,129.6,0.0911,0,1,1,3,0,0,104.0,-0.456,-0.122,-0.847,0.293,1.479,0.387,-0.552,-1.094,0.675,-0.297,-0.478,-0.217,0.12,-1.776,0.188,0
32.0,1416.0,16733.0,3.5,39.0,7,0.088,0,713.0,3,2,0.092,133.0,1.6,586.0,13590.0,36,365.8,0.2583,1,1,1,2,1,1,76.0,0.205,0.727,1.351,0.488,0.15,-1.252,-0.654,-0.61,2.345,-0.589,-0.814,-0.877,2.158,-0.707,1.75,0
37.0,1118.0,14241.0,6.4,34.0,6,0.225,1,713.0,1,6,0.184,435.0,1.3,664.0,3741.0,48,78.8,0.0705,1,2,0,2,3,0,98.0,0.162,0.331,-1.143,0.356,0.321,1.197,0.26,-0.255,1.236,0.245,1.9,0.872,-0.059,-0.438,0.466,0
40.0,2291.0,27241.0,5.8,47.0,7,0.574,1,576.0,1,2,0.545,630.0,2.6,676.0,7595.0,24,317.3,0.1385,1,3,1,2,1,1,69.0,0.553,-1.951,-1.504,0.696,-0.346,1.137,-1.225,0.705,0.405,0.316,-0.125,-0.112,-0.291,0.736,-0.596,0
20.0,920.0,11484.0,0.0,28.0,2,0.256,1,661.0,4,1,0.257,119.0,2.8,478.0,7371.0,24,298.2,0.3241,1,2,0,2,1,0,99.0,-0.421,1.129,0.889,0.611,0.857,0.254,-1.273,0.692,-2.41,0.05,-1.854,-0.467,-0.801,0.63,-0.043,0
36.0,3906.0,45911.0,10.9,32.0,5,0.599,0,653.0,1,2,0.705,2376.0,12.1,3775.0,36553.0,60,618.5,0.1583,1,0,0,3,2,1,112.0,0.54,0.312,-2.155,2.095,0.066,0.491,-0.527,-0.36,-1.349,1.296,-0.528,1.111,1.804,-1.03,-1.602,0
37.0,2558.0,29953.0,13.0,35.0,4,0.521,0,616.0,0,4,0.559,1559.0,6.0,7744.0,17880.0,36,513.1,0.2006,0,0,0,4,1,0,179.0,-0.363,0.545,0.62,0.899,-0.44,1.168,0.198,-0.406,0.688,0.835,0.707,2.637,-0.887,-0.337,-0.076,0
49.0,895.0,11135.0,19.7,48.0,7,0.161,1,632.0,4,2,0.2,148.0,7.6,560.0,8789.0,24,377.2,0.4215,0,0,0,4,0,1,9.0,-0.676,-0.613,1.053,0.899,0.642,-0.38,2.037,-0.54,-0.578,-1.45,-0.953,0.148,-0.38,0.229,0.231,0
32.0,1318.0,15752.0,1.3,48.0,1,0.287,1,655.0,1,1,0.496,326.0,13.3,905.0,8141.0,60,132.6,0.1006,1,1,1,3,0,1,50.0,0.031,-1.826,-0.233,-0.16,0.588,0.997,-0.028,2.414,0.869,-0.529,-0.121,0.581,0.513,1.302,-0.031,0
47.0,990.0,11260.0,6.3,38.0,3,0.191,0,665.0,5,1,0.027,10.0,14.1,2168.0,9222.0,24,387.5,0.3914,0,0,2,2,2,1,77.0,-0.489,0.786,-0.56,-1.07,-0.355,0.568,0.649,1.141,1.372,0.453,-0.744,1.236,0.565,3.732,-1.004,1
67.0,2435.0,30029.0,17.2,42.0,4,0.281,1,661.0,0,2,0.232,530.0,4.9,1379.0,11370.0,24,479.6,0.197,0,0,2,2,1,0,54.0,0.499,-0.149,0.06,0.236,-0.215,-1.49,-0.345,-1.24,0.234,0.788,-0.187,0.234,-0.544,0.85,-0.418,0
30.0,2672.0,31219.0,7.8,31.0,5,0.404,0,668.0,3,1,0.237,310.0,6.7,1337.0,17904.0,24,739.3,0.2767,0,0,3,1,0,1,17.0,-1.549,-0.22,-1.62,0.636,0.926,0.788,0.078,-1.043,0.498,0.13,-0.667,0.542,2.867,-1.128,-1.305,0
35.0,1621.0,18602.0,9.9,45.0,4,0.156,0,699.0,0,3,0.0,0.0,6.4,1888.0,4182.0,36,116.7,0.072,0,1,0,3,2,0,161.0,0.842,1.404,-1.337,1.148,-0.541,-1.342,-0.742,-1.547,1.031,-1.308,-1.86,0.807,0.044,0.512,0.514,0
33.0,1112.0,13289.0,6.0,40.0,0,0.281,0,681.0,3,3,0.312,285.0,4.2,564.0,2117.0,48,44.0,0.0396,1,1,0,4,3,1,28.0,0.457,1.009,0.036,-0.33,1.992,1.818,0.991,0.234,-1.319,0.839,0.954,2.318,-0.793,-0.517,0.444,0
54.0,1864.0,22125.0,30.0,41.0,1,0.368,1,643.0,1,1,0.387,403.0,12.1,1589.0,4541.0,12,394.6,0.2117,0,1,1,2,3,0,35.0,0.571,-0.711,-1.792,1.601,-0.29,0.154,0.529,2.085,1.661,1.231,0.506,0.065,1.015,-0.86,2.266,0
43.0,1127.0,13969.0,13.4,45.0,4,0.478,2,567.0,1,0,0.448,0.0,11.7,751.0,1980.0,24,83.1,0.0737,1,2,0,4,1,0,49.0,-0.692,-0.318,1.648,0.598,-1.112,0.691,-0.26,-0.721,1.752,-1.871,0.842,-0.761,-1.382,-1.448,-0.664,0
33.0,339.0,4080.0,4.1,43.0,4,0.104,1,602.0,2,5,0.112,85.0,6.9,146.0,1435.0,12,120.2,0.3546,0,0,0,2,1,0,20.0,-0.645,0.611,0.968,-1.587,-0.215,0.303,-1.137,2.225,1.182,1.973,1.853,0.928,0.647,0.852,-1.969,0
62.0,631.0,7311.0,19.0,40.0,1,0.346,0,663.0,1,4,0.401,255.0,7.6,91.0,5086.0,12,430.2,0.6818,0,0,0,4,0,1,95.0,1.628,0.416,-1.169,1.977,-0.155,0.553,0.841,1.031,0.811,0.817,-1.188,0.336,0.109,-1.364,-1.503,1
50.0,615.0,7381.0,6.9,34.0,0,0.254,0,649.0,1,3,0.235,129.0,3.2,251.0,6146.0,24,245.1,0.3985,1,3,2,3,0,0,142.0,-1.341,0.957,0.569,-0.657,-0.057,-1.03,-0.015,-0.094,0.302,0.796,-1.146,1.03,0.463,1.019,-0.923,0
34.0,1129.0,13350.0,2.6,37.0,4,0.488,3,509.0,4,1,0.543,177.0,17.1,1004.0,5610.0,36,153.9,0.1363,1,0,1,5,2,0,35.0,-0.248,-1.082,0.1,0.779,-0.594,-1.483,1.604,-0.533,0.236,-2.55,-1.215,1.288,2.993,-0.987,0.38,0
44.0,1748.0,20607.0,16.1,34.0,5,0.176,2,648.0,3,2,0.0,0.0,8.8,1757.0,15072.0,60,242.2,0.1386,0,0,3,4,3,0,116.0,-0.886,-0.805,0.678,0.547,-1.003,0.058,-1.019,-0.59,0.932,-0.116,-0.922,0.176,-0.769,-1.623,0.038,0
23.0,969.0,11712.0,0.7,38.0,3,0.596,3,467.0,2,2,0.51,530.0,6.7,373.0,9133.0,24,381.4,0.3936,0,1,1,2,0,0,46.0,-1.137,-1.227,-0.99,0.051,2.054,0.743,1.651,-0.055,-0.409,-0.751,2.303,-1.468,1.609,-0.909,-0.897,1
59.0,329.0,4101.0,21.8,39.0,4,0.44,0,655.0,0,4,0.389,265.0,7.4,353.0,960.0,12,79.6,0.2419,0,3,0,3,3,1,28.0,-0.101,1.531,-0.006,-0.653,-0.553,-0.072,1.408,-1.198,0.543,-0.146,-0.74,-0.966,1.777,2.445,-1.112,0
20.0,1144.0,14098.0,0.0,36.0,7,0.255,1,721.0,0,5,0.265,588.0,3.5,489.0,9986.0,48,205.9,0.18,1,0,0,2,1,1,16.0,0.897,-0.414,0.769,1.762,-0.445,-0.319,-0.934,-3.279,-0.513,-0.793,0.273,-0.382,-0.014,0.151,-0.188,0
21.0,1139.0,13202.0,0.4,44.0,6,0.221,0,690.0,1,3,0.124,170.0,4.6,1023.0,3092.0,24,129.8,0.114,0,2,0,4,1,1,59.0,1.591,1.116,0.938,0.293,1.766,-1.162,-1.253,-0.835,0.004,1.207,1.241,0.005,-0.114,-1.585,0.639,0
30.0,3136.0,37832.0,4.3,32.0,1,0.094,0,689.0,2,1,0.0,0.0,7.0,3074.0,17280.0,48,361.2,0.1152,1,1,2,2,1,0,91.0,0.743,0.631,0.133,0.026,0.04,-0.471,0.365,-0.832,-0.238,0.06,0.514,-1.216,-0.897,-0.441,-1.079,0
55.0,1217.0,14000.0,14.0,49.0,4,0.26,2,601.0,0,4,0.128,152.0,1.8,907.0,6801.0,24,280.2,0.2302,0,1,2,2,0,0,77.0,0.015,2.284,-0.805,-0.129,-1.345,-0.911,-1.642,1.213,-0.521,-1.523,1.117,-0.577,-1.558,-2.085,0.008,0
46.0,3856.0,46610.0,18.2,51.0,7,0.396,1,631.0,0,2,0.23,898.0,17.9,2419.0,18924.0,36,513.2,0.1331,0,3,1,4,2,1,58.0,-1.403,0.237,1.337,-0.367,-1.661,-2.212,-0.614,-0.635,0.333,-0.672,-0.676,0.46,0.602,1.046,0.254,0
53.0,1656.0,19259.0,17.0,31.0,5,0.54,0,718.0,0,3,0.467,910.0,3.1,3384.0,3041.0,60,50.0,0.0302,0,1,1,1,1,0,73.0,0.153,1.842,0.922,1.482,-1.345,-1.816,-0.484,1.415,0.806,1.486,0.741,1.158,-2.002,1.738,-0.283,0
40.0,3754.0,44350.0,6.4,42.0,7,0.464,2,584.0,4,1,0.374,435.0,1.5,4089.0,34143.0,48,712.4,0.1898,1,2,1,1,2,1,67.0,-0.16,0.693,-0.654,-1.288,-2.042,0.689,-0.734,-1.623,0.493,-0.511,0.38,0.232,-0.555,0.286,0.881,0
38.0,4194.0,49988.0,3.4,41.0,3,0.706,1,615.0,3,0,0.725,0.0,1.9,2815.0,10452.0,12,903.8,0.2155,0,2,0,4,4,1,83.0,0.988,-0.402,0.673,0.201,-0.899,-0.02,1.246,-0.051,-0.132,0.41,2.248,0.46,-1.041,0.406,-0.236,0
49.0,872.0,10338.0,16.4,31.0,4,0.3,1,700.0,3,1,0.401,105.0,4.6,126.0,8272.0,24,344.9,0.3955,1,1,0,2,1,1,29.0,0.522,0.374,-1.268,-1.211,0.303,-0.512,-1.625,-0.407,1.713,-0.85,1.427,0.03,-0.056,0.12,0.002,0
26.0,1523.0,18092.0,1.5,44.0,5,0.266,1,650.0,3,4,0.392,954.0,1.0,1492.0,4345.0,24,178.9,0.1175,0,0,0,3,1,0,90.0,1.691,1.507,-0.128,0.181,-0.479,0.1,-1.971,-1.583,-0.772,-1.224,1.794,0.205,1.306,0.798,0.282,1
41.0,1956.0,22415.0,5.4,32.0,7,0.467,2,527.0,3,3,0.534,920.0,3.3,655.0,11519.0,24,478.1,0.2444,0,0,0,2,0,1,140.0,-2.799,-0.303,-0.646,0.942,-1.486,1.024,-0.177,0.198,0.442,0.913,-0.081,-1.396,0.277,1.093,1.736,0
46.0,5391.0,63581.0,9.7,36.0,1,0.415,2,586.0,5,2,0.169,551.0,9.0,4600.0,34911.0,48,754.1,0.1399,0,1,1,4,1,1,32.0,-1.355,0.866,0.008,1.822,-2.925,0.388,1.003,1.967,0.259,-0.39,-1.762,2.41,1.419,0.21,-0.536,1
42.0,6019.0,75101.0,2.3,31.0,3,0.148,2,571.0,3,3,0.173,1226.0,4.5,2059.0,24238.0,36,680.5,0.1131,0,0,1,1,4,1,67.0,0.961,-1.458,-0.476,0.964,0.016,-0.856,-0.655,-1.698,-0.17,0.406,1.899,0.74,0.215,-0.513,-1.218,0
59.0,691.0,8266.0,12.8,47.0,7,0.427,1,629.0,3,2,0.335,156.0,1.7,661.0,2447.0,36,69.2,0.1001,0,2,1,2,3,0,102.0,1.475,-0.797,-0.094,-1.14,0.224,-0.124,-0.898,1.002,-0.663,1.851,0.197,-0.213,-1.289,-0.205,-1.424,0
55.0,1342.0,16189.0,15.9,40.0,7,0.129,1,621.0,1,4,0.189,555.0,1.4,1511.0,10565.0,24,429.2,0.3198,1,1,1,2,0,1,38.0,-0.366,1.408,0.191,-1.343,0.997,0.132,-1.039,-0.537,-0.784,-0.127,-1.126,-0.3,-1.233,-0.347,-0.734,0
34.0,1216.0,15105.0,9.5,48.0,1,0.591,4,343.0,8,3,0.503,642.0,10.1,3726.0,8103.0,12,653.3,0.5373,1,0,1,5,1,1,70.0,1.011,1.209,0.288,-0.288,1.529,0.603,-0.051,-0.73,-1.184,0.36,-0.068,0.725,0.779,0.98,0.987,1
35.0,1138.0,14039.0,6.4,51.0,3,0.358,1,667.0,1,2,0.427,439.0,6.9,2422.0,10058.0,24,417.9,0.3672,0,0,0,2,1,0,113.0,1.671,-0.327,1.045,-0.075,0.456,-1.71,0.466,-2.475,-1.073,0.004,-1.951,-0.814,0.553,1.609,1.083,0
56.0,1981.0,23295.0,16.4,29.0,7,0.037,0,718.0,1,2,0.0,0.0,7.4,2893.0,6834.0,12,574.0,0.2898,0,1,0,1,1,1,49.0,1.069,-2.094,-1.363,-0.782,1.069,-1.436,0.89,-0.941,-0.087,-0.082,-2.313,0.587,1.17,-1.103,0.804,0
41.0,1062.0,12600.0,6.6,47.0,0,0.226,0,718.0,2,1,0.047,25.0,13.5,538.0,7473.0,24,318.4,0.2998,1,0,3,4,1,1,60.0,0.824,0.558,-0.544,0.646,-0.189,-1.765,-0.743,-0.187,1.388,-1.19,-1.034,-0.741,1.595,-1.65,-1.724,0
51.0,3948.0,45824.0,6.4,41.0,0,0.277,2,481.0,3,4,0.109,455.0,2.7,3847.0,28354.0,36,807.0,0.2044,0,0,0,2,0,0,131.0,1.273,-1.75,0.163,-0.304,0.276,-1.083,-1.221,-0.976,-0.122,-0.337,1.667,0.955,0.197,0.823,-0.579,0
40.0,1715.0,20354.0,6.5,45.0,0,0.591,2,486.0,4,4,0.339,1153.0,2.3,1586.0,13854.0,24,564.6,0.3292,1,3,0,2,1,1,14.0,-0.14,-0.765,-2.519,-0.49,-0.285,-0.981,0.142,1.145,-0.855,-0.295,0.576,-0.067,1.411,0.219,0.713,1
46.0,2529.0,29928.0,8.3,32.0,3,0.452,0,720.0,0,5,0.473,3303.0,9.8,700.0,16027.0,36,447.3,0.1769,0,2,1,3,0,0,166.0,0.561,-0.943,0.039,-1.148,0.261,-0.45,0.859,1.811,0.77,-0.543,-0.113,0.25,0.526,-0.147,0.954,0
45.0,1899.0,22339.0,4.6,48.0,6,0.416,1,622.0,2,3,0.474,1267.0,2.6,1535.0,2784.0,24,117.2,0.0617,1,0,1,2,2,1,99.0,0.82,-0.01,0.448,0.457,-0.772,-0.96,-1.044,-2.181,-0.526,1.847,-0.522,-0.293,-0.676,1.845,-0.595,0
47.0,1145.0,13754.0,9.1,47.0,2,0.468,1,573.0,2,5,0.505,1089.0,14.5,1251.0,7623.0,24,317.2,0.277,1,0,1,4,2,1,50.0,0.359,1.035,0.008,-0.778,-0.557,-0.797,1.194,-0.31,-2.228,1.118,-1.906,0.827,-0.964,-0.297,-0.5,0
48.0,1195.0,14259.0,3.9,44.0,6,0.171,0,723.0,4,1,0.306,101.0,9.6,1172.0,8829.0,24,360.2,0.3014,1,1,0,3,3,0,152.0,1.655,-0.317,1.148,-0.546,-1.292,0.806,-0.858,-0.153,0.875,-1.429,1.152,1.14,0.921,0.198,-0.572,0
44.0,1942.0,23781.0,8.7,32.0,3,0.032,1,751.0,0,3,0.035,114.0,5.9,1502.0,14305.0,36,386.9,0.1992,1,2,0,3,0,0,33.0,-2.162,-0.147,0.869,0.852,1.294,-0.759,0.051,1.236,-0.263,0.385,0.496,-0.364,0.276,0.01,-0.189,0
45.0,1901.0,22148.0,17.5,28.0,0,0.216,0,653.0,1,1,0.195,115.0,13.0,3848.0,2841.0,24,114.9,0.0604,0,3,1,4,2,0,40.0,-0.589,1.692,-1.006,-0.29,1.058,1.281,-0.433,-0.028,1.752,-0.021,-0.893,-1.145,-0.378,0.625,1.198,0
58.0,1112.0,13446.0,13.9,44.0,1,0.267,1,611.0,0,1,0.094,51.0,4.3,1979.0,2789.0,36,79.4,0.0714,1,0,1,5,1,0,95.0,0.764,-0.299,-1.065,-1.027,-0.422,0.282,-0.285,-0.316,-0.126,0.513,-0.212,1.014,-1.959,-1.469,0.725,0
29.0,615.0,7480.0,7.2,49.0,7,0.578,0,702.0,3,2,0.668,356.0,11.5,1185.0,3510.0,48,73.1,0.1189,0,0,1,5,0,1,176.0,0.017,-0.9,-0.339,0.508,-1.225,-1.823,0.459,-0.15,-0.554,0.118,-0.563,-0.118,0.286,-0.864,-0.302,0
37.0,1611.0,18538.0,8.9,37.0,4,0.266,1,679.0,0,2,0.138,162.0,6.7,1284.0,12588.0,36,354.9,0.2203,0,3,3,2,2,1,75.0,0.239,0.033,0.771,0.278,1.115,-2.337,0.515,1.344,0.475,-0.332,1.051,-1.788,0.845,-0.349,-0.081,0
35.0,1706.0,20007.0,3.9,44.0,7,0.546,0,596.0,0,3,0.376,1015.0,0.2,1678.0,8802.0,36,245.5,0.1439,1,1,1,3,0,0,112.0,0.581,2.165,2.126,-0.699,-2.259,-1.373,-0.037,-0.349,1.119,-1.263,0.121,-0.465,0.313,1.044,0.908,0
36.0,913.0,10997.0,8.2,48.0,5,0.44,1,621.0,2,2,0.456,231.0,2.6,282.0,5777.0,24,240.0,0.2629,0,1,1,2,0,0,185.0,1.25,-1.518,0.761,-0.557,0.088,1.516,-0.059,0.318,1.455,0.089,-0.502,-0.607,-0.03,-0.975,0.119,1
38.0,1811.0,22138.0,2.4,35.0,2,0.481,0,641.0,1,0,0.35,0.0,7.2,1914.0,14795.0,48,309.7,0.171,0,0,1,3,1,0,66.0,-0.403,1.085,0.122,1.137,0.088,1.709,0.744,-0.406,-0.863,-1.229,-2.226,0.013,0.272,-0.419,-0.253,0
44.0,1488.0,18008.0,9.4,48.0,5,0.114,1,697.0,3,3,0.0,0.0,7.0,817.0,8923.0,24,361.5,0.2429,0,2,1,3,0,1,80.0,1.506,-0.371,-1.163,1.852,-1.805,1.115,-2.82,-0.723,0.181,-0.492,0.342,0.21,0.296,1.118,-0.897,0
34.0,2511.0,28355.0,7.7,54.0,3,0.107,1,673.0,0,1,0.0,0.0,13.5,4324.0,10216.0,36,289.9,0.1155,1,3,1,2,1,1,81.0,-1.165,-1.418,-1.247,-1.091,0.901,-0.146,-1.05,-0.467,1.439,1.224,0.401,-0.158,0.536,0.486,-0.521,0
41.0,3249.0,39288.0,13.1,39.0,3,0.474,0,771.0,4,3,0.404,1426.0,9.8,8170.0,13087.0,24,546.1,0.1681,0,1,1,3,0,1,215.0,1.363,0.935,0.185,-1.042,0.722,0.628,0.226,-1.027,0.655,-1.062,1.226,0.851,-0.439,-0.03,0.759,0
48.0,2714.0,33118.0,6.8,25.0,1,0.19,1,639.0,5,3,0.21,692.0,5.8,2832.0,18099.0,48,379.9,0.14,0,0,1,1,4,1,116.0,1.198,0.172,0.854,-0.381,-0.219,-0.723,0.799,2.282,-0.92,-1.053,0.441,0.969,0.243,-0.533,1.489,0
22.0,1390.0,15946.0,0.9,27.0,7,0.123,3,516.0,3,2,0.164,199.0,5.4,1031.0,13575.0,36,377.8,0.2718,0,1,0,2,0,1,11.0,0.918,1.862,0.481,-1.953,-0.655,-1.622,-0.845,-0.552,0.712,0.29,-0.549,-0.168,-0.026,-0.499,-0.915,0
59.0,568.0,6901.0,6.5,36.0,6,0.313,0,654.0,3,2,0.167,47.0,6.4,372.0,3799.0,24,159.9,0.2815,0,0,1,2,1,0,10.0,0.611,0.156,1.335,0.425,2.493,0.226,-0.593,-0.569,0.378,-0.539,-0.646,-1.268,-0.945,0.276,-1.892,0
48.0,1183.0,13707.0,10.1,55.0,5,0.475,3,398.0,1,3,0.4,625.0,6.5,550.0,11442.0,12,944.9,0.7987,0,3,0,4,1,1,45.0,0.784,-1.599,-0.963,-2.362,-0.65,-0.953,-0.079,0.286,1.16,-0.294,2.731,-0.281,-0.615,-1.111,-1.227,1
25.0,1260.0,15112.0,0.8,32.0,1,0.243,0,733.0,0,1,0.176,75.0,2.2,1398.0,4484.0,24,184.6,0.1465,1,2,1,3,0,0,59.0,0.193,0.376,0.667,0.618,-0.523,0.086,-1.773,-0.402,1.544,-2.191,0.657,-0.658,1.667,-0.003,-0.071,0
56.0,1433.0,17679.0,24.1,33.0,2,0.589,3,516.0,1,1,0.484,290.0,9.4,657.0,8930.0,12,774.8,0.5407,1,1,0,2,0,0,94.0,0.197,-0.729,0.111,0.698,0.447,0.734,1.848,-0.506,0.389,-1.722,0.316,-0.27,0.715,-0.695,0.645,1
54.0,1664.0,20604.0,12.2,36.0,1,0.389,1,574.0,2,2,0.374,610.0,3.2,898.0,6760.0,24,284.6,0.171,1,0,1,5,1,1,120.0,-0.332,0.324,-1.383,-0.232,0.339,-0.5,-0.495,0.561,0.136,-0.209,-0.648,0.788,0.014,0.249,-0.33,0
46.0,2186.0,26401.0,8.1,41.0,5,0.393,0,682.0,0,2,0.388,901.0,5.7,1294.0,7019.0,48,142.3,0.0651,1,2,1,2,0,0,83.0,0.349,-1.345,1.611,0.592,0.149,-1.591,0.821,-1.815,0.684,-2.104,-1.134,0.467,1.797,-0.222,1.747,0
40.0,806.0,9771.0,7.0,25.0,1,0.172,1,680.0,3,4,0.0,0.0,2.5,3717.0,6277.0,48,124.0,0.1538,1,0,0,3,0,0,91.0,-0.983,0.825,-0.419,1.82,-1.53,-0.57,0.477,1.858,1.325,0.64,0.988,1.1,-0.448,0.315,0.532,0
42.0,656.0,7830.0,7.8,31.0,6,0.143,1,688.0,3,1,0.0,0.0,3.4,2060.0,982.0,36,27.0,0.0412,1,0,0,5,2,1,56.0,-0.184,0.061,0.555,1.8,0.646,1.034,1.309,-0.527,-0.853,-0.043,-0.607,-0.071,1.393,-1.361,0.914,0
61.0,1249.0,14975.0,35.4,32.0,0,0.315,1,643.0,1,5,0.377,1037.0,8.9,1195.0,7443.0,60,122.3,0.0979,0,1,0,4,3,0,93.0,0.03,-1.703,0.334,1.451,1.591,0.284,0.373,0.923,0.525,-0.263,-0.302,0.206,-1.327,-0.647,-0.537,0
44.0,1085.0,12669.0,8.9,43.0,0,0.143,0,669.0,1,1,0.104,33.0,6.7,679.0,2927.0,60,49.1,0.0453,0,0,1,3,1,1,37.0,0.524,-0.416,-1.603,-0.039,-0.036,1.453,-0.121,-0.496,1.618,0.665,0.615,-0.421,-0.654,-1.053,-0.758,0
55.0,897.0,11197.0,27.8,49.0,5,0.244,2,604.0,3,3,0.282,255.0,1.8,652.0,4925.0,60,83.1,0.0926,0,0,0,3,1,1,18.0,-0.462,-0.785,0.166,-0.751,0.332,-1.239,0.205,-0.481,0.936,0.427,-0.688,0.485,0.828,0.079,-0.549,0
36.0,2241.0,25580.0,12.2,37.0,6,0.264,0,640.0,1,2,0.321,803.0,9.3,845.0,2637.0,12,221.4,0.0988,0,0,0,2,3,1,179.0,-0.737,0.24,-0.641,0.619,1.182,-1.886,-0.473,0.87,-0.693,0.268,0.771,0.755,0.978,0.665,1.316,0
42.0,2431.0,28169.0,11.5,34.0,0,0.372,0,755.0,0,4,0.468,1401.0,6.4,1283.0,6246.0,48,132.1,0.0543,1,0,0,2,1,1,199.0,-0.596,-1.776,0.551,-1.022,-0.999,0.607,1.402,0.169,0.007,-1.458,0.113,0.168,2.356,-0.167,-1.753,0
52.0,1824.0,23155.0,10.6,35.0,6,0.201,1,713.0,1,5,0.144,542.0,0.9,5084.0,3387.0,36,94.6,0.0519,1,0,1,5,0,1,100.0,0.071,0.035,0.604,-1.967,1.359,-0.694,-0.271,0.378,-0.43,0.435,-1.659,1.026,0.3,0.32,0.753,0
61.0,911.0,11308.0,10.9,36.0,6,0.371,0,585.0,2,2,0.192,107.0,8.0,525.0,2198.0,12,181.3,0.199,1,1,1,2,0,0,159.0,-0.214,-1.205,-0.084,0.919,1.041,2.077,1.061,1.442,-1.283,-0.758,0.281,-0.172,-0.155,0.398,-0.801,0
58.0,2806.0,32872.0,2.9,36.0,4,0.438,0,668.0,1,0,0.132,0.0,5.7,2370.0,5558.0,60,94.2,0.0336,0,3,0,2,1,0,80.0,0.054,-1.433,-0.027,0.136,0.352,0.084,-0.686,-0.75,0.606,0.581,-0.619,-1.618,0.028,0.481,0.83,0
29.0,2173.0,25215.0,4.8,38.0,3,0.085,1,717.0,4,1,0.188,215.0,4.5,3734.0,11527.0,24,490.2,0.2256,1,1,2,3,0,1,17.0,0.32,0.265,-0.034,-1.044,-0.074,-0.103,-1.283,-0.185,0.901,-0.579,0.701,1.063,0.422,0.636,-0.065,0
50.0,815.0,10200.0,10.4,48.0,5,0.07,0,743.0,2,2,0.071,36.0,6.4,507.0,4843.0,48,98.2,0.1205,1,3,0,2,2,1,43.0,-0.516,0.404,0.036,-0.094,-0.504,-1.625,0.309,0.683,-0.792,1.297,0.143,0.441,0.464,-2.267,-1.43,0
47.0,2533.0,29989.0,18.4,38.0,1,0.278,0,645.0,1,2,0.093,198.0,1.6,1151.0,19759.0,60,320.2,0.1264,1,0,1,2,3,1,105.0,-0.413,-0.646,-0.299,-0.704,-0.207,0.573,0.498,-0.737,1.094,0.098,0.254,-0.009,-0.124,1.687,-1.717,0
32.0,1745.0,21552.0,4.8,39.0,3,0.63,2,494.0,2,2,0.497,638.0,3.8,639.0,3698.0,12,318.5,0.1825,0,0,1,2,0,0,76.0,1.298,0.395,1.66,-0.68,0.56,-0.292,-0.687,0.746,-0.347,0.166,-0.508,0.982,-1.495,1.445,0.299,1
50.0,670.0,7706.0,12.7,39.0,7,0.339,1,604.0,1,1,0.273,46.0,6.9,702.0,1469.0,36,41.0,0.0612,1,1,1,2,1,0,48.0,0.283,-0.121,0.926,0.08,-0.699,0.922,0.799,1.377,-0.328,0.533,-1.125,0.065,-0.113,1.082,-0.922,0
62.0,585.0,7031.0,9.5,40.0,1,0.341,2,568.0,3,3,0.326,229.0,7.8,635.0,3339.0,48,70.6,0.1207,0,0,0,4,2,1,90.0,0.292,-0.753,0.739,-0.238,-0.94,0.156,0.588,-0.094,-0.954,0.025,-0.591,-0.466,-1.515,1.379,1.187,0
49.0,1355.0,16838.0,9.5,33.0,2,0.047,0,655.0,2,1,0.137,72.0,4.2,1183.0,11153.0,12,909.3,0.6711,0,0,0,2,0,0,59.0,-2.304,-0.134,-0.309,-1.128,0.765,-2.213,-0.557,0.757,0.779,-0.269,-0.634,0.826,-0.703,-0.593,0.171,1
35.0,1028.0,12119.0,0.8,45.0,5,0.378,2,584.0,2,3,0.473,426.0,10.7,1011.0,9310.0,36,261.4,0.2543,0,1,0,2,0,1,66.0,-1.034,0.35,0.253,0.547,1.575,0.314,-1.532,1.474,-0.262,-0.397,-0.55,1.563,0.349,0.824,-0.735,0
26.0,1013.0,12062.0,4.5,37.0,2,0.233,1,652.0,2,3,0.145,107.0,6.3,485.0,7823.0,60,132.3,0.1306,1,0,0,5,0,0,77.0,-1.341,-1.443,-0.705,1.533,-1.145,-0.765,0.16,0.864,0.012,0.288,1.448,0.082,-0.414,0.761,-0.19,0
63.0,3759.0,44060.0,32.5,39.0,5,0.39,1,664.0,1,5,0.421,3666.0,10.6,1867.0,11338.0,36,309.0,0.0822,1,1,1,5,1,1,78.0,-1.004,-1.397,-1.058,-1.047,-0.012,1.074,0.429,-1.073,0.611,-1.114,0.86,-1.395,1.3,0.662,-0.372,1
20.0,2927.0,34021.0,0.0,31.0,0,0.28,1,594.0,3,1,0.128,94.0,7.1,2160.0,11849.0,48,240.1,0.082,0,2,0,4,0,0,55.0,0.346,-0.793,-0.109,0.112,0.476,-0.853,0.841,1.445,0.156,-0.096,1.552,-1.203,1.134,-0.176,0.654,0
53.0,650.0,7417.0,8.7,39.0,2,0.028,0,739.0,3,3,0.207,136.0,17.1,1202.0,3056.0,60,53.3,0.082,0,0,0,4,3,1,60.0,-0.033,0.416,0.004,0.075,-0.986,0.824,1.174,2.935,-0.778,-1.789,-1.687,0.419,1.153,0.285,-0.235,0
53.0,653.0,7839.0,28.8,36.0,3,0.05,0,707.0,3,0,0.036,0.0,8.5,664.0,5888.0,12,488.1,0.7475,0,3,0,3,0,0,63.0,-0.422,0.791,0.566,-2.463,-0.094,1.143,0.26,-0.463,1.173,-1.123,1.367,-0.817,0.15,1.349,-0.127,1
36.0,1047.0,12295.0,4.9,49.0,4,0.629,1,579.0,2,2,0.705,451.0,4.0,383.0,10111.0,36,276.0,0.2636,0,0,1,2,0,1,100.0,-0.12,-0.049,2.064,0.824,0.264,0.33,0.786,0.876,-0.168,0.836,-0.111,1.066,-0.572,0.432,0.542,0
20.0,1053.0,12896.0,0.0,48.0,0,0.31,2,627.0,2,2,0.182,191.0,8.5,957.0,4359.0,12,358.6,0.3406,1,1,0,2,2,0,43.0,1.465,-2.939,-0.71,1.099,-0.881,0.246,1.578,0.8,1.12,-0.145,0.529,0.012,-1.367,1.237,0.506,1
52.0,555.0,6448.0,8.6,29.0,5,0.195,1,637.0,3,0,0.156,0.0,2.7,101.0,2942.0,24,123.4,0.2223,0,1,1,3,1,1,47.0,-0.094,0.893,1.351,-1.839,-1.249,0.268,-0.261,0.229,-0.815,-0.25,0.058,-0.677,-2.115,0.028,-1.644,0
27.0,3657.0,43752.0,3.0,34.0,4,0.527,0,564.0,2,2,0.506,933.0,8.1,4536.0,21369.0,24,860.3,0.2352,1,3,3,4,1,1,53.0,1.804,-0.436,-1.759,-1.175,-1.001,-0.626,-1.192,0.219,0.12,-0.748,1.78,1.027,1.703,-1.447,-0.38,0
37.0,2124.0,25825.0,8.7,34.0,4,0.275,0,674.0,1,4,0.44,995.0,4.3,1441.0,4403.0,60,75.2,0.0354,1,3,1,4,1,1,57.0,0.152,0.695,0.104,0.552,0.922,-1.479,1.236,0.039,-1.665,0.647,1.946,-0.192,-0.699,0.01,0.028,1
43.0,826.0,9903.0,17.1,50.0,7,0.326,0,745.0,4,1,0.351,131.0,3.3,124.0,7647.0,36,212.6,0.2574,1,0,0,5,1,0,78.0,0.932,0.804,1.955,-0.209,-2.859,-1.157,-0.023,0.831,-0.39,-1.168,0.451,-0.773,0.473,1.362,-2.67,0
47.0,4874.0,59313.0,5.4,56.0,2,0.646,3,512.0,0,1,0.532,1370.0,16.4,3917.0,41822.0,36,1179.1,0.2419,0,2,1,4,1,0,78.0,-0.96,-0.895,-0.243,1.859,0.47,-0.171,-0.017,0.363,-1.053,0.608,-1.31,-0.31,1.538,-0.187,1.182,0
62.0,1222.0,14530.0,22.2,43.0,3,0.361,1,645.0,3,3,0.206,261.0,3.2,428.0,3189.0,48,65.1,0.0533,1,0,0,1,0,0,29.0,1.133,-1.436,-0.674,-0.603,1.657,-0.13,0.701,1.316,0.727,1.079,1.159,-0.399,-0.191,1.825,-0.212,0
29.0,839.0,9565.0,2.8,47.0,4,0.376,0,665.0,2,1,0.119,44.0,8.9,717.0,7718.0,36,215.8,0.2572,0,0,0,1,0,0,135.0,1.145,-0.167,-1.036,0.516,0.484,-1.772,-0.601,-0.77,0.817,-0.651,0.206,-0.295,-0.187,1.172,-0.559,0
35.0,1514.0,18977.0,4.9,47.0,3,0.272,1,697.0,3,4,0.47,1291.0,3.3,1796.0,5409.0,36,152.0,0.1004,1,1,1,3,1,1,149.0,0.805,0.848,-1.58,0.244,-0.59,0.772,-0.363,0.466,0.343,0.784,-0.603,0.104,-1.458,-0.277,-0.639,0
37.0,2848.0,32570.0,11.1,39.0,2,0.449,2,551.0,0,2,0.377,667.0,3.0,1602.0,20728.0,24,868.4,0.3049,1,1,2,2,0,1,102.0,-1.003,-1.388,-1.283,-1.862,0.587,-0.073,0.53,1.78,0.985,0.872,0.351,0.323,1.185,0.046,0.759,1
55.0,714.0,9053.0,15.7,47.0,4,0.207,1,648.0,0,1,0.044,16.0,2.1,261.0,7033.0,36,189.5,0.2654,1,0,2,3,2,1,82.0,-0.202,-0.598,-1.014,0.324,-0.953,0.242,-1.392,-0.939,0.778,0.514,-1.196,0.236,-0.053,-1.353,-0.475,0
35.0,1759.0,20287.0,5.2,41.0,6,0.046,2,595.0,2,2,0.172,243.0,3.6,488.0,12458.0,24,537.1,0.3053,0,0,1,1,2,1,25.0,-0.529,-1.477,-0.393,0.009,-0.49,1.186,-2.099,0.677,-0.356,-0.523,0.53,0.52,0.129,1.554,-1.621,0
52.0,2914.0,35386.0,8.9,54.0,5,0.412,1,666.0,1,2,0.327,773.0,5.7,3077.0,9531.0,48,199.1,0.0683,0,0,2,5,1,1,188.0,-1.365,-1.262,-0.629,-1.128,-0.506,-0.821,0.023,0.183,-0.789,-0.547,-0.308,-0.247,0.157,1.06,1.33,0
36.0,1940.0,22936.0,6.7,41.0,2,0.499,1,615.0,0,0,0.293,0.0,15.8,5625.0,15983.0,24,679.2,0.3501,1,1,2,4,2,0,35.0,-1.705,0.937,0.507,-0.045,-0.418,-1.092,-2.399,1.195,-0.481,0.388,-0.293,0.949,-1.661,-0.355,-1.315,1
24.0,1661.0,19731.0,1.2,46.0,2,0.525,1,592.0,2,2,0.624,818.0,9.9,2080.0,16241.0,48,333.3,0.2007,0,2,1,2,1,0,145.0,0.005,-0.767,0.801,0.903,1.41,0.732,-0.597,1.105,0.753,-0.471,0.273,0.573,-2.057,-1.015,-1.676,0
27.0,2225.0,26917.0,3.8,34.0,4,0.307,0,711.0,1,0,0.57,0.0,5.1,3399.0,5297.0,48,111.9,0.0503,1,1,1,3,3,1,138.0,0.644,0.095,-0.864,0.054,-0.545,-0.688,0.612,-1.453,-1.253,-0.623,-0.858,0.03,0.91,1.111,0.358,0
49.0,1993.0,23270.0,3.6,48.0,2,0.537,1,658.0,4,1,0.549,569.0,3.8,436.0,16227.0,36,442.9,0.2222,0,2,0,1,1,1,18.0,-0.701,0.819,0.201,1.751,-0.12,-0.6,-0.568,0.66,-0.814,1.966,-1.822,-2.657,-0.591,-0.895,0.568,0
59.0,1261.0,15196.0,18.6,45.0,6,0.827,4,482.0,4,1,0.776,526.0,6.9,3140.0,9216.0,24,370.9,0.2941,1,1,1,2,0,1,168.0,-1.065,1.013,0.13,1.291,-2.122,0.205,-0.607,0.449,1.879,0.715,0.843,0.863,0.514,0.253,0.001,1
45.0,988.0,11265.0,14.2,44.0,6,0.213,1,665.0,2,2,0.212,165.0,4.9,1112.0,3763.0,24,156.7,0.1586,0,3,1,1,2,1,73.0,-0.813,0.287,-0.772,-1.27,0.99,1.952,-0.279,-0.84,0.305,-2.204,-0.905,-1.22,-0.513,0.71,0.773,0
58.0,1961.0,24671.0,6.3,53.0,4,0.515,2,495.0,2,3,0.465,793.0,12.0,2468.0,14893.0,24,615.9,0.3141,1,0,1,2,1,1,15.0,0.983,-0.695,1.543,-1.383,1.191,0.453,0.283,0.051,-0.043,-0.957,0.134,0.205,-0.476,0.23,0.569,0
33.0,1349.0,16430.0,8.5,49.0,1,0.469,0,624.0,2,4,0.565,1664.0,5.0,2642.0,2418.0,12,200.2,0.1484,1,1,1,3,2,1,73.0,0.153,-0.329,-1.298,0.822,-0.16,0.006,0.553,0.187,0.564,2.207,0.237,-2.361,1.438,-0.185,0.286,0
46.0,1268.0,15485.0,2.8,31.0,4,0.1,0,666.0,2,2,0.144,199.0,8.0,5527.0,11452.0,36,320.7,0.2529,0,0,0,2,0,0,154.0,-0.833,-0.118,0.351,1.109,0.525,0.269,1.994,0.862,-1.172,0.041,-0.386,0.788,-1.558,0.474,-0.835,0
38.0,973.0,11413.0,13.5,44.0,6,0.372,0,689.0,1,2,0.368,214.0,6.6,2464.0,5617.0,36,155.3,0.1596,0,0,1,3,1,0,60.0,1.062,1.856,-0.845,-0.524,-0.788,1.12,0.311,-0.692,0.43,1.651,1.257,-0.374,-0.385,0.6,-0.472,0
42.0,6733.0,83619.0,11.7,48.0,7,0.619,1,620.0,2,3,0.627,3457.0,4.2,2773.0,7126.0,24,292.0,0.0434,0,2,1,2,0,1,112.0,-0.898,0.372,0.821,2.007,-1.333,-2.815,-1.171,-0.066,-0.963,3.138,0.879,0.323,-1.357,-2.104,0.16,0
33.0,4166.0,52426.0,4.6,28.0,2,0.45,0,684.0,0,0,0.488,0.0,8.3,2557.0,11593.0,36,311.5,0.0748,1,1,0,4,1,1,185.0,0.11,-0.328,-0.498,0.501,0.162,0.11,-0.349,0.512,-1.708,-0.422,-0.328,-0.316,0.174,0.051,0.284,0
55.0,1511.0,18527.0,9.8,47.0,0,0.625,0,647.0,1,5,0.36,768.0,7.7,1547.0,11553.0,60,193.4,0.128,1,3,1,3,3,1,35.0,-1.277,0.134,-0.619,-0.281,-1.098,1.46,0.751,0.719,-0.005,-0.057,-0.023,-0.136,-1.841,-0.333,0.874,0
40.0,2051.0,23496.0,14.7,42.0,0,0.137,2,596.0,1,2,0.031,61.0,8.0,3582.0,2880.0,48,58.0,0.0283,0,1,0,4,4,1,35.0,-1.471,1.444,0.537,1.589,0.473,0.597,-1.556,0.123,0.436,-1.33,0.736,0.501,1.858,-0.351,-0.227,1
45.0,2949.0,37130.0,16.3,39.0,2,0.678,0,613.0,2,2,0.475,797.0,3.2,3969.0,15087.0,36,424.4,0.1439,0,0,1,2,1,0,24.0,1.868,-1.707,0.072,0.244,0.325,-1.06,0.444,0.909,-0.86,-0.974,-0.021,-1.691,1.313,0.44,0.405,0
47.0,1396.0,17107.0,8.1,40.0,3,0.66,2,576.0,1,1,0.665,401.0,8.9,462.0,4230.0,60,70.4,0.0504,1,0,1,4,0,1,102.0,0.304,-0.517,1.533,0.602,0.018,0.66,-1.057,0.943,-1.563,-1.962,1.187,-0.487,0.225,1.145,-0.014,0
28.0,5600.0,69188.0,3.2,42.0,7,0.389,2,574.0,2,2,0.234,1052.0,8.6,7039.0,29589.0,36,829.8,0.1482,0,1,0,2,3,1,41.0,0.41,-0.996,1.002,1.543,-0.9,-0.718,0.882,-1.448,0.016,-0.152,-0.991,2.25,-0.333,-1.038,-0.712,1
69.0,985.0,11837.0,36.3,52.0,5,0.229,0,719.0,1,5,0.455,927.0,3.2,479.0,4191.0,36,115.3,0.1171,1,2,0,2,2,1,32.0,0.511,-0.744,0.044,1.036,-0.457,0.264,0.091,-1.041,0.156,1.861,-0.998,0.356,0.97,0.102,0.44,0
29.0,942.0,11308.0,3.8,33.0,3,0.324,1,667.0,5,4,0.382,546.0,1.6,1304.0,2107.0,60,35.8,0.038,1,0,0,3,1,1,341.0,0.844,-1.061,0.945,-0.375,-1.223,1.287,-0.535,-0.803,-0.468,0.832,-2.283,-0.984,2.1,0.794,-0.09,0
58.0,1634.0,19634.0,7.1,42.0,5,0.357,0,701.0,2,1,0.097,44.0,1.1,2564.0,10025.0,48,210.4,0.1288,0,1,2,3,1,1,137.0,1.333,-0.259,1.053,0.807,-0.48,-1.391,0.296,0.126,0.603,0.992,1.465,-1.993,-1.176,1.318,0.86,0
39.0,1198.0,14806.0,12.1,55.0,5,0.096,0,699.0,2,2,0.0,0.0,2.2,2172.0,6730.0,12,567.7,0.4739,0,3,0,4,2,1,71.0,-1.907,-0.015,1.07,-2.528,1.704,-0.282,-0.881,0.213,-0.162,0.485,2.195,-1.402,0.407,-1.898,-0.598,1
32.0,1711.0,20710.0,5.7,41.0,6,0.165,0,663.0,0,3,0.226,324.0,4.4,1095.0,6279.0,48,130.7,0.0764,0,0,1,2,0,0,51.0,-1.392,-0.614,1.603,0.504,-0.476,2.086,-0.464,-0.074,0.613,0.953,0.582,0.258,-0.222,0.317,0.116,0
47.0,1741.0,19874.0,6.7,41.0,1,0.494,2,582.0,2,1,0.34,181.0,6.3,2284.0,17404.0,48,360.7,0.2072,0,0,0,1,0,1,62.0,-0.482,-0.508,0.651,0.217,-0.272,-1.582,-0.432,-1.616,0.207,-0.273,0.649,2.011,-0.735,-0.708,0.207,0
39.0,2342.0,27698.0,4.4,24.0,3,0.724,2,542.0,6,2,0.515,1233.0,8.8,5535.0,9971.0,48,213.5,0.0912,1,3,1,2,1,0,80.0,0.928,-0.645,-0.573,-0.408,0.287,0.079,-1.235,-0.426,0.367,-0.522,-1.105,1.249,-1.541,1.269,1.764,1
37.0,992.0,11838.0,2.0,31.0,5,0.631,3,475.0,2,3,0.523,419.0,2.2,1017.0,9566.0,24,402.0,0.4052,0,3,0,2,1,1,35.0,0.051,0.006,1.433,2.114,-0.071,0.415,0.654,-0.55,0.132,-0.186,0.579,-1.111,0.915,-0.028,1.043,1
27.0,1334.0,16607.0,1.6,41.0,6,0.501,0,712.0,2,0,0.392,0.0,3.2,5520.0,2014.0,24,83.7,0.0627,1,0,1,4,0,0,100.0,0.089,0.094,0.926,0.188,-1.083,-0.919,0.562,-2.169,-0.082,-1.514,-1.898,0.838,-0.148,0.564,-0.365,0
60.0,668.0,8129.0,21.2,17.0,1,0.463,0,654.0,4,2,0.329,162.0,0.8,919.0,2239.0,12,181.1,0.2711,0,1,1,3,0,0,64.0,0.081,2.301,-0.819,0.91,-1.053,-0.301,1.06,0.065,1.002,0.004,1.123,-0.917,-0.488,0.762,0.432,1
40.0,3613.0,42722.0,7.5,60.0,3,0.358,0,621.0,1,1,0.321,378.0,2.8,1806.0,18620.0,60,314.0,0.0869,0,0,2,4,0,1,30.0,0.819,0.892,-0.829,-0.088,0.94,0.724,-0.479,-0.181,0.937,0.455,-0.57,-0.577,-0.815,-0.771,1.494,0
49.0,1027.0,11727.0,10.7,37.0,0,0.458,1,630.0,2,2,0.324,275.0,5.8,380.0,2608.0,36,71.7,0.0698,1,2,2,4,1,1,99.0,0.256,-1.874,0.223,0.186,0.686,-0.854,0.797,-1.965,-0.467,1.364,0.02,-1.521,1.544,1.014,-0.62,0
40.0,1653.0,19873.0,11.0,47.0,0,0.044,1,655.0,1,6,0.026,127.0,9.8,1182.0,16142.0,12,1393.1,0.8428,1,1,0,2,2,1,75.0,-2.614,-0.572,0.314,-0.318,1.589,-0.869,2.118,-1.368,-0.783,-0.273,-0.927,0.331,-0.365,-0.48,0.294,0
45.0,2356.0,28121.0,10.6,38.0,6,0.192,0,647.0,3,2,0.097,141.0,13.7,4220.0,20304.0,12,1709.7,0.7257,0,0,0,3,4,1,39.0,0.564,0.88,0.451,1.071,-0.371,-0.069,0.214,-1.446,-1.0,0.146,2.234,0.915,-0.519,-0.684,-0.808,1
40.0,1992.0,24055.0,12.6,29.0,2,0.311,1,714.0,3,0,0.102,0.0,9.9,1476.0,5405.0,36,148.4,0.0745,0,0,1,2,0,0,121.0,1.121,1.091,-0.856,1.342,-0.972,0.306,1.006,0.783,-0.334,2.363,0.367,1.06,-1.662,0.845,-1.554,0
44.0,2161.0,25919.0,9.1,42.0,5,0.121,0,766.0,1,5,0.117,533.0,0.9,2977.0,11814.0,36,333.2,0.1542,1,2,0,2,1,0,66.0,1.733,1.747,-1.398,0.558,0.416,-1.005,-2.116,0.695,-1.684,-0.97,-0.069,-0.44,0.14,0.469,-0.935,0
34.0,1793.0,21134.0,6.5,47.0,5,0.349,2,606.0,1,1,0.27,147.0,11.5,1197.0,14676.0,60,251.6,0.1403,0,3,1,2,1,1,136.0,0.013,2.196,0.583,0.06,-1.215,0.314,-0.757,-0.506,1.238,-0.466,2.364,-1.637,-0.239,1.113,-0.286,0
20.0,1935.0,23103.0,0.0,42.0,1,0.237,0,652.0,0,1,0.357,224.0,6.8,1384.0,16852.0,48,347.7,0.1797,1,0,0,2,0,0,68.0,-0.517,1.4,0.169,1.757,-2.245,-0.479,0.856,-0.401,1.018,0.427,0.587,1.836,-0.12,-0.177,0.694,0
38.0,2212.0,25746.0,8.0,26.0,3,0.143,1,664.0,2,1,0.025,20.0,3.5,1575.0,12436.0,60,205.4,0.0929,1,0,1,2,0,1,51.0,0.807,0.431,0.199,0.655,0.137,-0.558,0.708,-0.135,-1.001,0.252,1.645,1.013,-2.162,-1.36,0.53,0
71.0,815.0,9772.0,31.1,42.0,3,0.205,0,725.0,0,3,0.189,126.0,8.0,679.0,6692.0,60,106.4,0.1306,0,0,0,3,2,1,157.0,-0.129,-1.454,0.568,-1.526,2.133,-1.121,0.11,-0.792,-2.169,-0.188,0.67,0.637,-1.581,0.88,-0.076,1
41.0,1793.0,21718.0,14.0,28.0,5,0.296,0,656.0,0,2,0.385,355.0,3.6,1524.0,14952.0,12,1251.4,0.6979,1,1,1,3,0,0,95.0,-0.546,0.201,2.005,1.272,2.129,-1.03,-0.305,1.296,0.927,-0.666,-1.676,0.538,-1.197,-0.052,0.776,1
51.0,1999.0,23709.0,24.0,53.0,1,0.139,1,595.0,0,1,0.0,0.0,2.9,2705.0,13837.0,36,378.2,0.1892,0,2,1,4,0,0,44.0,-0.491,-0.242,2.324,-0.832,-0.558,-0.078,-1.524,-0.283,0.833,-0.723,-0.68,-0.051,-0.627,-1.507,0.524,0
58.0,2747.0,31469.0,7.0,37.0,1,0.39,1,676.0,2,2,0.242,366.0,7.9,2161.0,4690.0,24,193.1,0.0703,1,3,1,2,2,1,114.0,-1.303,1.404,0.825,-1.767,1.208,-1.388,1.33,-2.681,0.295,1.538,1.368,0.498,1.509,-0.863,0.362,0
43.0,4182.0,46751.0,8.2,41.0,1,0.225,0,708.0,0,2,0.134,549.0,6.6,2186.0,17573.0,24,732.1,0.1751,0,2,1,3,0,0,88.0,-1.15,-0.924,0.32,-0.557,-1.378,0.684,-2.106,1.549,-0.65,1.164,-0.614,0.315,-1.535,-2.043,0.101,0
46.0,645.0,7679.0,10.2,31.0,5,0.068,0,702.0,0,1,0.279,99.0,3.6,203.0,4099.0,24,167.3,0.2594,0,2,1,4,2,1,105.0,1.126,-0.517,-1.769,0.41,-0.362,0.834,-2.674,-0.554,-0.521,0.167,1.186,-1.955,0.152,1.632,0.154,0
46.0,982.0,11663.0,11.3,52.0,5,0.349,0,678.0,3,1,0.427,104.0,7.0,670.0,6123.0,24,252.6,0.2572,0,0,2,2,4,0,33.0,-0.518,-0.927,0.239,-0.025,-0.458,-0.082,-0.946,-1.876,0.572,-0.393,1.182,1.509,-0.805,0.529,1.556,0
39.0,808.0,9543.0,1.3,44.0,4,0.18,0,641.0,0,0,0.199,0.0,7.3,684.0,4751.0,36,132.6,0.1641,0,0,1,4,1,1,15.0,1.413,-0.449,-2.463,0.215,0.425,-0.038,-0.059,0.847,1.422,0.141,-0.625,-1.291,-1.595,-0.476,0.959,0
31.0,974.0,12008.0,5.7,30.0,4,0.287,1,680.0,0,2,0.271,133.0,9.5,135.0,8287.0,24,337.2,0.3462,1,1,2,4,0,1,76.0,0.679,-0.616,0.753,-0.863,0.627,-1.293,2.304,0.66,-0.294,-1.721,1.065,-0.33,0.247,0.878,1.893,0
31.0,736.0,8586.0,4.6,39.0,6,0.363,2,458.0,2,4,0.309,488.0,12.7,732.0,5067.0,24,205.3,0.2789,0,1,2,2,1,0,50.0,-0.129,-1.029,0.033,1.173,-1.314,-1.004,-0.354,-0.303,-0.368,0.527,0.23,2.323,-0.65,1.219,0.847,1
56.0,2556.0,30649.0,12.2,45.0,2,0.579,0,565.0,3,1,0.516,338.0,4.0,1338.0,24106.0,24,985.1,0.3854,0,0,1,3,3,1,118.0,1.647,-0.075,0.733,0.569,-1.05,-0.347,-0.486,-1.037,1.614,-0.051,-2.513,0.566,-0.674,-0.065,0.735,1
50.0,3232.0,39337.0,12.5,39.0,2,0.219,1,637.0,4,2,0.118,274.0,15.1,762.0,3606.0,36,98.8,0.0306,0,2,0,3,1,0,79.0,-0.664,-1.515,0.543,-0.173,-0.52,-0.875,-1.46,-0.293,1.703,0.125,-0.432,-0.742,0.344,-0.119,0.265,0
46.0,752.0,9037.0,7.2,28.0,7,0.358,0,684.0,3,2,0.268,194.0,8.2,783.0,1980.0,36,53.6,0.0713,1,0,0,3,3,0,161.0,0.897,0.276,-1.125,-0.571,0.31,-0.849,1.66,-1.072,-1.327,0.006,1.95,0.562,1.403,0.803,-1.574,0
22.0,887.0,10731.0,0.9,34.0,3,0.387,0,714.0,4,5,0.171,422.0,11.8,1199.0,1271.0,48,26.1,0.0294,0,0,2,2,1,0,45.0,0.334,2.424,-0.351,-0.499,-0.313,0.393,-1.816,0.459,0.604,0.424,0.027,0.23,0.462,-0.688,-1.75,0
20.0,4406.0,51540.0,0.0,43.0,2,0.591,2,534.0,3,2,0.446,2191.0,5.2,1613.0,37145.0,36,995.6,0.226,1,1,0,3,1,1,36.0,1.968,-0.231,-0.572,0.397,-1.054,-0.086,0.305,-1.126,0.368,-1.324,-1.15,0.307,1.962,-0.237,0.651,1
41.0,2677.0,32026.0,10.2,45.0,4,0.236,0,752.0,0,0,0.335,0.0,3.5,1738.0,5131.0,48,107.4,0.0401,0,2,3,1,0,1,195.0,-1.234,1.136,0.145,-0.04,-0.325,-1.57,0.687,-0.499,-1.683,-1.192,-1.131,-0.292,-0.63,-0.072,1.106,0
39.0,1508.0,18053.0,9.7,34.0,5,0.225,0,741.0,1,1,0.111,50.0,5.4,1725.0,4794.0,36,132.1,0.0876,0,0,0,1,1,0,90.0,-2.528,-0.235,1.177,-0.456,-2.387,1.056,-1.002,-0.077,-0.135,-0.94,0.604,-0.65,-0.275,-0.356,1.113,0
20.0,841.0,9869.0,0.0,35.0,4,0.353,1,644.0,2,1,0.204,58.0,3.6,157.0,6131.0,24,253.6,0.3015,1,0,2,5,2,1,180.0,0.22,0.538,0.471,-1.733,1.311,-0.658,-0.876,0.674,0.174,1.642,-0.714,0.011,0.398,1.497,0.074,0
39.0,1677.0,19889.0,1.7,43.0,2,0.362,1,652.0,1,1,0.394,360.0,5.3,867.0,8362.0,48,174.2,0.1039,1,0,1,2,0,0,186.0,-0.495,-0.051,0.714,-0.256,0.771,1.725,-1.445,1.618,-0.972,-0.667,-0.152,1.153,1.183,-0.079,0.701,0
20.0,2109.0,26204.0,0.0,44.0,0,0.399,1,636.0,1,2,0.59,632.0,3.7,2127.0,4361.0,36,126.3,0.0599,1,0,1,4,1,1,75.0,-0.078,1.336,-0.034,-0.514,-2.136,1.834,-0.101,-0.492,-0.365,0.651,-2.352,0.249,-0.292,-1.297,1.132,1
51.0,2212.0,26337.0,9.6,41.0,1,0.441,0,679.0,3,4,0.44,1592.0,3.7,652.0,15696.0,24,654.9,0.2961,1,0,2,4,1,0,69.0,-1.409,0.801,1.788,0.795,0.909,0.794,0.664,0.898,0.452,-1.81,-1.562,1.469,-1.115,0.669,0.69,0
29.0,1215.0,14568.0,6.1,45.0,4,0.25,0,631.0,2,4,0.032,49.0,7.5,393.0,11711.0,24,489.0,0.4025,1,0,1,2,3,1,32.0,-0.555,2.273,1.741,0.88,-1.042,-0.003,0.201,-1.338,-0.158,1.445,0.955,1.085,-1.118,-2.682,-0.36,0
55.0,2206.0,26534.0,14.1,45.0,3,0.316,1,636.0,4,1,0.28,255.0,2.0,2478.0,15945.0,60,247.5,0.1122,0,0,2,1,2,0,61.0,0.814,-0.162,0.291,0.769,0.568,-0.023,-0.257,-0.973,0.933,-0.284,-0.092,-1.246,0.739,1.695,0.734,1
20.0,1365.0,15501.0,0.0,39.0,2,0.247,0,736.0,2,4,0.148,212.0,10.9,596.0,8483.0,36,240.7,0.1763,0,0,0,3,1,0,54.0,-2.168,-0.928,0.913,-0.335,0.404,0.994,-0.543,1.093,-0.832,-1.896,-1.365,-2.661,0.162,-0.338,0.494,0
45.0,1012.0,12284.0,15.7,36.0,1,0.254,1,606.0,1,2,0.336,236.0,1.6,550.0,3387.0,60,56.8,0.0561,1,0,0,2,0,0,77.0,0.026,2.24,0.229,0.418,0.13,-0.494,0.659,-1.506,-0.076,1.095,0.687,0.76,-0.091,-1.12,-0.122,0
54.0,4765.0,54840.0,23.3,38.0,1,0.44,0,674.0,1,3,0.626,3326.0,4.0,1063.0,13553.0,24,550.9,0.1156,1,3,1,2,1,0,38.0,-0.793,2.673,-0.437,0.073,1.497,0.262,-0.95,-0.834,-0.324,0.5,1.499,0.453,-0.251,0.981,0.118,0
42.0,1820.0,21775.0,7.1,39.0,4,0.078,1,616.0,1,4,0.027,53.0,8.0,1048.0,4995.0,48,103.0,0.0566,1,3,1,3,2,0,50.0,1.097,-0.768,-0.345,-0.779,-0.937,1.305,0.764,-0.994,-1.505,-0.387,-0.595,0.812,1.033,-0.478,-0.242,0
67.0,1255.0,15286.0,22.4,29.0,1,0.251,0,728.0,4,1,0.187,99.0,2.2,1204.0,2874.0,36,81.3,0.0648,1,0,0,2,0,1,298.0,1.532,1.571,-0.425,-0.946,0.832,1.492,0.693,-0.712,1.401,0.212,-0.221,-1.251,-0.291,-0.667,0.833,0
45.0,1355.0,16354.0,4.2,42.0,5,0.17,2,623.0,0,6,0.243,567.0,0.3,1592.0,1676.0,24,69.8,0.0515,0,2,2,2,0,1,65.0,-0.243,-0.038,0.264,-1.306,0.216,-0.87,-0.311,0.406,-3.461,0.336,-0.545,1.224,0.622,-1.846,-2.314,0
20.0,469.0,5239.0,0.0,48.0,0,0.598,1,538.0,3,3,0.469,309.0,12.3,320.0,3725.0,12,311.3,0.6638,0,2,0,4,4,0,58.0,-1.299,0.827,-0.318,-1.781,1.002,-1.042,0.437,0.524,-0.788,-1.45,0.048,0.11,0.148,1.256,1.405,1
37.0,1531.0,18958.0,6.7,36.0,1,0.514,0,676.0,3,1,0.487,356.0,5.8,1190.0,6659.0,36,182.1,0.1189,0,1,1,3,2,1,208.0,-1.312,0.616,0.726,0.189,0.341,0.658,-1.923,0.15,0.097,1.525,-0.097,-0.299,-0.786,-0.416,-0.181,0
53.0,1540.0,18286.0,18.0,45.0,0,0.178,2,692.0,1,3,0.378,842.0,8.8,1529.0,6580.0,48,130.5,0.0847,0,2,1,3,0,1,44.0,-0.136,1.632,0.213,0.348,0.629,-0.968,-1.255,-0.053,-0.43,0.477,0.33,-0.709,0.347,-0.164,0.442,0
56.0,3189.0,36866.0,17.4,34.0,2,0.407,1,677.0,3,3,0.321,1130.0,13.6,2274.0,8040.0,48,171.7,0.0538,0,1,0,3,5,1,19.0,-1.067,1.117,-1.07,0.443,1.428,-2.102,-0.731,-0.096,0.594,1.074,1.559,-0.978,0.943,-1.62,1.698,0
64.0,2290.0,28407.0,12.4,28.0,6,0.302,0,628.0,2,1,0.206,164.0,2.8,519.0,20125.0,24,859.8,0.3755,0,1,1,2,2,0,125.0,-2.553,-0.583,0.744,0.252,0.979,-1.776,1.128,0.785,0.824,0.656,-0.515,0.79,-0.584,-0.181,1.534,1
51.0,1036.0,12057.0,24.8,32.0,7,0.134,0,655.0,5,2,0.404,428.0,16.8,2271.0,3025.0,36,85.5,0.0825,1,1,1,3,1,0,82.0,-1.717,-0.111,-0.443,0.865,0.589,-1.981,-0.041,-0.315,0.565,0.191,-1.212,-0.594,0.533,-0.708,-0.809,0
43.0,2015.0,25422.0,16.6,40.0,0,0.208,2,598.0,1,3,0.0,0.0,4.1,2905.0,14893.0,36,405.9,0.2014,1,0,3,2,0,1,21.0,0.5,-0.003,-0.196,0.082,0.132,-0.267,0.897,-1.002,1.606,0.327,-0.213,1.35,1.901,-1.182,-0.896,0
35.0,3485.0,43317.0,7.2,32.0,0,0.577,2,493.0,0,2,0.544,1666.0,0.1,1625.0,12023.0,24,509.9,0.1463,0,0,1,2,0,1,46.0,0.809,-0.698,1.919,0.378,-0.849,-1.738,0.118,-0.244,-0.914,0.698,-0.734,0.169,1.009,-0.612,-0.96,1
23.0,3634.0,45887.0,1.9,46.0,7,0.433,2,649.0,4,3,0.411,2274.0,4.1,3253.0,30913.0,48,653.5,0.1798,1,0,1,3,1,0,37.0,1.483,-1.125,0.225,0.07,1.482,-0.701,-1.406,-0.771,1.091,-0.948,0.283,-1.992,-2.057,0.418,-1.811,0
55.0,1099.0,12814.0,35.4,41.0,5,0.166,1,572.0,4,6,0.137,275.0,3.7,2070.0,2540.0,48,53.5,0.0487,0,2,1,4,1,0,139.0,1.038,-1.519,0.531,-0.943,-1.549,1.093,0.573,-0.822,-2.321,-0.598,0.24,-1.86,0.043,0.059,1.983,0
35.0,744.0,8769.0,9.7,35.0,4,0.524,1,610.0,0,6,0.423,1004.0,11.2,1029.0,5111.0,48,104.0,0.1398,1,0,2,2,1,1,67.0,-0.924,0.033,-0.501,-0.628,-1.286,0.103,-0.174,-0.374,-0.723,0.036,0.201,-0.357,-0.468,-1.013,-0.87,0
65.0,2739.0,34759.0,21.5,44.0,6,0.356,2,645.0,2,1,0.194,202.0,5.4,3459.0,2750.0,36,74.7,0.0273,1,1,1,2,1,0,23.0,0.287,-0.709,-1.222,-0.014,1.448,0.558,-1.432,-0.299,-1.923,-0.672,-0.58,-0.558,-0.524,-1.252,-1.79,1
33.0,2580.0,30944.0,5.6,39.0,3,0.395,1,564.0,1,3,0.494,1981.0,4.1,1725.0,5272.0,60,88.5,0.0343,1,1,1,3,1,0,91.0,0.083,-0.158,1.371,-0.504,0.249,0.42,1.647,-0.415,-1.385,1.136,-1.133,0.046,1.093,1.374,-0.343,0
69.0,995.0,12517.0,5.6,40.0,4,0.61,2,520.0,4,3,0.421,376.0,3.4,369.0,5450.0,48,113.9,0.1145,0,0,0,3,2,0,188.0,2.138,2.194,0.361,0.722,0.011,-0.485,-0.877,-1.252,-0.484,1.538,-0.601,-0.97,0.496,-0.289,1.047,1
28.0,995.0,12048.0,3.2,28.0,3,0.149,0,725.0,2,4,0.401,843.0,5.9,570.0,5074.0,48,107.0,0.1075,0,1,1,2,2,1,132.0,-3.003,-0.977,0.83,1.318,-0.183,0.536,0.223,1.315,-0.378,0.281,1.455,1.242,-0.418,-0.112,1.306,0
32.0,3373.0,40079.0,7.0,31.0,5,0.165,0,702.0,4,3,0.266,1397.0,5.5,4166.0,14572.0,24,586.4,0.1739,0,1,0,3,1,1,400.0,-0.415,0.472,-0.559,-1.931,-0.168,-1.293,-0.122,0.897,1.555,-0.875,-0.599,0.742,0.682,-0.101,1.4,0
38.0,3013.0,34771.0,0.3,30.0,4,0.323,1,587.0,1,4,0.118,349.0,9.1,1975.0,8360.0,36,226.5,0.0752,1,2,0,2,0,0,53.0,-1.211,1.853,0.37,0.112,-0.736,0.093,0.333,-1.387,1.238,0.133,1.145,-0.621,1.067,-1.512,0.23,0
41.0,1253.0,14680.0,12.1,34.0,5,0.429,0,666.0,0,0,0.349,0.0,8.7,294.0,8631.0,24,372.3,0.2971,0,2,0,3,2,0,57.0,-0.293,0.278,-0.296,0.127,-0.468,-0.538,-0.394,0.692,0.403,-1.577,-0.252,0.058,-0.122,0.189,0.097,0
38.0,716.0,9044.0,11.9,33.0,5,0.383,1,592.0,2,4,0.383,493.0,11.1,558.0,2451.0,24,104.8,0.1464,1,2,0,3,2,1,176.0,0.227,-0.007,0.833,1.233,-0.76,-0.667,0.563,-0.025,0.042,-1.727,0.249,-0.254,0.231,-1.198,-0.552,0
29.0,6362.0,78935.0,0.7,34.0,1,0.397,1,604.0,4,2,0.612,3282.0,10.0,2406.0,20751.0,36,586.7,0.0922,0,0,1,4,2,0,46.0,-0.706,-0.369,-0.771,-2.024,0.959,2.535,0.016,0.295,1.097,0.829,-0.26,1.239,-1.524,-0.755,-1.236,1
43.0,3451.0,42657.0,4.7,33.0,5,0.305,0,695.0,0,0,0.328,0.0,5.3,14582.0,29159.0,36,820.7,0.2378,0,2,0,5,2,0,20.0,0.238,1.378,-0.269,1.477,0.98,-0.762,1.023,0.349,0.978,0.527,1.229,0.701,-0.133,-0.329,-1.729,0
31.0,879.0,10316.0,6.5,45.0,6,0.73,2,584.0,2,2,0.721,328.0,17.9,2675.0,1579.0,24,64.6,0.0735,0,1,2,2,0,0,143.0,-1.354,0.902,-0.933,-0.112,-0.654,-0.97,-1.018,0.509,-1.396,-0.228,-1.129,0.401,-1.425,-0.582,0.825,1
51.0,1766.0,20629.0,15.0,28.0,6,0.516,2,583.0,3,1,0.395,199.0,5.0,4153.0,4289.0,12,341.0,0.1931,0,2,2,4,0,1,57.0,-0.591,1.517,0.238,-0.212,-1.103,-0.489,0.283,1.512,1.114,0.731,0.181,0.137,0.021,0.004,1.13,0
24.0,1364.0,16806.0,1.3,44.0,0,0.132,0,684.0,2,3,0.15,165.0,6.0,662.0,4624.0,12,395.7,0.2901,0,3,0,5,1,0,144.0,1.275,-0.14,-0.086,0.303,0.408,-0.898,-1.66,-0.63,0.541,-1.599,-0.283,-0.591,-0.209,0.588,-0.382,0
44.0,1468.0,16891.0,1.9,29.0,5,0.158,2,641.0,2,2,0.145,218.0,10.5,274.0,1948.0,36,53.8,0.0366,0,3,1,2,1,1,85.0,-0.075,-0.182,0.827,0.211,0.173,1.207,-0.05,0.274,-1.575,0.276,1.632,-2.016,-0.109,-0.781,0.916,0
49.0,673.0,7990.0,10.8,41.0,0,0.659,3,542.0,4,5,0.493,422.0,2.1,1315.0,6102.0,60,102.9,0.1529,1,0,1,1,1,1,13.0,1.223,-1.007,-1.092,-0.192,1.571,0.525,0.342,0.655,-0.873,-1.112,1.82,-0.153,1.029,0.85,-0.662,0
27.0,1514.0,18728.0,5.3,38.0,1,0.148,1,697.0,2,4,0.198,546.0,1.9,303.0,5557.0,48,115.7,0.0764,1,0,1,4,0,0,34.0,1.45,-0.648,1.423,-0.002,0.772,0.508,-0.411,-0.464,-1.249,-0.506,-0.327,0.179,0.297,-1.349,2.259,0
25.0,1076.0,12515.0,3.8,30.0,0,0.477,0,533.0,1,2,0.614,717.0,2.4,776.0,8477.0,12,718.5,0.6678,0,1,0,3,0,0,30.0,-0.257,0.114,0.708,-0.068,-0.266,0.442,0.017,-0.225,-0.776,0.232,-1.354,-1.335,-1.088,-1.52,-1.386,1
59.0,1018.0,12108.0,15.2,53.0,2,0.486,0,653.0,4,2,0.416,406.0,2.4,314.0,4361.0,24,180.1,0.1769,1,1,1,1,2,0,241.0,-0.029,0.97,-0.404,1.738,1.83,-0.492,-1.428,0.502,-0.83,0.206,-0.328,1.517,-1.812,0.239,-0.714,0
32.0,1184.0,13863.0,0.4,36.0,2,0.268,0,823.0,3,1,0.244,70.0,5.0,1573.0,3642.0,24,145.7,0.1231,0,2,1,2,1,0,107.0,0.279,1.064,-0.07,-0.288,2.34,-0.195,0.459,0.077,-0.415,-1.345,0.898,0.589,-1.134,-0.259,0.007,0
36.0,1413.0,16960.0,1.1,49.0,1,0.623,0,607.0,2,3,0.324,675.0,5.2,713.0,4884.0,36,135.0,0.0955,1,3,1,3,0,0,101.0,-1.18,-0.149,-0.216,-0.67,0.211,-0.333,0.646,-0.615,0.271,0.919,-0.521,-0.189,-0.251,-0.919,0.258,0
63.0,690.0,8204.0,26.6,38.0,5,0.324,2,661.0,1,1,0.435,137.0,7.3,579.0,1687.0,36,47.6,0.069,0,1,1,4,1,1,65.0,1.144,0.375,-1.324,-0.73,-1.091,-0.424,0.147,-1.181,-0.923,-1.039,-1.083,-0.689,0.413,0.47,-0.265,0
34.0,3109.0,38201.0,6.1,36.0,4,0.21,0,716.0,3,4,0.137,870.0,8.4,2423.0,26085.0,12,2219.2,0.7138,1,1,1,3,0,0,131.0,0.437,-1.349,-0.319,-0.755,-0.083,0.927,0.54,-0.725,-0.373,-0.468,0.265,-0.027,-0.638,1.078,-1.294,1
43.0,2805.0,31132.0,14.4,43.0,1,0.304,2,579.0,1,2,0.058,161.0,7.4,7751.0,13184.0,12,1135.2,0.4047,0,3,1,2,1,0,56.0,0.635,-0.181,1.342,-0.138,-0.4,-1.08,2.0,0.345,1.429,-0.79,-0.616,-1.895,1.135,-0.961,-0.082,0
32.0,1150.0,14290.0,3.5,32.0,5,0.168,1,590.0,2,0,0.168,0.0,9.3,376.0,7516.0,60,123.9,0.1077,0,1,1,2,0,1,28.0,-0.924,-0.617,0.114,-0.573,2.009,2.25,-1.163,-0.246,0.538,0.87,-1.031,-0.18,0.491,0.081,0.729,0
33.0,1498.0,17901.0,3.9,36.0,7,0.177,0,678.0,3,1,0.187,149.0,1.9,1526.0,14599.0,48,301.4,0.2012,1,1,1,2,2,0,103.0,0.711,-0.245,0.864,-0.364,-0.305,-0.23,-1.146,1.383,-0.055,0.645,0.413,1.126,-0.117,-0.888,0.358,0
37.0,1660.0,19794.0,7.8,35.0,2,0.332,0,698.0,0,0,0.305,0.0,3.4,3375.0,13154.0,48,271.1,0.1633,0,0,0,3,1,0,66.0,-0.273,-1.234,0.156,0.278,-0.221,-0.171,0.598,-0.698,-1.253,-0.558,1.676,-0.897,-0.51,-1.111,-1.826,0
50.0,1679.0,19046.0,7.8,51.0,4,0.102,1,714.0,2,4,0.22,594.0,3.0,967.0,14030.0,48,289.7,0.1725,0,2,0,2,0,0,75.0,-1.238,1.215,-0.878,-0.121,-0.358,0.678,-0.068,-0.45,0.998,1.5,2.209,0.969,-0.746,2.255,0.984,0
20.0,2405.0,29403.0,0.0,34.0,5,0.272,0,719.0,3,2,0.243,362.0,10.4,1858.0,8407.0,48,176.7,0.0735,1,2,1,4,1,0,120.0,-0.981,0.258,-1.45,-1.789,1.028,0.762,-0.948,-0.101,0.07,-0.404,0.911,0.59,0.309,-0.052,0.888,1
43.0,2651.0,31311.0,19.3,57.0,0,0.152,1,701.0,0,3,0.16,587.0,18.5,2993.0,20893.0,48,446.7,0.1685,0,2,3,1,0,0,68.0,0.818,-0.309,-0.034,-0.235,0.224,0.318,-0.46,0.174,-0.955,0.071,0.904,-2.995,-0.774,-0.077,-0.494,0
21.0,2050.0,22979.0,0.2,55.0,2,0.563,0,654.0,2,3,0.691,1180.0,8.9,787.0,2539.0,36,70.8,0.0345,1,0,1,4,0,1,92.0,0.455,0.054,-0.297,2.202,1.644,1.405,0.942,0.363,-2.288,0.006,-2.469,-0.422,-0.175,-0.991,-0.067,0
47.0,819.0,9423.0,11.8,47.0,2,0.536,1,604.0,4,3,0.435,517.0,15.1,1779.0,2855.0,36,82.5,0.1007,1,3,1,2,1,0,21.0,-1.046,-0.279,0.802,-0.42,0.081,0.736,1.396,0.15,0.199,-0.281,1.017,-0.311,-0.174,-0.178,-0.898,0
20.0,494.0,5930.0,0.0,30.0,4,0.106,0,734.0,0,4,0.052,55.0,0.5,1669.0,1742.0,36,46.8,0.0947,1,0,1,4,1,0,78.0,0.924,-0.145,0.627,-0.318,-0.232,0.456,-0.1,-0.386,-0.283,1.772,0.243,-0.591,0.78,-0.676,0.776,0
36.0,1612.0,17647.0,11.2,36.0,0,0.669,1,532.0,2,4,0.603,1053.0,9.4,4881.0,12106.0,12,1001.8,0.6215,1,0,0,2,1,1,108.0,-0.922,0.139,0.938,-0.041,-0.757,-0.656,-1.208,-0.536,1.396,-0.176,-0.112,-0.143,-0.159,1.953,-0.337,1
51.0,3258.0,39697.0,14.6,53.0,6,0.077,0,696.0,2,0,0.0,0.0,6.6,3721.0,20488.0,36,568.0,0.1743,0,0,2,5,0,1,36.0,0.255,1.276,-0.771,-1.343,-0.065,1.516,0.846,0.533,0.643,-0.668,-1.038,-0.9,-0.086,-0.421,-1.818,0
43.0,693.0,8240.0,16.1,31.0,7,0.594,1,577.0,1,1,0.633,224.0,5.6,1050.0,3491.0,12,303.2,0.4375,1,2,0,3,1,0,120.0,0.173,-0.772,-1.204,-0.299,-0.068,-0.219,-0.376,0.669,-0.463,-0.127,0.087,0.948,-0.672,-0.348,1.013,0
45.0,1069.0,13107.0,9.2,40.0,1,0.911,1,527.0,3,1,0.818,413.0,7.6,701.0,2655.0,36,72.9,0.0682,0,0,1,3,1,1,31.0,-0.132,0.251,0.36,0.083,-0.257,0.91,1.506,-0.478,0.668,1.92,1.094,1.831,0.699,1.311,-1.252,1
56.0,939.0,11044.0,19.8,42.0,1,0.507,1,617.0,1,1,0.616,297.0,8.3,1172.0,6190.0,36,169.5,0.1805,0,3,0,2,0,0,30.0,-0.904,0.942,-2.659,0.108,-0.467,1.084,1.321,0.048,-0.417,-0.151,0.876,-0.211,0.55,-0.909,0.546,0
35.0,967.0,11560.0,4.3,44.0,2,0.252,0,714.0,0,3,0.399,441.0,7.2,782.0,4176.0,36,119.5,0.1236,0,1,1,2,0,0,61.0,1.81,1.438,-0.307,-0.274,-0.17,-0.992,0.128,-0.712,1.208,1.367,0.053,-1.015,-0.632,3.347,0.512,0
38.0,817.0,9869.0,16.8,50.0,5,0.46,3,541.0,8,4,0.549,760.0,7.6,403.0,2589.0,12,217.3,0.266,0,0,2,4,2,0,85.0,-0.798,-0.725,0.204,-0.452,1.24,-0.099,-0.073,-0.686,1.675,1.045,-1.496,0.207,-1.886,-0.212,-0.037,0
40.0,1436.0,17582.0,13.9,26.0,6,0.412,1,512.0,2,6,0.284,958.0,4.4,716.0,10303.0,24,427.0,0.2974,0,1,1,1,0,0,50.0,-0.409,1.001,-1.308,0.254,2.151,0.66,-0.761,0.254,-1.2,-0.007,-1.326,-0.304,0.05,-0.986,-0.22,1
59.0,4202.0,50696.0,22.2,48.0,7,0.506,0,566.0,0,1,0.377,716.0,1.3,1482.0,7764.0,48,166.7,0.0397,1,3,0,1,0,0,25.0,1.12,1.444,0.967,0.6,-1.182,-1.216,-2.415,1.024,-0.513,0.811,1.36,0.556,-0.102,0.591,-0.294,0
21.0,1356.0,16285.0,0.6,49.0,3,0.346,0,619.0,3,1,0.302,192.0,1.7,605.0,11978.0,24,498.0,0.3673,0,2,1,1,0,0,13.0,1.254,-0.082,0.527,-0.291,0.952,1.34,0.522,0.467,1.538,0.298,-1.38,-1.125,0.051,-1.319,-2.415,0
32.0,1561.0,19620.0,3.4,29.0,7,0.274,1,681.0,3,1,0.209,124.0,8.9,3863.0,3244.0,12,272.3,0.1744,0,1,1,3,4,1,155.0,0.887,1.867,-0.575,-0.92,0.801,0.497,0.926,-2.285,-0.495,0.089,0.046,-0.6,0.35,1.006,1.864,0
41.0,1165.0,14116.0,8.2,21.0,5,0.538,0,681.0,1,1,0.538,187.0,5.2,1707.0,2733.0,12,223.6,0.1919,0,3,2,3,1,0,44.0,-0.889,1.717,-0.956,-0.727,-0.948,-1.589,-1.39,0.081,0.297,-0.682,0.392,-0.137,-1.194,-1.401,-0.04,0
36.0,2226.0,26226.0,8.8,48.0,4,0.158,1,704.0,2,2,0.178,343.0,4.6,1619.0,21725.0,36,597.0,0.2682,1,2,1,2,2,0,80.0,1.918,0.938,0.448,0.065,0.599,-0.497,-1.362,-0.7,-0.613,-0.589,-0.527,0.054,0.802,0.463,-0.435,0
31.0,2421.0,28508.0,0.9,39.0,0,0.217,0,709.0,1,1,0.1,99.0,2.0,4440.0,21259.0,12,1769.3,0.7308,1,0,1,2,0,1,38.0,1.759,1.075,0.527,-1.863,-0.23,-1.064,0.928,0.562,-0.66,2.303,-0.199,-0.429,-0.303,1.165,-0.0,1
36.0,523.0,6460.0,3.3,37.0,1,0.407,0,697.0,4,2,0.352,177.0,4.1,432.0,1425.0,60,23.6,0.0451,1,0,2,3,1,0,121.0,-0.395,-1.4,0.355,-0.379,0.908,0.896,-0.336,-1.275,0.429,-0.653,-0.801,-0.452,0.581,-0.288,0.118,0
46.0,2351.0,28112.0,7.6,41.0,2,0.356,0,609.0,1,0,0.334,0.0,5.6,2646.0,9660.0,36,269.1,0.1145,1,0,1,2,1,0,204.0,1.022,0.127,-0.565,-0.831,-1.859,0.197,0.196,-2.084,-0.081,2.559,-0.099,0.386,0.658,-0.259,2.591,1
26.0,829.0,10072.0,1.5,45.0,1,0.707,2,614.0,4,2,1.0,400.0,8.9,1706.0,4319.0,36,122.2,0.1474,1,1,1,3,1,1,75.0,-2.438,1.264,0.771,-0.419,0.64,-0.782,-1.339,-1.741,-1.18,-0.293,-2.479,0.262,-2.384,0.026,0.054,0
35.0,939.0,11000.0,2.5,30.0,5,0.35,1,607.0,1,5,0.27,323.0,10.7,247.0,5605.0,24,232.7,0.2478,0,1,0,3,1,1,266.0,0.6,0.609,-0.381,-2.186,-0.654,-0.323,2.388,0.605,-1.05,-0.7,-0.512,-1.253,-1.669,0.006,1.29,0
46.0,5176.0,60423.0,13.3,32.0,5,0.313,0,701.0,0,1,0.384,481.0,6.0,3853.0,28169.0,36,777.3,0.1502,0,1,1,5,0,1,31.0,-1.563,-1.018,-1.001,-0.603,-0.63,0.949,0.117,-1.122,-0.626,1.43,1.255,-1.251,-2.215,-1.038,0.856,0
31.0,535.0,6595.0,5.8,42.0,0,0.166,0,722.0,2,2,0.133,57.0,6.0,221.0,4653.0,24,192.8,0.3604,1,0,0,3,3,1,45.0,-0.421,0.819,0.016,-0.743,-0.398,-0.477,0.072,0.611,3.009,1.694,0.015,1.794,-0.08,0.156,0.286,0
29.0,1817.0,21420.0,1.7,51.0,5,0.715,3,441.0,4,5,0.519,2515.0,2.9,1150.0,3987.0,24,163.7,0.0901,1,3,0,5,3,0,49.0,-0.53,0.577,0.745,-1.079,-0.193,-0.576,1.435,-0.74,-0.59,0.597,-0.452,-2.135,0.755,-0.14,-0.035,0
44.0,1376.0,16702.0,4.5,48.0,5,0.104,1,695.0,2,4,0.008,11.0,1.6,1070.0,2751.0,36,73.1,0.0531,0,1,0,4,1,0,65.0,1.376,0.056,-0.327,-0.365,0.727,-0.71,-0.119,-2.078,-0.076,-0.259,-0.08,-1.017,-0.27,0.295,-1.68,1
55.0,1631.0,18899.0,15.1,36.0,6,0.134,1,639.0,2,3,0.131,334.0,5.4,748.0,8993.0,12,750.6,0.4602,0,2,1,3,0,1,85.0,2.69,0.365,-0.58,0.869,-0.521,-0.369,-1.454,-0.901,1.422,-0.738,0.578,2.794,-0.575,0.057,-1.418,0
35.0,1573.0,19220.0,11.4,37.0,4,0.17,0,662.0,3,2,0.473,411.0,10.3,854.0,9104.0,36,256.6,0.1631,0,1,1,3,0,0,132.0,-2.035,-0.011,0.322,-1.268,-0.161,0.193,-0.157,1.568,0.316,-0.093,-0.364,0.156,0.486,-0.541,0.531,0
29.0,1264.0,15117.0,3.0,41.0,0,0.469,0,742.0,3,1,0.298,109.0,2.3,2397.0,12512.0,36,344.7,0.2727,1,2,2,5,1,0,11.0,-1.551,1.387,0.798,0.746,-0.166,0.036,-1.841,0.046,0.625,1.247,1.713,0.021,1.093,-1.057,0.276,0
35.0,2517.0,28977.0,2.8,35.0,1,0.326,2,577.0,4,4,0.0,0.0,6.7,1444.0,2551.0,60,42.2,0.0168,0,0,1,1,2,1,36.0,1.405,0.31,-0.011,0.811,1.159,1.929,-0.927,-0.102,-0.519,-0.39,-0.034,0.771,1.033,-0.487,-0.457,0
20.0,1114.0,13799.0,0.0,44.0,0,0.774,0,655.0,3,3,0.489,565.0,17.5,2250.0,7397.0,60,126.3,0.1134,1,2,2,1,0,0,265.0,-0.52,0.461,-0.676,-0.592,1.239,-1.043,-0.38,-0.876,-1.584,-0.95,-1.42,0.294,-1.153,0.155,-0.528,0
38.0,1218.0,15353.0,7.9,37.0,6,0.564,0,715.0,3,5,0.565,1028.0,1.3,248.0,8985.0,36,260.9,0.2142,1,0,1,3,2,1,150.0,1.433,-0.024,0.03,-0.716,-0.743,-1.093,0.849,0.917,-0.915,0.144,1.408,-0.342,-2.364,-0.142,-1.404,0
34.0,2476.0,30846.0,3.0,43.0,6,0.178,1,685.0,4,3,0.376,732.0,8.1,3478.0,23977.0,24,1021.6,0.4126,0,0,1,4,0,0,56.0,-1.05,-1.023,-0.576,-1.778,0.448,0.333,-0.893,0.778,-0.644,0.291,-0.275,-0.391,0.275,-1.548,-2.148,0
58.0,3733.0,44209.0,29.7,40.0,0,0.181,1,625.0,1,3,0.135,591.0,4.2,7688.0,33777.0,48,684.4,0.1833,0,2,2,2,0,1,228.0,2.46,1.479,0.135,-0.574,-0.702,0.734,-3.267,0.149,-0.222,-0.201,-0.936,-0.837,-0.171,0.991,-2.716,0
31.0,1771.0,21385.0,2.0,31.0,5,0.361,3,472.0,2,0,0.358,0.0,5.3,7294.0,5350.0,24,215.9,0.1219,0,3,3,4,1,1,79.0,1.979,0.328,0.343,0.134,2.202,-1.111,-1.272,0.33,0.699,0.572,-0.316,1.279,0.75,-0.658,-1.51,0
24.0,1957.0,23289.0,1.7,43.0,5,0.394,0,678.0,2,4,0.373,939.0,5.5,4308.0,6935.0,48,143.8,0.0735,0,2,2,3,1,1,91.0,-0.453,0.372,-1.207,0.227,-0.319,-0.435,2.367,-0.918,0.296,-0.118,-0.988,-0.26,1.86,-1.224,-0.446,0
43.0,2591.0,31437.0,11.8,41.0,4,0.196,0,682.0,1,5,0.0,0.0,4.1,534.0,21406.0,24,897.7,0.3465,0,2,0,4,2,1,136.0,0.789,0.602,-0.688,-1.98,-0.931,-1.276,-0.742,0.696,1.305,-1.551,0.614,0.644,-1.248,-0.821,0.156,0
32.0,2180.0,26434.0,10.9,31.0,7,0.067,0,651.0,3,1,0.0,0.0,9.0,1679.0,4617.0,48,97.9,0.0449,0,3,1,2,1,0,44.0,-0.504,-0.149,0.783,-0.267,-0.446,0.446,0.554,0.14,-1.619,1.031,0.765,-0.002,0.309,0.667,0.249,0
46.0,2488.0,29098.0,6.0,32.0,7,0.137,1,672.0,2,3,0.033,123.0,4.4,3438.0,3351.0,36,91.3,0.0367,0,1,1,3,3,1,37.0,0.165,-1.203,-0.505,0.011,-2.328,0.465,0.04,-0.094,0.122,-0.717,-1.243,0.749,0.897,0.537,2.806,0
51.0,1971.0,22993.0,6.8,45.0,6,0.222,0,745.0,3,4,0.149,636.0,7.1,4667.0,8027.0,36,221.4,0.1123,1,0,1,2,2,0,50.0,-0.155,0.028,-1.142,0.359,-0.464,0.535,2.229,0.183,-1.169,-0.822,-1.975,0.814,0.88,-0.539,-2.465,0
29.0,859.0,10124.0,1.5,48.0,5,0.425,1,548.0,3,5,0.414,796.0,0.9,751.0,8222.0,48,171.8,0.2,0,3,0,3,4,1,118.0,-0.615,-1.38,0.799,0.224,0.061,0.389,0.53,-0.239,-0.037,0.617,-1.905,-0.995,-0.098,0.086,-0.325,0
50.0,1546.0,19048.0,15.6,54.0,7,0.717,0,618.0,1,1,0.591,475.0,0.9,1208.0,3953.0,48,80.1,0.0518,0,2,2,3,0,1,51.0,0.224,-1.855,0.652,-0.35,-1.158,0.238,1.38,-0.428,-1.294,0.418,-0.578,-0.226,0.824,-0.009,-1.375,0
36.0,641.0,7551.0,4.2,34.0,2,0.513,0,705.0,0,1,0.704,164.0,4.6,741.0,5514.0,48,110.4,0.1722,1,0,1,3,3,1,143.0,-0.538,-0.096,-1.164,0.426,1.6,0.175,0.598,-1.76,-1.083,-1.114,0.116,1.974,0.506,0.92,0.031,0
31.0,2502.0,30585.0,3.4,39.0,7,0.349,1,711.0,3,0,0.279,0.0,11.4,4184.0,19554.0,48,416.2,0.1663,1,1,1,2,2,1,85.0,-1.46,0.409,-0.747,0.104,0.316,0.845,0.237,-0.238,1.046,-0.509,1.826,0.466,0.729,-0.896,-0.911,0
41.0,855.0,9891.0,13.5,40.0,0,0.247,2,585.0,1,2,0.127,115.0,3.5,688.0,3835.0,36,106.1,0.1241,0,0,3,5,1,1,143.0,-0.142,-1.225,0.999,-0.036,-0.444,0.195,-0.085,-0.598,-0.279,-1.128,0.532,-0.922,-1.294,-0.447,0.256,0
49.0,788.0,9949.0,5.2,37.0,3,0.353,1,607.0,0,3,0.205,161.0,1.8,543.0,6548.0,36,175.8,0.2231,0,3,2,1,2,0,17.0,-0.564,1.797,-1.113,-0.855,-0.29,-0.117,-0.694,0.611,0.696,1.268,-1.547,-0.692,-0.378,-1.321,1.843,0
33.0,1857.0,22001.0,0.5,38.0,4,0.296,0,667.0,0,2,0.323,438.0,8.2,583.0,15615.0,48,324.6,0.1748,0,0,1,2,1,0,85.0,-0.099,-1.434,0.678,1.582,-1.954,-0.105,-1.055,0.209,0.096,2.375,0.058,-0.896,1.029,0.472,1.177,0
32.0,3101.0,37405.0,6.0,47.0,3,0.35,1,649.0,2,1,0.214,160.0,0.8,3715.0,29967.0,24,1269.9,0.4095,1,0,0,2,0,1,59.0,0.959,0.814,-0.2,0.152,-1.203,0.371,-1.195,-0.056,-0.759,0.22,0.673,-0.18,3.073,1.675,-1.36,0
38.0,1324.0,17099.0,14.1,34.0,3,0.023,0,758.0,2,1,0.0,0.0,2.5,917.0,4619.0,24,197.9,0.1495,0,1,1,3,0,1,75.0,-0.262,-0.421,0.436,0.051,-0.817,0.304,0.667,-1.51,0.676,1.983,-0.834,-0.338,1.229,-0.177,0.355,0
29.0,1823.0,22778.0,4.4,36.0,2,0.064,0,732.0,1,0,0.104,0.0,12.9,3168.0,11431.0,24,464.8,0.255,0,3,1,2,2,1,125.0,-0.383,-1.313,1.792,0.43,-0.314,1.373,0.614,-0.917,0.277,-2.004,-1.035,0.145,0.765,-0.382,0.73,0
50.0,1477.0,17397.0,6.1,43.0,6,0.208,0,669.0,1,1,0.305,215.0,1.7,1948.0,13209.0,36,368.9,0.2498,1,1,2,1,1,1,116.0,-0.327,-1.287,0.801,-1.155,-1.171,0.563,1.042,0.506,0.485,0.268,0.762,2.181,0.974,0.551,0.352,0
25.0,1934.0,24107.0,3.4,30.0,6,0.223,0,694.0,0,1,0.301,207.0,4.4,1572.0,18839.0,24,778.4,0.4025,0,3,1,4,1,0,59.0,-0.857,-0.847,-0.819,0.713,-0.304,0.662,0.693,-1.161,-1.442,-1.037,2.194,-0.085,0.774,0.252,1.711,0
22.0,1519.0,18384.0,1.8,43.0,4,0.265,0,706.0,1,1,0.23,166.0,12.1,1293.0,10862.0,48,227.9,0.15,1,1,1,3,0,0,162.0,2.056,-0.137,-0.012,0.318,0.247,0.611,0.544,0.25,0.785,1.347,0.601,-0.504,-0.272,-0.281,0.724,0
45.0,1141.0,13494.0,3.4,46.0,6,0.596,2,525.0,2,3,0.571,717.0,7.3,470.0,5109.0,36,145.2,0.1273,0,3,2,3,1,1,171.0,-1.081,0.676,0.281,0.54,0.583,-0.077,0.642,-1.208,0.519,-0.618,-0.148,-0.295,-1.092,-0.181,0.114,0
38.0,906.0,10954.0,5.0,37.0,3,0.432,1,592.0,4,0,0.439,0.0,3.7,242.0,6525.0,24,273.6,0.302,1,2,2,3,0,0,17.0,0.81,-0.313,-0.679,-1.557,0.486,0.153,-0.093,-1.413,0.759,0.253,-1.313,-0.905,0.808,1.508,0.54,0
48.0,2337.0,27616.0,11.9,35.0,3,0.075,0,799.0,4,2,0.0,0.0,2.9,2175.0,16977.0,36,461.6,0.1975,0,1,1,4,1,0,27.0,0.123,-0.03,1.452,-0.089,0.538,-0.432,-1.56,-0.159,-0.159,-0.825,-0.11,0.591,-0.386,0.654,1.23,0
55.0,1839.0,22711.0,19.2,34.0,4,0.639,2,519.0,1,0,0.468,0.0,12.1,502.0,3222.0,60,54.1,0.0294,0,1,2,5,1,0,31.0,-1.784,0.348,-0.101,-1.619,-1.933,0.219,-0.289,-0.43,1.15,1.896,-0.197,0.534,0.817,0.094,0.196,1
20.0,2163.0,26022.0,0.0,27.0,0,0.345,1,646.0,3,2,0.275,301.0,0.5,4473.0,5285.0,36,147.1,0.068,1,2,1,2,1,1,65.0,-0.524,0.614,0.199,-0.538,-0.221,-0.836,0.652,-0.359,-2.467,-0.207,-0.103,1.064,-0.733,1.777,1.208,0
35.0,1549.0,18876.0,13.7,37.0,3,0.3,0,726.0,2,2,0.337,441.0,10.5,318.0,4990.0,36,138.6,0.0895,1,0,0,3,2,1,67.0,0.395,-0.434,-0.906,0.286,0.577,1.072,-0.421,0.701,1.282,0.806,0.91,-1.003,-1.602,1.61,1.019,0
41.0,555.0,6694.0,3.7,41.0,1,0.249,1,725.0,2,0,0.246,0.0,1.1,910.0,3933.0,48,84.3,0.1519,0,2,0,4,4,1,131.0,0.151,-0.029,-0.353,0.456,2.437,-0.018,0.656,1.154,-1.804,1.793,-0.09,-1.782,-0.46,0.181,1.523,0
42.0,1357.0,16652.0,9.1,52.0,4,0.664,3,478.0,3,2,0.621,518.0,15.2,1119.0,2316.0,36,64.6,0.0476,0,1,1,4,1,1,40.0,-0.313,-0.802,1.769,-0.34,0.527,-1.493,-0.352,1.534,1.083,-0.465,-1.054,-1.056,-1.321,-2.285,-2.383,1
57.0,3021.0,35464.0,8.9,35.0,3,0.559,1,600.0,2,3,0.457,1126.0,2.6,1871.0,24634.0,48,512.1,0.1695,1,0,1,3,2,0,145.0,0.589,1.733,-1.581,0.151,-1.318,-0.387,0.254,1.673,1.938,-0.321,0.632,0.128,-0.288,1.125,-0.918,1
44.0,1661.0,20190.0,20.5,29.0,6,0.484,1,606.0,1,4,0.408,1256.0,4.0,1631.0,11770.0,48,245.2,0.1476,0,0,1,1,1,0,45.0,-0.867,0.148,0.104,0.699,-0.017,-0.094,-1.05,-0.434,1.434,-0.809,0.99,-1.656,0.322,-1.478,0.878,0
22.0,834.0,10197.0,1.2,42.0,3,0.517,0,683.0,1,2,0.149,102.0,7.5,1016.0,5166.0,36,143.8,0.1724,1,3,0,1,1,0,74.0,-0.422,1.315,-0.859,-1.729,-0.535,-1.317,0.072,2.2,-0.915,-1.097,-1.06,-2.311,-0.689,-0.762,1.68,0
45.0,955.0,11816.0,16.9,41.0,7,0.635,0,604.0,0,3,0.688,665.0,7.5,540.0,3247.0,12,275.1,0.2881,1,0,2,3,2,0,32.0,-0.837,1.063,0.376,-1.142,0.88,-0.887,0.244,0.452,-0.181,0.809,-2.516,0.243,-0.381,0.39,-0.847,0
20.0,1056.0,12776.0,0.0,40.0,0,0.338,0,671.0,3,2,0.276,223.0,15.3,1139.0,1750.0,24,73.2,0.0693,1,1,2,5,3,0,141.0,0.59,-1.575,-1.91,0.612,0.266,0.644,1.731,1.157,-0.682,-0.985,0.864,-0.457,-2.234,1.294,-2.108,0
71.0,2341.0,28495.0,9.4,39.0,6,0.128,0,735.0,1,2,0.189,317.0,8.6,2229.0,6685.0,48,137.0,0.0585,0,0,1,3,2,0,17.0,-2.089,-0.32,1.358,1.175,-0.325,0.001,1.191,-1.194,-0.869,2.219,0.22,-0.722,0.331,0.863,-0.899,0
35.0,1872.0,23416.0,10.9,38.0,5,0.594,2,536.0,6,1,0.44,243.0,5.4,4907.0,5846.0,36,163.0,0.0871,1,3,0,3,0,0,49.0,0.188,-1.699,-0.727,-3.023,-0.569,-0.409,-0.206,1.051,-1.186,0.23,-0.231,0.389,0.171,1.168,0.363,0
21.0,2421.0,31419.0,0.2,44.0,3,0.251,1,627.0,7,1,0.212,206.0,5.8,1220.0,10080.0,24,423.9,0.1751,0,3,1,2,1,1,107.0,0.732,-0.538,0.064,-1.497,0.893,-1.035,-0.729,-0.228,-0.368,-0.502,-0.296,-1.629,-1.014,-1.351,-0.839,0
40.0,1035.0,11982.0,9.9,50.0,2,0.367,1,544.0,0,3,0.285,234.0,4.2,1403.0,8566.0,36,242.1,0.2339,1,0,1,4,0,1,41.0,-0.467,0.266,-1.109,-1.141,-0.966,0.43,2.29,-3.087,-1.065,-0.079,0.925,-1.321,0.808,-0.315,1.171,0
52.0,2439.0,29620.0,17.3,27.0,5,0.277,0,667.0,1,7,0.446,4070.0,7.6,1534.0,5450.0,36,151.6,0.0622,0,0,3,2,1,0,139.0,0.139,2.257,-0.661,-0.505,-0.638,0.385,0.242,1.818,0.285,-0.256,-0.363,1.189,-0.974,-0.744,-0.282,0
42.0,2013.0,24162.0,5.4,41.0,0,0.667,0,536.0,2,5,0.711,2682.0,7.8,830.0,17379.0,36,474.7,0.2358,1,1,1,4,2,1,89.0,1.452,0.085,1.228,-0.414,1.127,0.966,-0.194,-0.627,0.159,-0.58,-0.195,0.531,0.385,-0.343,-0.335,0
43.0,667.0,7824.0,18.0,48.0,6,0.081,0,713.0,2,1,0.0,0.0,15.4,1142.0,6528.0,24,274.0,0.4108,1,2,2,2,2,0,75.0,1.681,-0.119,-0.537,1.056,-0.462,-2.552,1.65,0.163,-1.202,0.511,-0.372,-1.387,0.165,-0.588,0.096,0
38.0,1313.0,15037.0,9.2,62.0,3,0.272,0,671.0,0,0,0.215,0.0,4.8,240.0,6979.0,60,118.0,0.0899,1,0,1,3,0,1,83.0,0.519,-0.384,0.818,0.88,-0.081,-1.772,0.851,0.772,-0.342,0.615,-0.255,0.81,-1.763,-0.706,1.976,0
26.0,2817.0,31629.0,0.2,57.0,3,0.096,0,699.0,2,2,0.259,598.0,3.7,1346.0,11413.0,24,479.4,0.1702,0,3,0,3,1,0,101.0,1.623,-0.048,0.822,1.445,-2.455,-0.897,-2.243,-0.462,-0.619,0.567,-1.345,1.366,-0.065,2.224,-0.166,0
21.0,1519.0,19052.0,0.5,53.0,7,0.397,0,651.0,1,1,0.462,206.0,32.0,1348.0,2625.0,12,224.4,0.1477,1,3,1,3,0,0,39.0,0.551,-0.239,-0.763,0.227,-0.268,0.928,0.838,0.436,-0.324,0.14,0.144,-0.488,0.445,0.478,-0.279,0
23.0,3730.0,44190.0,1.2,43.0,2,0.625,1,583.0,4,0,0.825,0.0,3.4,1462.0,26669.0,36,733.0,0.1965,0,0,1,1,0,0,33.0,1.151,-0.652,0.87,0.14,1.3,-0.878,-1.485,0.698,0.82,0.329,-0.544,-0.429,1.608,0.454,0.658,0
46.0,1248.0,14714.0,6.4,44.0,1,0.082,0,728.0,0,1,0.095,56.0,6.1,1529.0,4840.0,36,131.6,0.1054,0,1,1,1,0,1,133.0,-2.186,-0.883,0.525,-0.355,0.607,1.066,-0.11,0.356,0.741,0.245,-0.312,-0.124,-1.641,1.181,-0.196,0
20.0,1716.0,19211.0,0.0,65.0,2,0.21,1,631.0,3,2,0.006,6.0,2.4,555.0,8211.0,60,136.1,0.0793,0,1,1,4,1,0,17.0,-0.765,-0.98,-0.403,0.509,1.633,0.513,0.251,-0.576,0.584,-1.525,0.424,-0.859,-0.448,-0.702,0.271,0
30.0,1541.0,18967.0,2.4,39.0,0,0.328,0,688.0,1,0,0.277,0.0,4.6,1647.0,6910.0,24,294.1,0.1909,0,2,2,3,1,1,106.0,0.101,1.305,2.19,-0.429,1.704,1.37,-0.272,-0.092,1.151,-0.578,0.549,-2.736,-0.554,1.937,-0.64,0
49.0,1571.0,18738.0,10.2,31.0,4,0.336,0,763.0,1,4,0.391,730.0,2.2,4540.0,7324.0,24,305.4,0.1944,1,1,1,2,0,1,217.0,-0.692,-1.072,-1.315,1.249,-0.358,-0.219,0.595,1.336,0.304,-0.594,0.757,0.05,-0.978,1.371,-0.701,0
20.0,2111.0,25997.0,0.0,44.0,3,0.137,0,676.0,2,0,0.192,0.0,4.5,5718.0,17949.0,36,504.9,0.2392,0,0,0,4,1,0,39.0,-1.549,-0.076,-1.805,0.691,-0.068,-1.179,2.293,0.868,0.498,0.223,-2.671,-0.134,0.03,-0.312,0.85,0
46.0,1626.0,20805.0,11.2,49.0,3,0.251,0,680.0,0,1,0.189,136.0,3.4,1602.0,14101.0,48,290.0,0.1784,0,0,1,2,0,1,46.0,-0.701,-0.9,-1.872,0.864,2.058,0.06,-0.775,-0.847,1.304,-0.851,1.283,0.133,-1.611,-0.165,2.042,0
39.0,916.0,11563.0,7.4,53.0,6,0.089,0,718.0,2,0,0.139,0.0,6.6,427.0,7205.0,36,205.1,0.2239,0,3,0,2,2,1,253.0,-0.8,-0.41,0.893,-1.647,-0.563,0.528,-0.116,1.862,0.572,-0.427,-1.462,-0.53,-1.041,-0.836,0.539,0
39.0,598.0,7134.0,15.5,42.0,2,0.412,0,691.0,1,3,0.406,186.0,8.7,1616.0,1575.0,48,32.7,0.0547,0,0,0,3,3,0,47.0,-0.305,-1.184,-0.408,0.132,0.193,-1.745,-0.578,0.539,1.089,-0.34,-2.005,0.389,-1.182,-1.335,-0.809,0
70.0,1776.0,21003.0,11.8,48.0,1,0.452,3,556.0,4,0,0.612,0.0,22.1,2794.0,8515.0,48,170.4,0.0959,0,3,2,3,2,1,84.0,-0.157,-0.484,-0.158,-0.788,2.113,0.438,1.227,0.735,-0.234,1.536,-0.213,0.896,-1.077,-1.017,0.019,0
31.0,3840.0,47241.0,5.1,38.0,7,0.203,0,695.0,2,1,0.0,0.0,3.2,9046.0,26539.0,12,2174.0,0.5661,0,2,1,3,2,0,129.0,0.577,0.797,-1.002,-1.395,0.907,1.008,-0.263,-1.666,-0.932,1.322,0.105,1.005,0.388,0.975,0.239,0
24.0,966.0,11336.0,2.3,36.0,2,0.572,1,550.0,3,1,0.565,183.0,4.7,1457.0,1576.0,12,127.2,0.1317,0,0,0,3,1,1,15.0,-0.846,0.552,-0.059,-1.222,-0.508,1.633,0.232,0.388,0.155,-1.342,0.056,-0.316,2.331,-1.559,-0.967,0
53.0,1674.0,20948.0,13.6,47.0,5,0.848,2,508.0,1,1,0.778,430.0,3.3,1688.0,3308.0,24,139.2,0.0832,1,0,1,3,0,0,35.0,2.249,0.868,-1.486,-0.779,1.383,-0.984,0.635,4.793,1.715,-1.349,-0.34,-0.13,0.712,-1.069,1.072,0
29.0,1680.0,20127.0,5.1,46.0,1,0.426,2,550.0,6,1,0.319,263.0,15.1,461.0,14651.0,24,607.2,0.3614,0,3,0,3,0,0,25.0,0.688,-1.142,0.579,1.434,-1.895,0.605,1.235,-0.205,-0.186,-1.193,0.341,-2.047,0.05,0.129,1.158,1
27.0,1069.0,12269.0,2.9,39.0,6,0.263,1,584.0,1,5,0.0,0.0,8.3,217.0,7754.0,48,160.4,0.15,0,2,1,4,2,0,72.0,0.672,0.048,-0.85,-1.057,-0.814,1.691,-0.435,-0.975,0.03,-0.464,1.198,1.444,-0.196,0.407,0.879,0
40.0,2258.0,27205.0,15.6,36.0,4,0.275,0,674.0,2,2,0.276,507.0,4.5,2099.0,15387.0,24,630.2,0.2791,0,2,1,3,2,1,245.0,0.152,0.024,0.194,0.291,-0.124,-1.386,0.053,0.684,-1.97,-1.62,-0.404,1.513,-0.113,0.515,-2.153,0
29.0,1765.0,19944.0,1.4,50.0,3,0.245,0,738.0,3,2,0.183,186.0,7.6,3552.0,4719.0,36,130.8,0.0741,0,0,1,3,1,0,42.0,-0.39,1.529,0.365,0.432,-0.598,1.95,-1.18,-0.339,-1.503,-0.046,1.008,-1.344,1.889,-0.584,0.047,0
44.0,1175.0,14075.0,18.4,44.0,4,0.296,1,618.0,2,2,0.135,158.0,4.5,1591.0,6147.0,36,166.8,0.142,0,3,1,4,1,1,58.0,-0.282,0.304,1.48,-0.348,-1.353,-0.135,0.857,-0.175,-1.163,0.607,0.92,0.101,-0.599,-1.602,-0.24,0
45.0,4270.0,49298.0,26.3,47.0,7,0.229,0,690.0,0,0,0.064,0.0,10.4,2368.0,36373.0,36,994.1,0.2328,0,2,0,1,3,1,50.0,1.281,-0.945,-0.557,1.264,-1.626,0.383,-0.16,-0.913,2.127,-1.939,1.313,-0.381,-0.412,0.599,-0.782,0
58.0,2640.0,29811.0,26.8,40.0,7,0.13,1,699.0,2,5,0.039,272.0,10.1,2957.0,12333.0,48,260.7,0.0987,1,1,0,3,0,0,83.0,0.972,1.631,0.24,-1.131,0.251,0.595,0.994,0.498,1.357,-2.066,0.194,0.727,-0.521,-0.163,0.258,0
40.0,3012.0,33710.0,5.9,18.0,4,0.361,0,650.0,1,2,0.316,896.0,2.5,2577.0,26434.0,36,744.0,0.247,1,0,0,3,1,0,72.0,0.716,1.12,-0.468,1.338,0.101,-0.528,-0.458,0.025,0.237,0.324,-2.573,-0.018,1.218,-1.002,-0.414,0
65.0,1776.0,22012.0,25.6,41.0,1,0.546,1,592.0,3,3,0.503,985.0,8.2,875.0,6065.0,24,261.8,0.1474,1,2,1,3,1,1,61.0,0.715,0.987,-1.397,-0.808,1.253,-0.563,-0.746,-1.378,-1.287,-0.381,1.485,2.542,-2.695,-0.586,0.426,0
30.0,2287.0,28074.0,0.6,44.0,4,0.738,1,491.0,1,0,0.652,0.0,3.4,1672.0,17377.0,24,726.7,0.3178,0,1,0,4,1,1,66.0,-1.022,-0.432,-0.818,1.416,0.374,1.728,0.062,1.426,-0.579,-0.371,1.582,-1.261,0.819,1.011,0.987,1
21.0,890.0,10992.0,0.6,43.0,1,0.254,0,701.0,1,1,0.16,69.0,9.8,487.0,8550.0,36,238.5,0.268,1,2,1,4,0,0,47.0,-1.441,-2.245,-0.599,0.334,-0.317,-0.816,-0.303,-0.851,-0.837,-0.586,-0.078,-0.237,0.758,-0.173,-0.757,0
37.0,907.0,11385.0,5.6,41.0,5,0.38,0,637.0,2,3,0.41,571.0,9.3,737.0,4619.0,24,189.8,0.2093,0,1,0,2,2,1,32.0,-1.241,-1.451,-0.075,-1.353,1.37,-0.051,0.725,0.608,-1.592,-1.043,-0.995,1.482,0.508,0.741,1.361,1
54.0,951.0,11247.0,20.7,35.0,5,0.077,2,596.0,2,2,0.167,154.0,8.6,278.0,2480.0,48,51.3,0.0539,0,0,1,3,1,0,69.0,-1.378,-1.205,-0.476,-1.329,0.523,0.91,-0.021,1.173,0.571,0.405,-0.123,1.338,0.464,0.831,0.724,0
33.0,1750.0,21027.0,2.3,39.0,7,0.152,0,743.0,1,1,0.302,275.0,20.0,569.0,8938.0,48,195.6,0.1118,0,2,1,2,2,1,55.0,1.191,-1.696,-1.721,-1.39,0.505,0.888,0.56,-0.192,0.981,-1.68,0.288,-0.692,-0.136,0.38,2.433,0
43.0,1514.0,18969.0,22.6,33.0,2,0.58,3,519.0,1,1,0.394,258.0,5.0,811.0,1971.0,24,81.0,0.0535,0,1,1,2,1,1,43.0,-0.406,-0.071,0.139,-0.437,-1.211,0.21,-0.207,1.431,-1.023,-0.981,-0.373,-2.711,-0.393,-0.89,-1.556,1
35.0,2024.0,24430.0,8.1,39.0,7,0.349,3,568.0,5,1,0.287,267.0,2.4,1125.0,13455.0,48,280.8,0.1387,1,0,1,4,4,1,39.0,0.974,-0.306,0.369,-0.362,-1.392,0.169,0.235,2.371,0.717,0.209,0.637,-0.889,-0.431,1.442,-0.152,0
56.0,892.0,10695.0,15.1,49.0,0,0.711,5,408.0,5,0,0.714,0.0,4.1,786.0,2516.0,12,209.7,0.2351,1,0,0,2,4,0,138.0,2.036,-0.397,1.187,0.873,0.954,-0.083,-0.928,0.007,0.04,1.901,1.361,0.848,-0.079,2.032,1.693,1
60.0,1482.0,18264.0,20.3,50.0,4,0.298,1,587.0,2,4,0.198,527.0,2.5,1641.0,14098.0,24,584.8,0.3946,0,0,1,4,1,1,56.0,1.029,-4.044,0.839,0.222,1.068,0.817,0.952,-2.492,-0.696,0.433,0.477,1.287,0.092,-0.202,0.023,0
20.0,1500.0,17370.0,0.0,40.0,1,0.641,2,508.0,1,1,0.45,259.0,5.9,1258.0,12020.0,60,202.4,0.1349,0,2,1,3,1,1,58.0,-1.139,-1.309,1.52,0.691,0.514,-1.108,2.487,0.165,1.58,-1.03,-0.264,0.966,1.492,-0.748,0.821,0
54.0,2085.0,25378.0,24.3,43.0,3,0.573,1,633.0,6,1,0.285,163.0,8.6,2798.0,7455.0,48,156.9,0.0753,0,1,1,2,1,1,67.0,-0.639,-1.744,1.019,-0.881,-0.163,-0.163,0.337,-0.546,-1.905,0.685,0.364,1.503,-1.829,0.234,0.01,0
34.0,1442.0,18047.0,14.0,35.0,0,0.458,0,758.0,0,3,0.493,678.0,0.7,1962.0,5877.0,60,98.2,0.0681,1,2,1,5,2,0,42.0,-0.017,-0.408,-1.735,1.041,1.167,0.247,-1.284,-1.353,1.494,0.05,0.245,0.982,0.539,0.995,-0.457,0
64.0,1977.0,23602.0,13.4,31.0,3,0.062,0,698.0,0,5,0.027,78.0,2.3,4056.0,3868.0,36,108.7,0.055,0,1,0,3,0,1,36.0,0.706,1.443,0.646,0.94,0.543,-1.557,0.225,-1.012,-0.901,-0.106,-0.023,-0.613,-0.75,-1.879,-0.427,0
41.0,4779.0,54378.0,18.2,38.0,4,0.515,1,644.0,3,2,0.566,1811.0,6.5,1236.0,38866.0,12,3262.4,0.6827,0,2,3,2,6,0,16.0,-1.324,1.087,-0.079,-2.16,0.153,1.006,0.114,-1.049,0.392,-0.929,0.338,0.755,0.956,-0.569,-0.486,1
38.0,2634.0,30829.0,1.5,36.0,1,0.301,0,678.0,3,1,0.123,123.0,9.2,10574.0,16469.0,60,278.5,0.1057,0,1,0,4,0,1,80.0,-1.038,-1.204,-0.838,0.159,1.254,-0.249,0.791,1.199,-0.663,-0.494,-1.551,0.563,0.398,-0.298,-1.118,0
29.0,2728.0,32519.0,2.2,53.0,3,0.026,0,729.0,2,2,0.0,0.0,1.0,3871.0,8915.0,48,178.8,0.0655,0,1,0,1,0,1,129.0,-0.447,-1.174,0.401,1.031,0.349,1.038,1.467,1.058,-1.179,0.607,-0.63,0.204,0.196,0.365,0.328,0
37.0,879.0,10373.0,4.2,28.0,5,0.416,0,736.0,0,4,0.305,401.0,5.4,1813.0,7756.0,24,325.2,0.37,0,2,1,3,1,1,13.0,0.531,-0.507,-1.959,0.582,0.57,1.12,2.394,1.537,-0.042,0.815,-0.148,1.236,0.881,1.388,2.021,0
46.0,966.0,10974.0,17.6,45.0,1,0.119,0,713.0,1,1,0.0,0.0,11.7,1883.0,4378.0,24,184.0,0.1905,1,0,0,5,1,0,44.0,-2.794,-1.127,-0.133,0.161,-0.354,-0.261,0.333,-1.754,0.369,0.739,-0.086,0.427,-2.025,-1.057,0.925,0
22.0,1293.0,14961.0,0.7,45.0,7,0.258,2,592.0,2,3,0.286,374.0,6.8,2915.0,12807.0,36,352.6,0.2727,0,0,1,3,1,0,143.0,0.372,1.573,-2.11,-1.5,-0.952,0.384,0.399,0.029,1.26,0.037,-1.591,-0.721,-1.305,0.05,-0.672,0
22.0,2365.0,28479.0,0.5,38.0,5,0.642,2,490.0,1,2,0.704,1075.0,6.8,2905.0,7675.0,36,205.2,0.0868,0,2,0,3,2,1,154.0,-0.667,0.896,-0.502,-1.184,0.394,0.755,0.276,0.148,-0.699,-0.291,0.718,-0.23,0.492,0.481,0.294,0
49.0,530.0,6562.0,15.0,39.0,5,0.235,0,710.0,1,1,0.255,36.0,2.3,236.0,2119.0,36,58.6,0.1106,0,3,0,4,0,1,36.0,1.347,0.414,-0.187,0.779,0.032,-0.088,-2.111,-0.15,-0.923,-1.349,-1.136,-0.656,-1.069,-0.373,0.141,0
27.0,2178.0,26666.0,1.1,49.0,1,0.194,1,692.0,3,4,0.0,0.0,5.4,5412.0,15890.0,48,333.1,0.1529,1,2,3,1,0,1,72.0,-2.035,-1.393,-0.285,0.38,-0.154,-0.578,1.743,-1.252,-0.489,0.367,1.833,-0.996,0.239,0.244,-0.506,0
40.0,479.0,5750.0,5.8,40.0,1,0.183,0,740.0,2,1,0.314,60.0,21.4,116.0,967.0,12,80.3,0.1676,1,2,1,2,4,1,99.0,-0.514,1.222,2.636,0.913,0.817,0.079,0.377,0.386,-1.447,-0.418,0.82,0.628,-1.337,0.796,0.606,0
54.0,4176.0,49805.0,17.4,42.0,1,0.538,4,386.0,2,1,0.627,1166.0,6.0,3953.0,5362.0,36,150.8,0.0361,1,2,0,4,1,1,144.0,-0.743,0.04,-0.834,-1.314,0.676,0.985,0.061,1.038,0.271,0.786,-1.652,-0.114,0.104,1.12,-1.045,0
38.0,1362.0,15977.0,13.1,33.0,0,0.142,1,648.0,0,3,0.207,258.0,11.5,1972.0,12239.0,36,338.3,0.2484,0,0,1,3,2,0,46.0,0.204,-0.037,-0.338,0.055,0.41,-1.25,0.232,0.383,-1.565,0.373,1.207,-0.879,-0.492,0.701,0.698,0
41.0,1925.0,23368.0,10.2,29.0,0,0.198,1,659.0,1,2,0.028,34.0,2.2,1136.0,3731.0,36,104.3,0.0542,0,3,1,4,1,1,47.0,-0.961,-0.568,-0.693,-0.752,1.339,-1.759,-1.754,0.6,-0.179,-0.497,-0.95,-1.093,-0.363,0.211,1.763,0
49.0,1719.0,19929.0,9.1,36.0,4,0.385,0,718.0,5,1,0.083,72.0,5.6,1641.0,9736.0,24,407.7,0.2372,0,0,1,3,1,1,101.0,-0.816,-0.72,-1.566,1.144,-1.44,-0.299,-0.879,0.905,-1.321,0.251,-1.536,-0.785,-0.151,-0.83,0.364,0
61.0,835.0,9541.0,5.7,32.0,0,0.247,0,609.0,1,1,0.141,30.0,0.3,749.0,1325.0,36,36.4,0.0436,0,2,1,4,4,1,111.0,1.176,-0.178,-0.918,1.236,2.129,-0.875,0.953,-2.092,-1.112,0.265,-0.642,0.193,0.529,-0.07,-0.969,0
58.0,1083.0,12626.0,25.6,49.0,6,0.338,1,646.0,4,2,0.267,183.0,9.5,448.0,9211.0,24,382.7,0.3534,0,2,1,1,1,1,87.0,-0.296,2.016,0.4,0.302,1.053,0.317,-0.217,1.235,-0.089,0.506,-0.458,-0.314,0.03,-1.092,0.443,0
31.0,737.0,8765.0,3.6,27.0,2,0.35,3,533.0,5,4,0.443,359.0,4.5,463.0,2407.0,36,66.2,0.0898,0,0,0,4,1,1,131.0,0.804,1.159,-0.054,1.29,-0.639,0.295,-0.255,-0.908,0.143,-0.294,0.351,-0.39,1.39,-1.681,-0.715,1
26.0,1545.0,17520.0,2.0,58.0,0,0.062,0,700.0,2,3,0.33,683.0,18.4,527.0,3591.0,36,98.5,0.0638,1,1,1,3,2,1,34.0,-0.979,-0.331,-0.51,0.754,0.302,-0.766,0.229,1.829,1.893,0.185,0.462,-1.045,1.751,-0.272,0.594,0
33.0,2674.0,32870.0,4.3,27.0,4,0.109,0,714.0,0,1,0.162,218.0,13.6,3982.0,18722.0,12,1567.1,0.5861,0,0,0,3,0,0,152.0,-0.302,-1.765,-1.032,-0.329,-0.031,0.193,-1.269,0.05,0.928,1.788,0.144,-1.938,0.056,-1.267,-0.702,0
29.0,2069.0,24698.0,0.6,31.0,6,0.291,0,757.0,1,2,0.217,413.0,2.7,883.0,19689.0,60,326.3,0.1577,1,0,1,1,0,1,122.0,-0.227,0.883,0.064,0.153,1.922,-1.025,0.745,-0.316,0.648,0.198,-0.772,-0.821,-0.18,0.979,0.292,0
50.0,976.0,11710.0,15.2,39.0,2,0.227,0,772.0,2,0,0.277,0.0,7.0,859.0,4210.0,36,114.7,0.1175,0,0,1,1,2,1,137.0,0.902,-1.194,0.232,-1.352,-3.567,0.672,-0.855,0.433,-1.26,-0.183,-0.779,1.818,-0.798,0.098,1.358,0
47.0,1018.0,12328.0,5.8,45.0,6,0.266,1,611.0,2,1,0.074,41.0,6.7,362.0,4424.0,48,93.6,0.0919,1,0,0,3,2,1,12.0,-0.385,0.459,1.206,0.394,-0.689,0.35,-0.941,1.412,1.621,-0.261,1.379,1.025,-0.131,-1.662,0.553,0
40.0,1191.0,14027.0,4.9,39.0,5,0.235,1,572.0,0,1,0.141,93.0,5.9,912.0,9286.0,48,195.2,0.1639,0,1,0,3,0,1,143.0,-0.644,0.005,-0.722,-1.316,2.196,2.165,1.674,-1.566,0.224,-1.194,0.128,-0.245,0.695,0.248,-0.31,0
56.0,795.0,9582.0,16.3,40.0,4,0.196,0,706.0,1,2,0.334,219.0,3.9,281.0,1912.0,36,53.0,0.0667,1,3,1,3,2,1,285.0,1.081,0.814,0.069,0.638,-1.15,0.609,1.224,-1.043,-1.147,0.523,-0.015,0.318,-0.456,-2.341,0.895,0
46.0,951.0,11692.0,12.6,41.0,7,0.289,2,633.0,1,1,0.122,61.0,15.9,1847.0,8689.0,48,184.4,0.1939,0,2,1,3,2,0,210.0,1.178,0.777,0.476,2.86,0.333,-1.288,-0.388,-1.577,0.0,0.023,0.724,-0.134,-0.957,-1.785,0.499,1
57.0,3542.0,43495.0,11.9,49.0,2,0.413,0,670.0,1,5,0.286,1734.0,3.7,2393.0,30171.0,36,830.2,0.2344,0,2,0,1,2,0,16.0,-0.342,-0.271,0.229,0.259,-0.317,-0.564,0.049,1.462,0.476,0.132,0.161,1.674,0.831,0.98,-0.97,0
45.0,1112.0,13250.0,13.9,37.0,3,0.36,1,632.0,3,2,0.164,154.0,10.7,822.0,1967.0,36,54.4,0.0489,0,1,1,3,0,1,35.0,-0.401,1.503,-0.252,0.725,-1.414,-0.156,-1.638,-1.277,-0.721,-0.962,0.351,-1.654,0.359,1.03,-0.205,0
42.0,1171.0,13991.0,15.6,42.0,4,0.546,1,647.0,1,1,0.547,296.0,3.1,3216.0,4024.0,12,337.4,0.2881,0,2,0,2,1,0,90.0,-0.176,-1.123,0.333,0.821,-0.819,-0.877,0.819,-0.101,0.988,0.794,0.101,0.725,-0.094,1.261,-1.095,0
40.0,1700.0,20104.0,6.2,33.0,7,0.275,0,707.0,2,0,0.273,0.0,2.3,1609.0,14040.0,24,591.9,0.3482,0,0,1,4,3,0,71.0,0.538,0.545,-0.884,0.994,-0.468,-0.353,-0.292,1.337,-0.693,-0.477,-0.538,-1.214,0.174,-0.196,0.872,0
39.0,2565.0,30879.0,1.5,29.0,4,0.216,0,639.0,3,3,0.205,830.0,8.8,2534.0,4811.0,60,81.0,0.0316,0,3,1,3,2,0,18.0,0.395,0.169,-1.906,-1.696,0.576,-0.96,0.155,0.552,-0.637,0.476,0.122,0.833,-1.121,-0.523,0.789,1
46.0,451.0,5353.0,19.2,43.0,4,0.486,0,695.0,2,4,0.362,198.0,7.1,336.0,965.0,36,26.2,0.0581,0,1,1,2,3,0,145.0,-1.629,0.104,0.117,-2.239,0.305,1.018,0.281,1.677,-2.103,-0.101,-0.626,0.437,0.465,1.597,0.08,0
50.0,2340.0,28301.0,8.8,46.0,3,0.63,2,613.0,2,3,0.4,786.0,23.6,422.0,3602.0,12,296.4,0.1267,0,1,1,3,0,0,127.0,-1.037,1.342,-0.186,0.431,-1.481,-0.654,0.986,-0.672,1.121,-0.707,-0.014,0.306,-1.396,0.493,-0.854,1
49.0,2534.0,30586.0,6.4,46.0,1,0.492,0,632.0,2,5,0.497,2482.0,1.5,2431.0,23818.0,24,998.5,0.394,1,3,1,3,2,0,1.0,1.661,-0.105,0.619,0.171,-1.341,-0.534,0.049,-0.171,-1.5,-1.011,-1.068,0.014,1.174,0.444,1.515,0
27.0,792.0,9087.0,4.7,45.0,1,0.878,0,652.0,0,1,0.856,168.0,15.1,426.0,3894.0,24,161.4,0.2038,1,0,1,5,0,0,45.0,0.757,0.874,0.364,-0.314,-1.525,-0.234,0.84,0.985,1.494,-0.953,-0.472,-0.451,-0.119,-0.698,-1.7,0
51.0,1051.0,12865.0,12.2,38.0,1,0.094,2,619.0,5,2,0.299,285.0,5.2,786.0,6987.0,48,143.6,0.1366,1,0,0,1,0,0,106.0,-0.135,0.611,0.158,1.13,1.893,-0.52,0.022,0.989,-0.038,0.615,0.536,1.072,0.553,-0.075,-0.295,0
49.0,906.0,10766.0,10.6,51.0,7,0.23,0,837.0,0,3,0.0,0.0,6.2,850.0,983.0,60,16.3,0.018,1,2,1,4,3,1,29.0,1.738,-0.389,-0.405,1.397,0.355,-0.571,-1.126,0.049,-1.829,-0.07,0.349,0.94,-0.089,-0.229,1.415,0
40.0,1225.0,14748.0,8.6,30.0,6,0.317,0,713.0,0,0,0.341,0.0,6.8,833.0,4223.0,36,117.6,0.096,1,0,1,5,0,1,64.0,1.298,0.106,-0.204,0.327,-2.285,-1.454,0.593,0.633,2.071,-0.513,-0.648,0.047,0.321,-1.065,0.477,0
58.0,1688.0,20655.0,15.2,53.0,2,0.234,1,547.0,0,2,0.172,248.0,3.3,701.0,3199.0,24,135.7,0.0804,0,1,0,4,0,0,103.0,1.014,1.217,-0.971,-0.282,-1.102,-0.504,0.921,0.18,0.107,-0.498,-1.564,0.346,-0.319,-1.062,-1.699,0
49.0,933.0,11080.0,7.2,38.0,4,0.294,0,686.0,1,2,0.236,197.0,4.2,1335.0,1511.0,12,125.6,0.1346,0,1,0,3,0,1,148.0,-0.412,-0.085,-0.171,-1.503,1.573,-1.259,-0.416,-0.545,1.409,0.198,-2.079,1.347,-0.952,-0.091,-1.483,0
61.0,5188.0,60133.0,7.1,45.0,1,0.211,1,658.0,0,2,0.219,815.0,7.6,3184.0,18565.0,24,763.6,0.1472,1,3,0,2,2,0,149.0,0.005,-1.196,-1.521,1.373,-0.318,0.14,-0.482,1.559,0.126,0.05,-1.504,1.427,0.533,-1.522,1.192,0
29.0,1724.0,21330.0,3.0,30.0,1,0.414,3,555.0,2,2,0.343,551.0,7.0,3108.0,15556.0,60,258.3,0.1498,1,0,0,2,0,1,209.0,0.533,-0.024,-0.483,1.061,1.411,-0.395,0.307,0.86,-0.322,-0.186,0.005,-1.227,-0.181,-0.714,-0.186,0
47.0,926.0,11099.0,12.2,42.0,5,0.666,2,565.0,3,1,0.626,272.0,2.7,735.0,6883.0,24,295.6,0.3192,0,0,1,5,1,1,62.0,0.578,0.523,0.939,0.46,0.223,0.549,0.692,-2.265,-1.122,-0.49,-0.362,0.528,-0.933,-0.81,0.694,0
42.0,4909.0,56302.0,2.7,46.0,0,0.375,0,716.0,0,3,0.204,878.0,13.7,7636.0,25773.0,24,1096.7,0.2234,0,2,1,2,1,1,26.0,1.003,-0.911,-0.922,0.915,-1.383,1.392,-0.259,-1.393,0.457,-0.826,0.56,0.31,-1.005,-0.724,0.407,0
47.0,2553.0,30891.0,5.8,43.0,3,0.893,1,562.0,1,2,0.888,1242.0,10.6,1583.0,20161.0,36,563.9,0.2209,1,3,1,3,0,1,9.0,0.628,-0.65,0.387,-1.65,-1.189,-0.392,1.397,0.428,-2.176,1.01,3.04,-1.208,0.048,0.66,-1.059,0
43.0,3191.0,38089.0,10.3,37.0,3,0.092,0,735.0,1,4,0.067,436.0,2.2,1281.0,21737.0,60,361.0,0.1131,1,0,3,3,1,1,154.0,0.717,0.876,-0.849,-0.898,0.716,0.609,-0.35,-1.375,-1.128,0.569,-1.22,1.283,-0.067,0.896,-2.297,0
41.0,2385.0,29572.0,11.3,42.0,7,0.076,0,701.0,1,3,0.124,339.0,8.6,3541.0,11427.0,24,473.9,0.1987,1,3,2,2,0,0,80.0,-1.424,0.15,-0.595,-0.684,-1.005,1.062,1.691,1.989,-1.044,0.509,-0.496,0.39,1.629,1.593,0.559,0
56.0,1547.0,18441.0,13.9,31.0,3,0.378,0,701.0,0,1,0.131,55.0,2.9,2256.0,14143.0,48,294.1,0.1901,0,3,0,1,0,1,19.0,-0.639,0.139,0.156,1.28,-1.607,-0.356,-1.192,0.291,1.011,-0.134,0.875,-0.664,-1.276,0.877,-0.336,0
55.0,2215.0,26437.0,14.8,49.0,5,0.465,2,566.0,3,2,0.806,1394.0,8.6,1938.0,12274.0,48,254.9,0.1151,0,0,0,2,2,1,68.0,-1.99,-0.229,-0.566,1.145,-0.805,-0.016,0.946,-0.405,-1.315,1.459,0.188,0.601,-0.109,0.42,1.11,0
50.0,909.0,10978.0,19.1,42.0,3,0.53,0,715.0,3,3,0.362,252.0,13.3,140.0,6736.0,48,137.3,0.151,1,3,0,3,4,1,74.0,0.178,-0.114,0.875,-0.569,-0.728,-1.475,-0.183,2.327,-0.427,-1.035,0.217,-0.225,1.499,1.372,0.979,0
23.0,939.0,11490.0,1.6,31.0,2,0.856,2,527.0,0,3,0.734,898.0,7.2,382.0,7928.0,48,153.9,0.1639,0,2,1,4,0,0,99.0,0.203,0.481,-0.909,1.728,0.537,0.303,0.39,0.225,-2.16,-0.405,-0.206,-0.76,-0.527,0.052,0.836,0
38.0,1959.0,23653.0,12.0,38.0,3,0.151,2,661.0,4,0,0.129,0.0,13.8,1284.0,12554.0,60,208.1,0.1062,0,1,0,3,2,1,169.0,-0.454,-0.939,1.649,-0.141,-1.467,-1.281,0.905,-1.513,0.892,-0.768,0.592,-0.036,0.239,-0.155,-1.291,0
30.0,1480.0,17041.0,8.8,27.0,0,0.603,0,643.0,0,2,0.65,510.0,12.0,728.0,9203.0,60,156.8,0.1059,1,0,0,3,0,0,72.0,-0.327,2.048,0.06,1.442,-0.18,-0.407,0.496,-0.554,0.313,-0.215,-1.496,0.172,-0.182,-0.261,0.209,0
31.0,2077.0,25392.0,9.5,42.0,4,0.303,1,679.0,1,3,0.206,456.0,15.7,3387.0,15408.0,36,431.4,0.2077,1,0,2,2,0,1,107.0,-1.224,0.047,-0.031,0.329,0.761,0.664,-1.821,-0.885,-1.691,0.747,1.211,-1.887,-0.611,-0.511,0.941,0
43.0,984.0,11698.0,8.4,52.0,1,0.562,0,685.0,3,0,0.626,0.0,6.1,515.0,4462.0,12,367.5,0.3735,1,0,1,2,1,0,69.0,0.138,-1.501,-0.364,-2.102,-0.144,0.667,0.596,0.242,-1.231,-0.089,1.181,0.542,-0.2,-0.524,1.263,1
38.0,1070.0,13001.0,4.6,28.0,0,0.629,3,477.0,1,1,0.68,217.0,5.0,1390.0,2664.0,12,221.7,0.2072,0,2,2,4,2,0,49.0,-0.758,-0.13,0.863,0.432,3.115,0.283,-1.909,0.871,-1.141,0.691,-0.061,0.13,1.889,-1.765,-1.018,0
33.0,515.0,6032.0,5.5,43.0,6,0.718,3,474.0,2,1,0.727,168.0,8.9,566.0,3692.0,12,304.2,0.5907,0,2,0,2,1,1,52.0,0.689,-0.873,0.255,0.668,1.609,-0.835,0.497,0.461,-0.513,0.607,-1.58,-0.799,-0.561,0.271,0.429,1
51.0,1041.0,12627.0,8.6,30.0,5,0.622,0,695.0,2,0,0.476,0.0,3.0,684.0,5495.0,24,228.5,0.2195,1,0,1,5,2,1,57.0,-1.466,-0.767,0.273,-0.467,-0.845,0.3,0.398,-0.158,0.805,-1.183,-1.011,-0.963,0.338,-1.555,0.734,0
70.0,1293.0,14879.0,24.6,45.0,4,0.462,0,668.0,2,5,0.454,1022.0,2.7,1321.0,5355.0,12,439.1,0.3396,1,0,1,1,1,1,178.0,0.681,0.245,0.679,-1.759,-0.7,1.307,0.081,-0.192,1.465,0.191,-0.592,0.433,-0.687,-0.183,2.077,0
38.0,1511.0,17959.0,5.5,42.0,7,0.202,0,625.0,2,1,0.122,84.0,6.5,713.0,12289.0,36,333.7,0.2208,0,0,1,5,0,0,115.0,0.424,0.137,-0.855,-1.378,-0.871,-0.383,-1.076,0.11,-0.143,-1.601,0.667,-0.591,0.173,-0.096,1.964,0
63.0,4494.0,54146.0,28.1,37.0,2,0.113,0,707.0,2,3,0.151,640.0,8.7,5364.0,8747.0,24,365.9,0.0814,0,2,1,1,2,1,86.0,0.977,0.022,0.49,0.602,-0.033,-0.952,1.721,1.083,0.192,1.928,0.627,0.855,-1.561,-0.915,-2.758,0
35.0,887.0,10463.0,5.2,32.0,0,0.3,1,595.0,4,5,0.2,244.0,10.6,1863.0,2533.0,48,50.9,0.0574,0,2,1,3,3,1,52.0,-1.237,2.063,-1.125,1.308,1.0,-1.867,0.166,1.119,0.124,-0.348,-0.3,-1.706,-0.409,-0.038,-0.415,0
29.0,716.0,8550.0,1.9,38.0,6,0.828,2,464.0,2,0,0.826,0.0,12.2,1193.0,5761.0,24,241.1,0.3367,0,2,2,4,2,1,53.0,-0.171,1.184,-0.105,-1.655,-0.065,-0.828,-0.771,-1.368,-0.924,-0.081,0.474,-0.781,0.24,-0.99,-0.319,1
25.0,1649.0,20907.0,4.4,37.0,4,0.71,0,667.0,1,3,0.939,2288.0,7.0,194.0,4299.0,24,178.2,0.1081,1,1,2,2,0,1,160.0,-1.166,-0.97,0.745,0.85,1.077,-0.201,0.278,-0.214,-1.047,-1.603,-0.946,1.578,-0.633,-0.171,1.198,0
50.0,1956.0,24147.0,9.0,46.0,1,0.216,0,719.0,1,1,0.127,122.0,9.4,856.0,15620.0,36,432.4,0.2211,0,3,0,3,2,1,161.0,1.096,-0.289,2.459,-0.745,-0.137,0.9,2.069,0.347,0.687,-0.049,1.251,0.352,-0.579,-0.462,-0.337,0
67.0,1716.0,20028.0,4.1,36.0,7,0.193,0,592.0,1,2,0.0,0.0,3.7,1391.0,15552.0,12,1267.1,0.7384,0,2,1,1,0,0,69.0,-1.149,-0.826,-0.202,-1.144,0.053,0.605,0.848,2.163,-0.144,-0.099,1.142,0.587,1.412,0.249,0.442,1
55.0,991.0,12461.0,11.7,35.0,1,0.292,0,637.0,1,1,0.309,125.0,4.3,606.0,3277.0,48,71.0,0.0716,0,3,1,4,1,0,58.0,1.314,-0.313,0.538,-0.899,0.075,-1.017,1.006,1.315,-1.682,1.218,-1.031,0.028,-0.365,-0.151,0.491,0
50.0,2098.0,24090.0,6.6,43.0,7,0.609,3,587.0,1,3,0.39,1096.0,9.1,2728.0,15219.0,36,438.0,0.2088,0,1,1,3,4,0,34.0,-0.226,-0.029,0.364,-0.424,-0.986,1.018,-0.531,-0.907,-0.073,0.786,0.929,0.797,-0.616,2.198,-0.915,1
49.0,432.0,5469.0,1.5,41.0,1,0.683,0,697.0,0,6,0.629,867.0,5.1,50.0,514.0,36,14.5,0.0336,0,0,1,4,0,0,199.0,1.422,0.505,-0.778,0.651,-0.662,-0.504,-0.095,0.804,-0.329,-0.523,-0.488,1.696,-1.246,-0.994,-0.581,0
69.0,916.0,10752.0,18.0,44.0,5,0.211,0,741.0,1,4,0.332,673.0,6.2,1229.0,6662.0,36,188.6,0.2059,1,0,1,4,0,1,251.0,-0.36,-1.618,0.745,0.452,-0.469,-1.247,-0.77,0.227,0.277,0.379,1.39,0.684,-0.492,0.116,-1.592,0
58.0,1325.0,16184.0,11.3,47.0,5,0.55,1,561.0,1,4,0.547,1020.0,5.0,509.0,8466.0,36,241.3,0.1821,1,0,1,2,3,0,139.0,-0.35,-0.748,0.385,-0.355,-0.602,0.774,0.684,-1.333,-0.56,-1.248,-1.572,0.275,1.378,0.794,0.562,0
45.0,819.0,10031.0,5.8,44.0,7,0.363,0,697.0,0,5,0.182,303.0,4.3,689.0,1471.0,48,31.4,0.0383,0,0,1,2,2,1,138.0,-0.909,-0.533,0.141,-0.742,0.581,0.562,-0.277,0.194,-0.286,-1.481,-0.791,-0.514,-0.088,0.567,0.948,0
50.0,909.0,10115.0,14.5,43.0,5,0.149,1,608.0,1,2,0.026,19.0,8.9,551.0,5399.0,48,111.9,0.1231,1,0,1,4,2,0,67.0,0.537,0.746,0.075,0.515,-0.458,-0.624,-0.58,-2.176,0.127,-0.089,-0.071,-0.829,-0.901,0.828,0.326,0
20.0,1409.0,16544.0,0.0,33.0,3,0.588,0,682.0,2,3,0.592,1066.0,8.1,1279.0,2899.0,60,46.6,0.0331,0,3,1,3,0,1,90.0,-0.28,0.123,-0.966,0.776,0.07,0.052,-0.898,-0.446,0.033,-1.232,-0.905,-0.057,0.169,0.495,-0.892,0
42.0,2509.0,28770.0,8.2,40.0,1,0.256,4,504.0,3,2,0.156,396.0,3.7,1373.0,16289.0,36,443.4,0.1767,0,1,1,4,1,0,85.0,-0.055,-0.212,-1.312,0.146,-0.921,0.413,-0.09,0.157,1.483,1.19,-1.02,-1.066,-0.09,0.129,-0.586,1
28.0,805.0,9266.0,2.6,41.0,6,0.433,1,621.0,0,1,0.387,122.0,2.2,2032.0,3943.0,36,112.9,0.1402,1,3,1,3,3,1,30.0,0.153,-0.779,-0.986,1.687,-0.46,0.381,-0.049,-1.067,0.768,-1.312,-0.245,-2.143,0.897,-0.355,-0.754,1
30.0,4066.0,47869.0,8.3,45.0,4,0.523,0,642.0,3,1,0.549,1081.0,8.0,10077.0,39829.0,36,1082.8,0.2663,1,1,1,2,1,1,72.0,0.485,-1.622,-1.4,0.228,0.746,1.749,0.764,0.379,0.625,-0.093,-0.483,0.776,0.577,0.972,0.881,0
45.0,1073.0,12528.0,15.3,38.0,0,0.391,0,734.0,1,3,0.313,331.0,5.5,622.0,7060.0,24,281.8,0.2626,0,3,1,2,2,1,95.0,-1.544,0.436,-0.112,-0.042,-2.963,0.394,1.102,-1.776,0.11,-0.305,-1.855,0.918,-1.119,-0.274,-0.195,0
43.0,1524.0,17630.0,11.2,58.0,6,0.552,0,574.0,2,0,0.589,0.0,7.7,578.0,9936.0,24,418.4,0.2745,0,0,2,5,2,0,152.0,-0.167,1.249,0.125,-0.315,0.119,1.332,-0.584,-0.689,-1.078,1.203,-0.749,-0.094,0.875,0.13,1.172,0
49.0,1091.0,13199.0,13.5,29.0,7,0.111,0,760.0,1,1,0.043,22.0,5.1,1079.0,5500.0,48,111.6,0.1023,1,2,1,4,0,0,23.0,-1.145,-0.065,0.297,-0.446,-0.687,-0.859,-0.426,-0.044,-0.353,1.635,-0.581,-1.328,0.046,0.078,0.713,0
41.0,2478.0,28983.0,7.5,36.0,2,0.456,2,539.0,3,0,0.419,0.0,11.2,2068.0,16612.0,24,681.0,0.2748,0,2,1,3,1,1,103.0,1.385,0.486,0.659,0.819,-0.856,-1.163,-0.656,0.781,-0.26,-1.434,0.255,-1.086,-0.634,0.756,0.322,0
45.0,1382.0,16612.0,12.5,39.0,3,0.272,1,627.0,4,3,0.483,839.0,8.8,2208.0,7679.0,12,658.9,0.4768,0,2,1,2,2,0,53.0,-0.634,0.109,-0.049,-0.26,-1.302,0.615,0.08,0.998,-0.024,0.439,0.092,-1.5,2.174,0.257,-1.205,1
50.0,1594.0,19043.0,18.2,33.0,0,0.44,1,636.0,2,2,0.38,309.0,4.6,913.0,2997.0,24,129.2,0.0811,0,3,1,4,0,0,160.0,2.365,-1.576,-0.612,0.353,1.498,-0.951,-1.077,0.504,-1.086,0.735,0.115,1.049,-0.823,-0.196,1.262,1
75.0,2971.0,36554.0,25.0,44.0,0,0.48,0,689.0,3,4,0.402,1625.0,3.3,2151.0,6034.0,36,170.3,0.0573,0,1,1,1,1,1,31.0,-1.16,1.436,-0.184,-0.43,0.682,-0.569,0.497,2.488,-1.051,-0.245,0.33,-3.256,-2.258,1.283,-0.295,0
20.0,925.0,11086.0,0.0,33.0,0,0.389,1,556.0,1,2,0.496,488.0,5.0,1357.0,8310.0,12,708.7,0.7662,1,1,2,3,0,1,113.0,-0.421,-0.484,1.32,-0.797,-1.454,0.21,0.954,1.077,1.818,0.046,-0.961,0.421,-0.404,-0.372,-0.823,1
31.0,574.0,7057.0,7.8,48.0,3,0.316,0,717.0,2,1,0.0,0.0,32.1,875.0,2567.0,60,42.4,0.0739,0,0,0,3,1,1,51.0,1.097,-0.51,-1.109,-0.775,0.178,0.324,0.986,-0.7,0.381,-0.53,-0.33,-0.982,-0.697,-1.674,-0.57,0
38.0,873.0,10533.0,3.7,34.0,7,0.389,1,663.0,1,0,0.485,0.0,10.4,265.0,5273.0,36,155.0,0.1775,0,0,0,3,1,0,74.0,-1.284,0.518,0.114,0.193,-1.674,-0.102,0.484,1.296,0.522,1.722,0.95,-1.435,0.061,0.551,0.031,0
34.0,1325.0,15138.0,1.6,44.0,5,0.175,0,675.0,2,3,0.053,93.0,12.3,943.0,5592.0,24,236.1,0.1782,0,1,3,3,1,1,125.0,0.383,-0.9,1.21,-0.451,-0.103,-0.491,-2.095,-1.343,0.086,0.428,-1.015,-1.347,0.877,-0.392,0.15,0
51.0,1347.0,16258.0,11.0,28.0,2,0.307,2,602.0,3,1,0.354,251.0,12.4,2280.0,9935.0,48,203.9,0.1514,0,1,0,1,1,1,95.0,0.222,-0.522,1.354,-0.717,-1.19,0.409,0.219,-1.486,-0.106,0.178,0.138,0.318,-0.914,1.167,1.082,0
44.0,1545.0,18186.0,6.6,37.0,4,0.494,2,599.0,1,1,0.449,203.0,3.9,639.0,7940.0,36,217.8,0.141,0,1,3,1,0,1,86.0,0.359,-0.538,0.007,-0.97,0.495,1.595,-0.407,-0.866,0.468,0.155,0.989,-1.466,-0.811,-1.005,-1.26,0
23.0,722.0,8415.0,1.5,33.0,2,0.277,0,675.0,3,1,0.15,26.0,7.6,1598.0,2646.0,24,105.1,0.1456,0,0,1,4,0,0,139.0,0.099,0.823,-0.136,-0.436,0.32,0.517,0.004,1.15,0.622,1.06,-0.167,-0.167,0.124,0.912,-1.969,0
27.0,919.0,11023.0,5.4,28.0,0,0.455,0,688.0,2,4,0.396,669.0,3.7,761.0,8415.0,36,228.7,0.2489,0,0,1,2,1,0,251.0,-0.177,-0.014,-0.814,1.621,1.424,0.445,-1.197,1.04,-1.544,-0.26,-0.574,-0.5,-0.669,1.822,0.346,0
34.0,994.0,12292.0,4.9,38.0,6,0.163,0,712.0,2,5,0.073,187.0,1.6,268.0,4029.0,36,110.1,0.1108,1,1,1,3,1,0,99.0,-0.589,-1.291,1.108,-0.001,1.068,0.045,-0.913,0.965,-0.543,-0.75,0.331,0.637,0.595,2.92,0.336,0
51.0,1031.0,12477.0,20.8,43.0,0,0.252,2,626.0,4,3,0.0,0.0,15.8,1323.0,4145.0,48,85.9,0.0833,1,3,1,2,0,0,37.0,-1.423,0.414,1.024,-3.03,0.741,-0.428,-0.591,0.816,-1.085,-0.585,1.451,-1.637,-0.66,0.501,1.466,0
30.0,1389.0,16636.0,3.7,35.0,0,0.093,1,614.0,2,0,0.012,0.0,6.7,1845.0,10881.0,24,461.4,0.3322,0,1,3,2,0,0,94.0,-1.768,0.819,1.325,1.533,-1.807,-1.129,-0.886,0.599,-0.546,-0.101,0.868,1.606,1.383,-0.66,1.18,0
48.0,2300.0,28231.0,18.5,47.0,3,0.115,0,658.0,1,0,0.239,0.0,4.0,2959.0,16106.0,48,352.7,0.1533,0,2,1,5,1,1,35.0,0.285,0.58,0.373,0.125,0.21,-0.192,0.853,-0.913,-0.087,1.168,1.899,-0.512,0.653,0.578,0.592,0
45.0,2040.0,24344.0,5.0,39.0,1,0.177,1,626.0,1,0,0.113,0.0,11.9,440.0,15391.0,24,622.7,0.3052,1,0,1,4,1,0,124.0,0.267,-0.211,-0.065,-0.716,-1.017,-1.951,1.336,-0.976,0.112,-0.113,1.337,0.372,-0.847,0.458,-0.507,0
20.0,4771.0,58664.0,0.0,34.0,7,0.159,1,679.0,3,3,0.267,1378.0,6.2,6087.0,34592.0,48,684.2,0.1434,0,0,1,5,1,1,35.0,2.003,1.369,0.518,-0.999,-1.507,1.259,-1.123,-0.269,-0.209,-1.507,1.204,1.853,-1.919,1.267,0.691,0
51.0,1995.0,24150.0,6.1,46.0,2,0.216,0,644.0,0,3,0.268,660.0,4.6,1841.0,18064.0,48,378.6,0.1898,0,0,1,2,1,0,37.0,-0.124,0.028,0.026,-0.515,0.703,-0.369,-0.306,-0.285,-0.703,1.587,1.704,0.512,1.182,-0.55,0.503,1
40.0,5895.0,72754.0,9.5,57.0,5,0.282,1,629.0,1,0,0.223,0.0,4.3,4470.0,24149.0,36,666.9,0.1131,1,1,2,2,1,0,28.0,-0.588,2.013,-1.091,-1.61,0.759,0.55,-0.008,-1.507,-0.597,-1.504,-2.387,-0.485,0.839,-0.71,-0.401,0
49.0,704.0,8652.0,5.0,40.0,3,0.572,4,435.0,2,2,0.726,452.0,10.3,1020.0,5707.0,24,235.0,0.3338,0,0,1,2,0,1,26.0,-0.32,1.398,0.734,-2.094,0.274,0.446,0.124,-1.329,0.281,-0.447,-0.704,-0.447,-0.983,2.206,0.969,0
43.0,925.0,10854.0,10.2,45.0,6,0.281,0,684.0,1,4,0.37,334.0,0.9,2071.0,5898.0,24,239.2,0.2586,0,1,2,5,0,1,57.0,-0.566,-2.307,0.364,-0.52,-0.182,0.089,-1.13,0.351,-0.159,1.009,-1.552,-1.541,-0.891,0.952,0.323,0
75.0,1070.0,13160.0,40.0,31.0,5,0.476,2,608.0,3,3,0.305,251.0,7.4,280.0,1200.0,24,48.8,0.0456,0,1,2,2,0,1,37.0,1.073,0.838,-0.195,1.152,0.012,0.453,-0.488,-0.06,0.113,-0.529,-0.28,-0.988,0.872,-0.291,0.437,0
62.0,1458.0,17418.0,10.7,46.0,1,0.394,1,655.0,1,2,0.215,187.0,2.1,890.0,6562.0,48,131.3,0.0901,1,0,1,5,2,0,10.0,-1.425,0.524,0.698,-0.283,-0.474,-0.904,-0.781,-0.793,-0.146,-0.322,0.173,0.699,0.171,-0.484,-0.123,0
52.0,2484.0,30429.0,7.1,37.0,2,0.623,1,606.0,3,6,0.456,3331.0,7.9,4648.0,17077.0,24,700.8,0.2821,1,1,0,3,0,0,102.0,1.823,0.94,-0.963,-0.26,1.13,0.878,-0.854,-1.169,-0.526,-0.571,-0.084,0.846,1.357,-0.059,0.07,1
51.0,928.0,10255.0,4.5,36.0,6,0.599,2,592.0,0,0,0.798,0.0,5.9,1025.0,8527.0,36,241.9,0.2607,0,0,1,3,0,0,13.0,-0.059,-0.751,-0.795,0.327,-0.279,-0.085,-1.572,-0.741,0.741,-0.028,-0.746,-1.786,-0.197,-1.622,-0.693,0
21.0,441.0,5508.0,0.6,37.0,2,0.398,1,611.0,4,4,0.201,172.0,4.4,1503.0,756.0,24,31.6,0.0717,0,0,1,1,2,0,156.0,0.458,-0.626,-0.96,1.159,0.933,0.4,0.412,-0.757,-1.654,0.671,-1.518,-0.611,0.035,0.073,-0.611,0
29.0,2648.0,32302.0,3.4,33.0,5,0.301,0,636.0,2,0,0.45,0.0,10.5,1100.0,26272.0,48,574.7,0.217,0,1,1,3,1,1,29.0,-0.679,1.201,-0.737,0.333,-0.605,0.539,0.078,0.298,0.697,0.13,-0.183,1.156,-1.879,0.302,0.29,0
36.0,695.0,8333.0,6.8,49.0,3,0.265,0,745.0,0,2,0.053,23.0,4.8,374.0,1592.0,24,66.8,0.0961,0,0,1,2,1,1,28.0,0.3,0.273,-0.174,-1.393,0.718,-0.082,-0.839,-0.971,0.069,0.125,0.943,2.302,-0.453,-0.203,-0.818,0
49.0,822.0,9260.0,19.8,28.0,4,0.071,0,676.0,1,1,0.0,0.0,7.3,711.0,6809.0,48,141.7,0.1724,1,1,1,2,2,0,122.0,-2.004,0.051,0.896,-0.286,1.411,0.774,1.461,-1.218,-0.037,0.693,0.72,-1.464,-1.003,-0.403,1.458,0
23.0,1904.0,21785.0,1.7,33.0,5,0.088,0,696.0,3,0,0.0,0.0,4.1,1136.0,5180.0,36,146.0,0.0767,0,0,2,1,1,0,213.0,-0.282,-0.776,-0.555,0.054,-0.688,-0.599,-0.296,0.058,1.422,0.15,0.289,0.738,0.719,-0.581,-1.373,0
64.0,1731.0,20950.0,22.8,53.0,7,0.407,1,592.0,3,0,0.438,0.0,10.7,335.0,14219.0,12,1165.6,0.6734,0,2,1,2,0,1,62.0,-1.337,0.846,-0.498,0.956,-0.709,0.448,0.677,-1.162,-1.437,0.429,0.747,0.906,-1.094,1.404,0.041,1
39.0,1795.0,21583.0,11.7,46.0,6,0.533,1,587.0,4,2,0.476,427.0,3.2,468.0,15304.0,24,645.0,0.3593,1,0,0,3,1,1,137.0,-1.062,-0.672,-0.358,-0.002,-1.828,1.591,0.477,-0.122,1.569,0.024,0.599,0.743,0.082,0.236,0.05,0
46.0,1866.0,21690.0,12.9,32.0,4,0.08,0,707.0,0,5,0.031,109.0,19.3,5347.0,10359.0,36,286.5,0.1535,1,0,1,2,2,1,173.0,0.282,0.386,-2.536,0.292,-0.524,-0.315,-0.946,-1.21,0.752,0.689,1.855,-0.413,-0.842,1.196,0.505,0
45.0,1137.0,13708.0,1.9,34.0,3,0.59,3,590.0,1,3,0.677,783.0,5.7,647.0,9578.0,36,255.6,0.2248,0,0,0,1,1,0,92.0,-0.166,0.592,-0.505,-0.452,-0.199,1.471,-0.209,0.409,0.934,1.684,-0.058,0.061,0.501,0.646,-0.314,0
40.0,2155.0,25785.0,8.8,29.0,2,0.547,0,712.0,1,6,0.581,2167.0,2.2,6083.0,19074.0,48,397.9,0.1846,1,1,1,3,1,1,48.0,-0.004,0.486,0.191,-2.284,1.721,-1.023,-1.41,0.022,-0.133,0.053,-2.266,-1.845,-0.056,1.685,1.781,0
36.0,825.0,10213.0,11.3,34.0,4,0.671,0,656.0,0,1,0.567,206.0,19.8,2317.0,7722.0,36,211.4,0.2562,0,0,1,5,1,1,40.0,0.997,-0.999,1.193,-0.164,-1.087,1.344,0.379,2.297,0.002,0.718,-0.887,0.509,0.659,0.389,-1.146,0
39.0,1518.0,18165.0,6.3,37.0,0,0.708,0,670.0,3,2,0.711,975.0,16.5,2322.0,11616.0,48,235.7,0.1553,0,3,0,3,1,1,35.0,-2.139,-0.976,2.088,-1.255,-0.547,-1.978,-1.632,-1.521,-1.663,-0.259,1.757,-0.293,1.108,0.762,-0.711,0
45.0,353.0,4303.0,8.4,45.0,4,0.452,2,533.0,4,1,0.426,65.0,6.9,752.0,1603.0,12,131.0,0.3711,0,0,1,4,2,1,104.0,-0.599,-0.042,0.979,-1.921,1.55,0.458,-1.5,-1.892,0.159,-0.756,-0.916,0.369,1.839,-1.486,0.087,1
43.0,1931.0,23511.0,3.4,40.0,1,0.338,0,717.0,0,3,0.204,339.0,5.8,4486.0,16155.0,24,689.1,0.3569,0,0,1,5,2,0,29.0,-1.01,-0.002,-0.002,-0.044,-0.91,1.32,0.111,-1.043,-0.525,1.335,1.322,-0.076,0.789,1.243,0.42,0
34.0,2179.0,25244.0,2.4,45.0,2,0.273,0,668.0,3,3,0.253,687.0,2.1,794.0,3981.0,24,164.9,0.0757,0,3,1,4,0,1,41.0,-0.131,0.93,-0.353,1.138,0.432,-1.259,-1.517,-0.715,-0.58,1.305,1.584,-1.409,4.108,-0.66,-0.078,0
36.0,380.0,4389.0,7.1,28.0,5,0.073,0,703.0,2,3,0.002,1.0,11.2,339.0,1452.0,36,39.3,0.1034,0,3,0,3,3,0,167.0,0.083,0.327,-0.334,-0.535,0.93,-0.353,-1.697,-1.286,0.17,-1.32,1.791,0.096,-1.655,-0.777,1.357,0
47.0,2032.0,24581.0,10.4,25.0,4,0.262,0,728.0,0,0,0.218,0.0,2.7,841.0,15679.0,24,665.9,0.3277,0,3,0,3,1,0,89.0,2.079,0.084,0.208,-1.862,-0.083,2.497,0.612,0.133,-0.626,-0.692,0.531,1.057,-0.07,-0.613,0.156,0
44.0,1772.0,20863.0,8.5,35.0,3,0.709,1,563.0,3,1,0.628,357.0,9.0,1401.0,3603.0,12,302.7,0.1708,0,3,2,5,0,1,56.0,-0.368,1.197,1.33,-1.119,0.275,-0.154,2.111,-0.003,0.279,-1.354,2.978,-1.927,0.296,0.349,0.471,1
32.0,1060.0,12926.0,10.7,49.0,3,0.279,0,718.0,3,1,0.448,140.0,4.2,919.0,1998.0,60,33.3,0.0314,0,2,1,2,0,1,8.0,0.75,-0.151,-0.274,0.084,1.348,0.872,1.233,-0.494,-0.624,-2.006,-0.984,-2.067,-0.543,-0.68,1.336,0
37.0,938.0,10812.0,5.0,34.0,5,0.835,3,426.0,3,1,0.889,445.0,2.8,131.0,4599.0,60,75.6,0.0806,1,0,3,3,1,0,123.0,-0.737,-1.666,-0.274,-0.198,0.436,1.687,2.195,1.373,-1.403,0.506,1.046,-1.135,-0.589,0.299,-0.489,1
36.0,1420.0,17445.0,7.2,31.0,3,0.42,1,626.0,2,1,0.344,164.0,4.6,1686.0,11477.0,36,327.6,0.2307,1,0,1,2,2,1,7.0,-0.135,0.76,-0.729,-1.271,-0.027,0.274,-0.73,-1.823,-0.204,2.069,0.012,0.238,-0.494,-0.368,-0.89,0
38.0,990.0,11790.0,11.0,38.0,2,0.624,0,628.0,0,1,0.444,134.0,5.8,1739.0,6671.0,24,275.6,0.2784,0,0,0,2,1,1,46.0,-0.791,1.525,-1.161,-0.452,1.396,1.154,0.294,0.139,0.865,0.872,1.523,0.006,0.103,1.406,0.758,0
53.0,829.0,9512.0,18.8,46.0,6,0.428,1,640.0,3,5,0.473,1058.0,7.1,335.0,7633.0,36,211.7,0.2554,0,0,0,3,0,0,27.0,-0.464,1.089,-1.204,1.883,1.075,0.364,-0.53,0.592,0.324,-1.302,0.068,1.432,-0.905,1.148,-0.12,0
32.0,1909.0,23600.0,0.6,36.0,6,0.397,2,529.0,2,3,0.42,1028.0,9.8,2892.0,12431.0,24,520.5,0.2727,1,0,1,2,2,1,111.0,0.013,-1.882,0.726,-1.182,-0.187,0.846,0.181,0.587,0.619,-0.091,-0.583,-0.445,0.76,0.71,2.212,0
51.0,1202.0,14467.0,5.1,37.0,0,0.02,1,671.0,1,3,0.016,25.0,9.5,381.0,9737.0,12,794.7,0.6611,0,2,0,3,0,1,27.0,-1.072,-1.414,1.088,-0.968,0.574,0.498,-1.519,-0.121,1.734,-1.477,-2.135,1.231,0.514,0.439,-0.023,0
46.0,2613.0,31191.0,13.8,47.0,0,0.04,1,699.0,1,6,0.177,1195.0,13.8,2563.0,21373.0,48,438.5,0.1678,0,1,0,2,1,1,39.0,0.657,-0.52,-2.402,1.036,0.26,2.534,-0.648,1.179,-0.493,0.286,1.884,1.276,-0.647,-1.409,0.744,0
46.0,1555.0,19435.0,2.5,40.0,5,0.548,1,586.0,1,1,0.364,294.0,10.0,2006.0,11830.0,60,193.0,0.1241,1,0,1,5,0,0,13.0,0.255,-0.949,-0.562,-2.169,-0.056,-0.042,-1.248,1.404,0.204,0.086,0.084,-2.132,0.479,-0.304,0.886,0
57.0,2566.0,31345.0,18.9,27.0,0,0.369,0,700.0,1,4,0.204,747.0,13.9,1178.0,15620.0,12,1284.3,0.5005,1,3,0,4,1,1,19.0,0.57,0.191,-2.886,0.909,0.474,-1.834,0.357,0.095,2.29,0.21,-0.934,-2.322,-0.335,-1.13,-0.097,1
62.0,1386.0,17118.0,14.9,33.0,4,0.284,1,657.0,2,1,0.089,69.0,3.2,386.0,12975.0,60,217.8,0.1571,0,3,1,3,0,0,191.0,0.895,0.156,-0.772,0.175,-0.834,0.705,-2.346,0.005,2.233,-0.528,0.617,0.482,0.334,-0.53,-0.247,0
49.0,2482.0,29985.0,8.4,49.0,5,0.082,0,636.0,3,2,0.06,162.0,8.9,1319.0,2894.0,48,59.3,0.0239,1,0,1,2,1,0,63.0,-0.547,0.494,0.882,-0.124,0.011,-1.586,-1.406,-0.039,-1.27,-0.41,0.947,0.53,0.815,-1.727,-0.278,0
54.0,636.0,7696.0,1.6,49.0,6,0.26,1,687.0,3,5,0.336,475.0,13.6,221.0,5870.0,48,119.6,0.1881,1,0,1,5,1,1,113.0,-0.918,-0.191,1.631,0.08,0.334,-0.458,0.074,0.724,1.138,-1.884,0.817,-0.735,2.661,-0.655,0.696,0
34.0,670.0,7669.0,7.6,58.0,5,0.312,1,578.0,2,0,0.149,0.0,1.7,447.0,864.0,12,70.6,0.1054,0,2,0,2,2,1,59.0,2.607,-0.978,1.556,0.504,-0.605,0.971,0.959,0.767,-1.314,-1.176,-1.214,-0.347,-0.156,0.051,0.74,0
62.0,1522.0,18483.0,27.0,31.0,3,0.49,1,626.0,2,2,0.382,528.0,4.0,973.0,1816.0,24,76.9,0.0505,0,2,2,3,1,1,19.0,-0.593,1.135,-0.25,0.205,-0.875,1.734,-0.276,-0.473,-0.82,1.854,-0.51,1.13,-1.831,0.28,-0.238,0
48.0,633.0,7731.0,9.9,47.0,0,0.671,2,506.0,4,3,0.668,657.0,21.4,1506.0,3971.0,12,341.4,0.5393,0,1,2,2,1,0,58.0,-0.105,-1.519,0.52,0.064,-1.392,0.329,-0.314,0.237,-1.073,0.04,-0.299,-0.655,0.166,2.671,0.566,1
44.0,1708.0,20704.0,5.2,40.0,1,0.047,1,622.0,1,1,0.163,142.0,8.5,1505.0,3693.0,48,76.1,0.0446,1,2,3,3,0,1,28.0,-0.472,0.908,-1.996,-0.098,0.538,-3.492,-0.209,0.455,1.063,-1.818,0.06,-1.354,0.238,0.927,-1.216,0
52.0,2051.0,24671.0,10.2,23.0,5,0.216,1,643.0,3,3,0.077,139.0,1.7,1147.0,16473.0,60,271.6,0.1324,1,0,2,5,2,0,31.0,0.335,0.203,-0.8,-0.178,0.289,0.684,1.709,-1.129,-0.904,-0.464,-0.296,1.13,-1.516,0.89,-1.782,0
35.0,2369.0,27603.0,9.1,45.0,0,0.534,2,560.0,0,1,0.599,582.0,7.8,1273.0,20206.0,24,831.2,0.3509,0,0,1,4,0,1,115.0,0.348,-1.052,-0.85,-2.241,-0.518,0.595,0.514,0.55,1.409,-0.988,1.563,0.343,0.444,-2.695,-0.502,1
39.0,602.0,7233.0,3.9,37.0,3,0.277,1,610.0,0,3,0.354,307.0,3.3,1207.0,3615.0,48,76.3,0.1267,1,3,1,2,2,1,67.0,0.03,-0.155,-1.246,0.249,0.87,2.04,-0.054,-0.55,0.645,-0.223,1.388,0.775,1.003,-1.964,-0.883,0
42.0,1156.0,13533.0,11.4,30.0,2,0.341,1,592.0,1,1,0.227,81.0,2.7,1177.0,4706.0,24,195.8,0.1694,0,3,1,4,3,1,28.0,-2.071,0.341,-0.097,0.171,-0.613,1.98,-0.357,1.39,0.362,1.571,0.967,0.196,1.346,0.081,-2.666,0
24.0,614.0,7284.0,1.6,37.0,1,0.22,0,749.0,0,3,0.0,0.0,3.9,799.0,4671.0,48,98.4,0.1603,0,2,2,4,1,0,219.0,0.042,0.337,-0.57,0.306,1.485,-0.228,0.665,-1.183,0.998,0.299,-0.103,-0.423,2.295,0.547,-0.126,0
26.0,1558.0,18521.0,3.4,36.0,2,0.058,1,685.0,1,1,0.242,143.0,9.8,355.0,9612.0,36,266.8,0.1712,1,0,3,1,1,0,41.0,0.015,-0.552,1.033,0.043,0.427,0.95,-0.206,0.204,-1.699,-0.619,-0.154,1.143,1.644,-0.131,-0.738,0
52.0,2071.0,24787.0,27.5,30.0,7,0.444,1,611.0,6,3,0.178,433.0,2.9,2564.0,13580.0,36,377.0,0.182,0,0,3,4,2,1,61.0,0.219,-0.566,-1.489,0.117,-0.778,-0.271,0.069,0.063,0.629,1.386,-1.505,0.445,0.056,-0.928,-1.649,0
28.0,4019.0,46693.0,1.0,51.0,5,0.622,1,577.0,1,3,0.361,2042.0,1.5,1926.0,7880.0,36,217.1,0.054,1,1,1,1,0,1,52.0,-0.436,2.25,0.094,-0.891,-1.203,-0.349,-1.492,0.458,-1.661,0.838,-0.104,0.311,-1.344,0.483,0.207,0
36.0,2056.0,24935.0,3.5,48.0,6,0.519,0,650.0,1,2,0.36,690.0,4.1,1498.0,2975.0,36,82.8,0.0403,0,2,2,2,2,0,67.0,0.512,-0.369,0.221,0.198,-0.265,0.834,0.223,0.502,0.405,-0.191,0.429,-0.573,0.533,1.4,0.643,0
30.0,1803.0,21672.0,4.3,51.0,3,0.263,1,612.0,4,1,0.108,92.0,9.4,1497.0,4747.0,48,100.0,0.0555,0,3,1,1,1,0,56.0,-2.356,-0.544,-0.653,-0.397,-0.565,1.043,-1.373,0.028,-0.991,0.298,-0.965,0.48,0.282,0.46,0.278,0
29.0,5157.0,62253.0,6.0,43.0,0,0.405,0,619.0,1,3,0.386,1932.0,5.6,2454.0,40543.0,60,663.0,0.1286,1,2,1,4,3,0,34.0,-0.427,-1.129,-0.614,0.695,0.252,-1.325,0.745,0.484,-0.949,-1.041,0.715,0.339,-0.217,0.186,0.808,0
52.0,803.0,9636.0,10.6,40.0,4,0.592,2,468.0,1,0,0.461,0.0,2.4,382.0,7793.0,24,336.4,0.4189,1,2,0,5,0,1,114.0,1.042,-0.374,-1.878,0.191,-0.138,0.581,-0.083,0.7,1.935,-0.632,-0.495,-0.066,1.122,-1.741,1.271,0
29.0,1026.0,12301.0,1.4,34.0,5,0.207,2,635.0,2,4,0.077,140.0,1.1,1313.0,9890.0,60,159.3,0.1553,1,0,0,5,1,0,9.0,-1.257,-0.019,0.054,-1.504,-0.235,0.22,-0.056,-0.525,0.035,-0.909,0.021,0.288,1.419,0.349,-0.241,0
44.0,2904.0,35266.0,5.8,47.0,6,0.411,1,622.0,1,3,0.445,2125.0,6.0,1471.0,15181.0,36,412.6,0.1421,0,1,1,4,2,0,53.0,-0.195,-1.642,-0.021,0.565,2.1,-1.627,-2.298,0.722,0.918,-0.277,0.44,1.396,0.096,1.007,-0.662,1
40.0,1348.0,16330.0,14.0,39.0,4,0.391,1,731.0,2,3,0.434,959.0,2.6,2272.0,8888.0,36,251.4,0.1865,1,2,1,4,3,0,45.0,0.989,-0.178,1.216,0.644,0.222,-0.19,1.84,0.295,2.1,0.76,1.323,0.873,-1.515,0.354,-0.848,0
43.0,1115.0,13623.0,9.8,31.0,2,0.789,2,566.0,7,3,0.476,673.0,14.9,1333.0,6017.0,48,126.7,0.1136,1,2,0,2,0,1,120.0,-0.35,-2.492,0.091,0.316,-0.853,0.207,1.316,0.384,-1.123,-1.4,0.2,-1.037,1.171,-0.43,1.129,0
41.0,358.0,4545.0,16.3,42.0,5,0.137,1,602.0,4,3,0.149,40.0,9.2,331.0,1364.0,48,27.9,0.0779,0,1,1,4,0,0,84.0,0.343,-0.523,1.588,0.253,-1.311,-0.084,-0.808,-0.566,0.409,-0.255,0.819,0.194,0.94,-1.672,-1.913,0
35.0,1846.0,22557.0,10.1,40.0,0,0.112,0,629.0,2,5,0.0,0.0,9.7,875.0,7034.0,60,117.5,0.0637,1,3,1,2,2,1,146.0,-2.006,-0.075,1.834,0.179,-0.666,0.291,-1.439,-0.908,0.088,0.414,0.998,-0.496,0.193,-0.711,-0.733,0
40.0,752.0,8881.0,11.2,45.0,0,0.116,0,740.0,0,0,0.0,0.0,0.1,267.0,999.0,36,27.5,0.0366,0,1,0,2,0,1,54.0,-0.482,-1.808,0.152,0.896,-0.037,-1.854,-0.917,0.966,1.99,1.468,0.93,-1.671,0.943,-0.333,-0.875,0
20.0,2064.0,23860.0,0.0,49.0,3,0.264,1,647.0,3,5,0.238,879.0,3.1,1535.0,20207.0,60,338.9,0.1642,0,2,1,3,0,1,16.0,1.523,-1.978,-0.445,-0.646,2.358,-0.522,0.056,-1.288,0.069,-1.862,-0.294,0.325,0.654,0.805,-0.48,0
33.0,448.0,5674.0,4.2,28.0,5,0.534,1,691.0,1,1,0.374,90.0,7.7,378.0,1367.0,36,38.3,0.0855,0,1,1,2,1,0,41.0,1.186,-1.019,-0.425,-1.266,-0.173,-0.818,-0.194,0.826,-1.364,-0.051,0.699,-1.818,0.371,0.685,-0.065,1
54.0,3768.0,45074.0,15.1,45.0,2,0.338,1,616.0,3,5,0.388,3150.0,5.6,8987.0,26154.0,36,719.9,0.1911,1,3,2,2,1,0,53.0,-0.132,-1.316,0.61,0.484,0.239,2.288,0.059,-1.289,1.681,0.343,0.002,1.648,0.059,-0.339,0.866,1
41.0,1113.0,13420.0,1.0,38.0,0,0.164,0,720.0,2,0,0.039,0.0,4.0,3276.0,3832.0,24,158.9,0.1428,0,2,0,3,1,1,35.0,-0.479,-0.07,-0.646,-0.813,-0.706,-0.537,0.931,0.191,-0.077,-0.02,0.316,0.088,-0.509,0.472,-1.261,0
37.0,826.0,10240.0,10.9,47.0,1,0.774,0,658.0,1,1,0.602,182.0,13.3,2532.0,901.0,24,37.4,0.0453,1,0,0,2,0,1,119.0,0.583,0.079,-0.637,0.608,-0.386,-0.235,-2.035,0.808,-0.162,-0.365,-0.207,1.233,-0.201,-1.228,0.261,0
44.0,4011.0,50123.0,1.5,52.0,5,0.274,0,740.0,2,2,0.354,1274.0,3.3,501.0,5893.0,12,491.8,0.1226,0,2,0,2,1,1,5.0,-0.831,-0.242,0.481,0.292,-1.352,1.076,-1.125,1.411,-0.059,-1.669,0.06,-0.164,0.463,-0.194,-1.877,0
49.0,590.0,7297.0,1.7,41.0,0,0.276,0,638.0,1,1,0.265,63.0,4.1,221.0,605.0,24,25.5,0.0432,1,0,1,2,1,0,18.0,-0.326,1.131,0.227,-0.393,-0.608,-0.159,0.601,-1.493,1.001,-0.919,0.052,-0.436,0.263,4.115,-0.116,1
30.0,1290.0,15645.0,4.5,37.0,5,0.315,1,662.0,2,0,0.06,0.0,3.0,915.0,12202.0,24,505.0,0.3915,1,3,1,2,0,1,141.0,-1.029,1.235,-0.099,0.881,0.008,-0.802,-1.675,-0.677,0.867,1.093,0.75,-0.842,1.1,2.295,0.297,0
31.0,814.0,9437.0,7.9,35.0,1,0.358,0,631.0,2,1,0.651,257.0,0.8,1928.0,4635.0,36,128.7,0.1581,1,0,1,2,2,0,20.0,0.014,0.578,-0.526,1.283,1.652,1.108,-0.414,1.366,1.269,-0.374,-0.207,0.828,-0.303,-1.122,-0.352,0
55.0,1223.0,14267.0,31.8,34.0,0,0.173,0,704.0,1,0,0.29,0.0,0.7,819.0,8702.0,36,236.5,0.1934,1,1,1,4,0,0,11.0,-0.894,0.828,-1.215,0.711,0.952,0.743,-2.598,-0.765,1.252,1.816,-0.432,-1.055,-0.761,2.239,-1.408,0
34.0,1936.0,22245.0,1.4,16.0,5,0.684,1,536.0,2,1,0.547,552.0,4.0,981.0,12373.0,24,517.8,0.2675,1,1,1,2,0,0,54.0,0.468,0.082,-0.034,1.729,-0.358,-0.243,-0.318,0.396,0.523,-0.583,-0.673,-0.094,-0.514,0.503,0.128,0
33.0,2055.0,24962.0,10.7,34.0,6,0.201,1,646.0,1,8,0.0,0.0,12.0,2022.0,15254.0,48,307.9,0.1498,0,1,1,5,0,0,92.0,0.462,-0.944,-0.331,-1.37,-0.76,-2.033,2.287,0.457,0.193,0.86,0.886,1.051,-0.368,-1.626,-1.166,0
42.0,2131.0,25831.0,4.1,46.0,2,0.149,0,714.0,1,4,0.169,374.0,5.7,285.0,13834.0,48,296.5,0.1391,0,0,1,3,1,0,107.0,-0.04,-0.176,-0.419,0.389,-2.229,0.192,0.993,1.216,0.165,0.583,1.185,1.076,0.853,-0.267,1.535,0
34.0,1590.0,20247.0,8.7,38.0,1,0.463,0,646.0,0,3,0.486,1053.0,6.2,1226.0,9339.0,48,195.3,0.1228,1,3,1,3,2,0,69.0,-0.373,-0.072,1.411,-0.949,0.978,0.534,0.728,-0.345,0.57,0.753,1.49,0.145,0.733,0.169,0.201,0
68.0,2691.0,31694.0,2.2,39.0,3,0.598,0,670.0,1,5,0.48,3051.0,5.8,4602.0,12586.0,48,261.8,0.0973,0,0,1,3,3,1,76.0,-0.512,1.894,0.106,-1.044,1.568,0.255,-0.215,0.08,0.106,0.029,-1.014,-0.267,0.685,-0.403,-1.506,0
30.0,902.0,11370.0,3.9,38.0,5,0.667,2,524.0,3,2,0.643,364.0,3.3,532.0,6637.0,48,139.1,0.1542,1,3,1,3,0,1,130.0,0.698,0.482,-0.655,0.377,2.863,1.329,0.106,0.425,0.191,0.459,-0.617,0.406,0.447,-1.128,-0.64,0
34.0,731.0,8859.0,1.9,43.0,4,0.21,0,705.0,0,5,0.192,193.0,2.0,2289.0,6216.0,24,262.3,0.3588,1,2,2,3,0,1,49.0,-1.017,-0.524,1.057,0.056,-0.361,-0.529,1.358,0.037,-0.636,-1.389,0.003,-0.519,0.731,1.407,0.028,0
49.0,3019.0,36185.0,8.8,44.0,0,0.61,1,596.0,3,5,0.319,1319.0,4.7,692.0,28400.0,48,592.6,0.1963,0,1,1,2,1,1,41.0,1.058,-0.446,-1.403,0.38,-0.222,1.113,-0.157,-0.077,-0.936,0.384,1.059,0.374,0.592,-1.955,0.518,0
24.0,2767.0,34446.0,2.0,52.0,3,0.255,1,673.0,3,0,0.12,0.0,4.7,2174.0,8141.0,60,139.9,0.0506,0,2,0,2,0,1,25.0,1.319,0.033,0.784,-0.837,1.035,0.853,-0.065,0.942,1.527,-0.722,-0.568,-2.814,0.484,2.362,-2.95,0
58.0,1005.0,12757.0,16.6,41.0,1,0.353,1,606.0,1,3,0.205,226.0,6.3,1908.0,1035.0,36,28.8,0.0287,0,0,2,3,1,0,76.0,-1.366,1.059,-0.442,0.641,-0.121,0.915,0.574,0.31,0.443,-0.876,-0.28,1.998,1.667,-1.517,-2.118,0
62.0,2649.0,31203.0,32.8,41.0,7,0.305,1,574.0,1,4,0.273,1462.0,6.4,7243.0,17600.0,24,737.8,0.2785,0,0,3,1,1,1,21.0,-0.819,-0.299,-0.585,-0.923,-0.412,1.333,-2.213,0.135,-0.518,0.285,0.927,0.346,-1.532,-0.069,0.875,0
55.0,574.0,6745.0,25.7,43.0,2,0.145,1,720.0,1,2,0.141,42.0,2.6,202.0,4674.0,24,192.6,0.3355,0,3,1,3,5,1,163.0,-1.595,-1.056,-0.479,-0.729,0.944,1.319,0.355,-0.169,0.435,1.377,1.01,-1.765,1.626,0.758,-0.158,1
46.0,430.0,5277.0,7.4,43.0,0,0.207,0,714.0,0,1,0.237,27.0,3.8,232.0,2859.0,60,47.5,0.1105,1,3,0,2,1,0,85.0,-0.374,1.464,1.598,0.021,0.163,-0.526,-0.01,-0.709,-0.31,-1.289,-0.024,-0.582,-0.858,0.963,0.078,0
48.0,1424.0,17077.0,20.6,35.0,5,0.279,0,699.0,2,3,0.04,85.0,2.8,1748.0,14180.0,36,386.8,0.2716,1,1,0,2,3,0,76.0,0.656,1.051,-0.31,0.146,0.474,-0.305,-1.012,0.062,-0.23,0.1,0.593,0.702,-0.907,1.321,-0.461,0
39.0,1051.0,12675.0,13.4,36.0,6,0.515,1,556.0,2,5,0.491,1059.0,5.7,1057.0,6234.0,24,256.5,0.2441,0,3,0,4,3,1,79.0,0.621,-0.506,-0.153,2.175,0.852,-1.539,-1.674,-0.069,-0.008,-0.269,-0.153,-0.794,0.304,0.043,-0.23,0
41.0,1647.0,19996.0,4.8,34.0,6,0.299,0,721.0,3,2,0.157,184.0,21.3,1617.0,16435.0,36,450.4,0.2735,1,0,1,3,0,0,49.0,0.282,-1.373,0.094,0.43,-0.445,1.325,1.289,-0.042,0.307,1.307,-0.46,0.334,1.121,-0.224,-1.735,0
37.0,2307.0,26842.0,9.6,33.0,7,0.079,0,668.0,1,3,0.094,222.0,1.4,1905.0,7145.0,24,288.2,0.1249,0,3,2,5,2,0,47.0,1.117,-0.26,0.907,0.528,-0.842,-1.252,-0.735,-0.475,0.27,1.424,0.625,0.208,2.331,-0.521,0.822,0
45.0,950.0,11270.0,7.9,51.0,6,0.165,0,758.0,2,1,0.039,20.0,4.1,486.0,6672.0,36,184.0,0.1937,0,2,2,2,1,0,11.0,-0.318,0.667,-0.27,-1.915,0.568,1.357,0.948,-1.231,-0.583,-1.42,0.27,-2.056,-0.395,0.306,-0.953,0
23.0,1131.0,13307.0,1.3,28.0,0,0.197,1,671.0,0,5,0.144,446.0,8.6,2355.0,5546.0,36,159.8,0.1413,1,3,1,1,0,0,127.0,1.974,0.84,-0.56,0.892,0.613,-1.466,-0.114,0.945,0.163,0.629,0.709,0.259,-0.949,-0.782,-0.494,1
44.0,2067.0,26916.0,23.0,40.0,1,0.109,0,632.0,0,3,0.218,567.0,3.5,3592.0,14113.0,24,577.7,0.2795,0,1,1,1,1,0,23.0,0.087,0.732,-1.752,1.329,-0.082,0.987,-0.973,-0.749,0.26,0.306,0.094,0.503,-0.357,0.263,-0.949,1
55.0,4496.0,56123.0,8.9,39.0,4,0.047,1,619.0,1,2,0.0,0.0,7.4,1091.0,36706.0,60,621.5,0.1382,0,1,2,2,1,0,34.0,0.3,1.759,-0.285,-1.108,0.962,-0.743,-0.177,0.409,-1.471,-0.046,0.824,-1.319,-0.296,-0.97,-0.539,0
42.0,2805.0,30373.0,16.5,41.0,5,0.298,1,694.0,0,3,0.361,1622.0,2.3,808.0,13460.0,36,366.1,0.1305,0,0,0,3,0,1,76.0,0.737,0.546,0.105,-1.519,0.413,-0.28,0.748,-2.08,0.705,0.919,-1.246,0.07,0.066,0.187,-1.049,0
29.0,2773.0,33668.0,4.4,31.0,5,0.7,4,458.0,4,1,0.657,560.0,10.3,4005.0,9859.0,24,416.0,0.15,0,1,1,4,2,1,63.0,0.4,0.671,-0.92,-1.042,0.699,-0.142,0.738,1.437,-0.645,-0.151,0.502,-1.889,-3.183,-0.053,0.844,1
20.0,1154.0,14309.0,0.0,48.0,7,0.137,0,657.0,0,2,0.254,307.0,9.5,1004.0,11363.0,12,922.2,0.7991,1,0,0,4,0,0,54.0,1.141,-0.115,0.767,-0.149,-0.885,-0.627,0.6,-1.797,0.49,-0.658,-0.07,-1.01,-0.384,-0.386,1.739,1
25.0,2187.0,26870.0,3.4,33.0,7,0.357,3,531.0,1,2,0.291,656.0,6.8,224.0,18743.0,24,765.5,0.35,1,1,1,2,0,1,21.0,0.761,-0.146,1.044,0.618,-1.233,-1.501,-0.446,-0.796,1.297,1.664,-0.473,-0.812,0.969,-0.905,-0.098,1
75.0,1429.0,17654.0,13.8,37.0,3,0.129,0,633.0,2,0,0.0,0.0,10.9,4218.0,7694.0,12,653.5,0.4573,0,2,0,2,3,0,26.0,1.018,1.407,-1.423,0.55,-0.518,0.893,1.676,0.517,-1.643,0.178,-0.165,-0.852,-0.415,-0.353,-1.11,1
37.0,812.0,9156.0,6.5,49.0,0,0.225,1,729.0,0,3,0.248,259.0,2.3,1289.0,7552.0,48,159.2,0.1961,0,0,0,3,0,1,175.0,-0.208,-1.444,-1.934,-0.295,-0.23,2.347,-0.178,0.577,0.212,-1.22,-1.048,0.859,0.445,0.068,-0.066,0
54.0,801.0,9370.0,21.5,32.0,3,0.256,3,547.0,1,3,0.201,199.0,3.3,761.0,7218.0,24,298.9,0.3732,1,1,2,3,0,0,84.0,0.177,-1.053,0.353,0.154,-0.616,0.781,0.973,1.434,-0.573,1.991,-0.023,-0.006,0.141,-0.473,-1.542,1
39.0,991.0,11515.0,5.9,36.0,0,0.301,0,726.0,2,2,0.285,215.0,5.5,3885.0,6826.0,36,194.3,0.1961,1,2,2,2,1,0,54.0,0.374,-1.01,-0.078,-1.922,0.003,-1.98,-0.276,-1.625,0.707,-0.883,-0.591,-0.324,0.118,0.188,0.933,0
75.0,1290.0,15477.0,19.3,48.0,7,0.089,0,723.0,0,1,0.023,9.0,6.8,3110.0,7847.0,24,330.1,0.2559,0,0,2,3,1,1,29.0,-0.447,-0.074,-1.977,-0.184,1.958,-0.847,0.821,-0.685,1.369,0.977,1.559,-0.217,1.091,-0.129,0.145,0
44.0,722.0,8402.0,11.7,27.0,7,0.175,0,706.0,3,1,0.111,33.0,2.2,792.0,4988.0,36,139.0,0.1925,0,0,3,2,2,0,108.0,-0.339,-0.354,1.393,0.115,0.216,-1.629,-0.476,0.306,1.111,0.557,-0.887,0.705,-0.142,-1.232,0.565,0
33.0,802.0,9943.0,6.2,35.0,1,0.244,0,696.0,1,2,0.282,228.0,6.7,487.0,3305.0,36,91.2,0.1137,1,0,0,3,0,0,38.0,1.738,-1.42,-1.529,-0.793,0.966,0.611,-1.275,0.765,-0.884,-0.331,-1.215,0.656,-0.025,0.454,0.581,0
35.0,272.0,3310.0,3.7,38.0,6,0.122,0,722.0,0,1,0.181,13.0,3.3,176.0,970.0,36,27.2,0.1,0,2,0,4,1,1,40.0,0.88,0.609,0.993,-1.696,-0.108,0.311,-1.454,2.483,1.171,-1.845,-1.854,-1.007,2.095,-1.097,-1.582,0
20.0,1074.0,13078.0,0.0,38.0,4,0.585,1,632.0,2,8,0.612,1755.0,3.4,752.0,6900.0,36,190.8,0.1777,1,0,2,2,0,1,82.0,0.392,0.515,-1.697,-0.531,-1.038,0.725,0.18,0.33,-0.818,0.438,-1.492,-0.022,0.595,-1.16,-0.887,0
44.0,2192.0,26126.0,4.0,53.0,1,0.17,0,751.0,0,2,0.383,889.0,2.1,664.0,7126.0,36,196.8,0.0898,0,1,2,3,1,1,49.0,-0.52,0.015,1.631,-0.157,0.389,0.038,0.276,2.11,-2.609,0.608,-1.381,0.659,0.361,1.605,-0.172,0
33.0,1708.0,19851.0,7.5,36.0,5,0.407,1,613.0,3,3,0.394,765.0,2.3,1471.0,12761.0,36,356.0,0.2084,1,0,1,1,1,1,136.0,-0.687,0.963,-0.059,0.588,0.275,-1.386,-2.511,0.61,-1.612,1.178,-0.815,1.741,-3.009,1.941,-0.444,0
31.0,511.0,6134.0,5.1,38.0,5,0.837,1,575.0,2,0,0.749,0.0,12.8,549.0,1869.0,36,50.8,0.0994,0,0,2,3,1,1,143.0,-0.58,0.412,-0.474,1.112,-0.992,-1.982,0.26,-1.138,-0.521,-1.512,-0.208,-0.963,0.682,-0.651,-0.218,1
37.0,1561.0,17992.0,3.8,37.0,6,0.226,0,665.0,2,1,0.276,140.0,11.8,3659.0,9600.0,48,203.0,0.13,1,3,0,2,2,0,43.0,1.148,0.592,-1.494,-0.918,0.123,1.691,0.061,-1.223,-0.961,-0.174,0.326,-1.067,0.721,0.603,1.576,0
55.0,1218.0,14487.0,4.2,39.0,6,0.546,2,500.0,1,1,0.566,302.0,9.9,616.0,12159.0,24,504.2,0.414,0,2,1,3,2,1,169.0,0.838,-1.188,1.048,0.801,-2.267,-0.049,-1.091,0.526,0.09,-0.994,1.519,0.125,-1.592,-0.674,-1.062,1
20.0,1500.0,17844.0,0.0,36.0,7,0.283,3,590.0,2,1,0.385,148.0,6.9,1435.0,13801.0,48,285.0,0.19,1,0,0,4,3,1,153.0,1.905,-1.463,0.507,-1.844,-1.834,0.181,-0.223,-1.752,0.035,1.158,-0.862,-1.327,0.78,0.058,0.448,0
29.0,1371.0,16037.0,4.6,25.0,4,0.329,0,725.0,0,3,0.434,675.0,1.7,940.0,8139.0,48,171.8,0.1253,0,0,3,3,0,1,18.0,1.701,0.141,0.575,0.678,0.929,-0.58,-0.119,0.396,-0.977,1.134,-0.698,-0.773,0.281,0.115,1.328,0
23.0,1432.0,16974.0,2.2,40.0,1,0.481,1,595.0,5,2,0.697,937.0,2.7,844.0,5462.0,12,469.6,0.3279,0,3,1,1,1,0,170.0,0.178,0.57,-0.614,-0.019,1.52,-0.913,0.22,0.57,1.157,-0.527,1.08,0.557,-0.629,-0.1,0.825,1
46.0,1206.0,13942.0,19.3,37.0,4,0.566,1,552.0,3,0,0.727,0.0,4.9,1287.0,5066.0,36,139.7,0.1158,0,3,2,2,1,0,21.0,-1.489,-1.418,0.714,0.103,-1.618,1.53,-1.44,0.57,0.351,-0.159,1.855,0.778,0.882,0.19,-0.378,0
25.0,2242.0,28428.0,2.0,21.0,7,0.642,0,707.0,2,2,0.542,1177.0,22.2,3474.0,7240.0,24,308.9,0.1378,1,0,1,5,1,0,9.0,-1.138,0.279,0.387,0.077,-0.005,-1.684,-0.917,-0.694,0.494,0.179,-2.349,0.762,0.452,-1.873,0.364,0
41.0,2249.0,26674.0,14.1,28.0,5,0.222,0,721.0,2,0,0.375,0.0,4.0,3362.0,6428.0,36,179.9,0.08,1,0,2,2,1,1,67.0,0.252,0.603,0.84,0.689,-0.541,0.812,0.815,-0.886,-0.86,-1.558,-0.716,1.835,-0.385,1.654,0.395,0
36.0,924.0,11189.0,7.5,35.0,2,0.17,0,758.0,1,0,0.0,0.0,5.9,607.0,3672.0,24,153.6,0.1662,1,2,1,5,2,1,68.0,-1.176,1.893,0.881,-0.194,0.396,0.185,0.086,0.459,0.238,0.016,1.665,0.895,1.174,1.764,0.106,0
39.0,3483.0,41550.0,12.0,19.0,1,0.407,0,684.0,2,3,0.191,524.0,10.3,20985.0,20874.0,36,580.6,0.1667,0,1,0,3,3,1,229.0,0.819,0.466,0.23,-0.734,1.124,-0.665,1.903,1.239,0.676,2.081,1.362,0.526,-2.263,0.198,1.318,0
33.0,1772.0,21017.0,7.8,33.0,7,0.311,0,677.0,2,1,0.306,155.0,2.8,1357.0,7788.0,36,221.3,0.1249,1,1,3,2,0,1,57.0,0.949,0.488,-0.262,-0.375,0.974,-0.561,-1.062,0.454,-1.013,1.485,0.282,-0.217,0.025,0.723,-0.56,0
44.0,1664.0,20082.0,5.9,43.0,6,0.218,1,667.0,4,2,0.168,184.0,2.5,1308.0,7197.0,48,154.6,0.0929,0,2,1,4,0,1,13.0,-1.251,0.047,-0.719,1.128,-0.991,0.179,-0.124,0.861,1.05,0.382,0.871,-0.655,-1.163,0.506,0.361,0
38.0,1730.0,19914.0,8.3,37.0,0,0.429,2,586.0,1,0,0.368,0.0,1.9,2259.0,16219.0,36,454.9,0.2629,0,1,1,4,0,0,34.0,-0.43,0.556,-1.506,0.906,-0.69,0.991,-0.878,-0.262,0.797,-1.891,0.605,0.153,-0.238,1.441,0.13,0
47.0,1051.0,12793.0,1.1,38.0,0,0.358,1,717.0,3,1,0.332,97.0,4.6,1860.0,9391.0,24,402.9,0.3833,0,2,0,2,1,1,52.0,1.243,1.28,-1.014,-1.093,1.299,0.238,-1.02,-0.35,0.581,-1.527,0.588,0.023,-0.251,0.034,-0.183,0
68.0,1363.0,16205.0,17.5,46.0,0,0.378,0,617.0,1,2,0.295,280.0,1.5,2643.0,12026.0,24,502.0,0.3683,0,0,0,2,2,1,12.0,-2.322,0.699,-0.475,-0.246,-0.027,-0.28,-0.02,1.557,0.127,0.968,0.087,-1.903,-0.019,0.73,0.162,1
25.0,2310.0,26656.0,1.2,39.0,0,0.634,3,469.0,3,4,0.532,1868.0,3.2,2777.0,19469.0,36,549.8,0.238,0,2,0,2,2,1,72.0,1.838,-1.433,-0.638,0.62,0.879,0.207,-2.008,1.048,-0.569,0.032,-0.517,1.419,0.095,-0.426,-0.111,1
33.0,859.0,9757.0,10.3,42.0,5,0.061,0,783.0,0,0,0.0,0.0,3.9,239.0,8004.0,60,139.0,0.1618,1,0,2,4,0,1,57.0,1.312,0.437,0.758,0.587,-0.147,-0.076,0.501,-0.15,-1.192,0.794,-0.755,-0.173,-1.075,-0.893,-0.742,0
27.0,1771.0,21818.0,2.4,41.0,6,0.398,1,563.0,1,2,0.288,447.0,17.6,1548.0,13934.0,36,393.3,0.2221,1,1,1,4,2,0,131.0,-0.282,0.527,-1.086,0.081,0.027,1.472,-0.782,0.335,0.041,-0.411,-0.442,1.737,0.213,1.048,0.239,0
56.0,2231.0,27619.0,14.1,32.0,4,0.588,3,535.0,0,0,0.646,0.0,7.3,2980.0,13058.0,48,269.6,0.1208,0,3,0,5,0,1,47.0,-0.444,-0.683,-1.031,-0.468,-0.68,-0.091,0.969,-0.958,1.124,-0.594,-0.387,-0.94,-0.362,1.144,1.142,1
36.0,1193.0,13907.0,2.5,33.0,1,0.259,1,697.0,1,2,0.284,362.0,8.0,851.0,2666.0,36,72.4,0.0607,1,2,1,4,2,0,118.0,-1.146,-0.303,0.428,0.434,0.393,-1.144,-0.538,-0.834,-0.306,1.572,-1.1,-0.394,-0.391,-0.198,0.961,0
31.0,1308.0,15591.0,7.6,50.0,4,0.137,0,741.0,3,1,0.0,0.0,1.0,504.0,10624.0,48,218.7,0.1672,1,2,0,2,2,0,46.0,-0.862,0.213,0.744,0.099,-0.848,2.027,-0.126,-1.561,0.122,-0.444,1.28,-1.932,1.408,-0.442,-0.446,0
32.0,3003.0,33940.0,2.3,49.0,0,0.703,0,614.0,0,1,0.725,929.0,0.7,824.0,18379.0,60,310.2,0.1033,0,1,0,4,0,0,13.0,-0.089,0.334,0.405,0.464,0.38,2.349,-0.9,-0.478,-0.656,-0.344,-2.001,-0.75,-0.588,-0.041,0.449,0
46.0,633.0,8002.0,10.8,47.0,7,0.436,0,701.0,2,1,0.341,92.0,8.7,577.0,3479.0,48,71.5,0.113,0,0,1,2,1,0,197.0,0.55,0.759,-0.34,-0.482,1.025,-0.982,-0.406,0.985,0.275,-1.939,1.024,-0.239,0.261,-0.955,-0.027,0
40.0,1429.0,16427.0,5.9,49.0,7,0.352,1,687.0,3,2,0.258,181.0,8.0,3576.0,4061.0,24,174.1,0.1218,0,0,2,3,2,0,107.0,-0.187,0.937,0.028,0.67,0.919,1.098,-1.027,-0.684,1.538,0.781,0.436,2.092,-0.465,0.168,0.263,0
41.0,902.0,10803.0,4.3,39.0,1,0.055,0,675.0,0,2,0.002,1.0,8.1,545.0,3293.0,36,91.4,0.1013,0,0,0,2,0,1,110.0,1.672,-0.636,-0.384,-1.759,0.393,0.777,0.024,0.05,-0.467,0.184,0.83,-0.958,-0.334,0.597,-0.581,0
44.0,2674.0,34039.0,3.7,59.0,1,0.518,1,576.0,1,4,0.527,2813.0,2.8,369.0,12185.0,48,260.4,0.0974,1,2,0,2,1,0,101.0,0.08,-0.799,-1.509,0.231,1.577,-0.221,-0.985,0.604,2.068,1.281,-0.556,2.03,1.069,1.633,-0.124,0
23.0,2252.0,26903.0,0.6,44.0,6,0.282,1,627.0,0,2,0.128,305.0,13.1,1766.0,5354.0,12,459.5,0.204,0,0,0,4,1,0,46.0,-0.028,0.372,-0.1,0.966,-0.129,0.681,2.316,0.303,-0.302,-0.47,0.689,-0.097,0.508,-1.237,-0.439,0
20.0,1195.0,13492.0,0.0,38.0,3,0.227,1,696.0,2,3,0.152,211.0,3.7,1360.0,7763.0,36,217.4,0.1819,0,1,0,4,1,0,58.0,0.561,-1.795,-0.685,0.87,1.019,-1.097,0.718,-1.508,-0.552,-0.459,0.134,0.384,-0.554,0.358,-1.401,0
20.0,2166.0,26866.0,0.0,31.0,7,0.179,0,672.0,2,2,0.118,128.0,8.5,3261.0,20041.0,12,1600.9,0.7391,1,0,1,2,0,0,72.0,1.454,-0.587,0.818,0.54,-1.685,-1.111,0.079,1.219,0.156,1.164,1.003,0.051,-1.985,-1.039,0.907,1
20.0,3104.0,37976.0,0.0,48.0,6,0.288,1,679.0,2,2,0.431,920.0,2.0,3627.0,3689.0,12,299.1,0.0964,0,2,0,3,0,1,216.0,0.751,0.072,-0.607,-0.266,-1.634,0.128,-1.127,-1.174,-1.176,0.31,0.631,-0.736,0.712,-0.829,-0.355,0
40.0,2973.0,34947.0,15.5,29.0,5,0.425,2,454.0,4,4,0.275,825.0,3.6,3558.0,26929.0,12,2241.7,0.754,1,0,0,4,0,0,34.0,-0.381,-0.311,1.384,-1.283,-0.057,-0.903,0.443,-0.184,1.471,2.119,-0.454,-0.371,0.229,-0.081,0.832,1
44.0,1570.0,18213.0,10.9,30.0,6,0.229,1,650.0,1,2,0.177,291.0,2.3,783.0,6794.0,24,273.2,0.174,0,0,0,3,1,0,168.0,-0.538,0.259,0.047,0.819,-0.29,0.218,-0.116,0.794,-1.173,-0.43,1.409,-1.455,1.757,-0.737,-0.222,0
40.0,940.0,11232.0,13.1,38.0,3,0.373,0,612.0,1,1,0.415,169.0,1.6,1152.0,8601.0,60,144.4,0.1536,1,3,0,4,0,1,70.0,0.978,-0.266,-2.539,-0.641,0.947,0.699,-1.325,0.887,0.865,0.512,-0.629,-1.079,0.73,-0.735,0.132,0
35.0,1604.0,19573.0,6.4,39.0,7,0.896,0,622.0,2,0,0.748,0.0,9.5,1184.0,4527.0,36,125.9,0.0785,0,3,2,5,1,0,63.0,-0.66,0.083,-0.325,0.256,-0.106,-0.138,-1.116,-0.952,-0.03,-0.084,-1.061,1.177,0.563,-0.225,-0.269,0
27.0,1221.0,13885.0,4.4,47.0,7,0.636,0,627.0,3,1,0.62,400.0,2.6,425.0,8883.0,24,361.6,0.2962,0,1,1,5,2,0,10.0,1.419,-0.693,-2.087,0.161,-0.279,-0.252,0.659,0.975,-0.831,1.148,0.626,0.106,-0.589,-1.333,-1.22,0
28.0,489.0,6302.0,3.8,44.0,6,0.28,1,665.0,1,1,0.219,38.0,5.1,584.0,944.0,24,39.0,0.0798,1,1,1,2,1,1,51.0,0.158,0.583,-2.322,1.276,-0.031,-1.944,-0.311,-1.345,-0.199,0.18,-0.379,-0.77,0.847,-0.114,-0.782,0
31.0,1406.0,17334.0,3.0,29.0,5,0.441,0,587.0,1,2,0.31,471.0,18.2,792.0,3027.0,48,61.2,0.0435,0,1,0,2,0,1,221.0,-0.918,-1.342,0.334,1.173,0.391,0.469,1.294,0.64,-0.371,2.064,-0.865,0.639,-0.185,2.388,1.385,0
47.0,1627.0,19383.0,21.3,45.0,3,0.624,0,715.0,1,3,0.54,1363.0,1.8,3068.0,3746.0,36,103.2,0.0634,0,3,2,4,1,0,90.0,0.231,-1.02,0.062,-0.244,-0.559,0.461,-0.018,-1.74,0.545,0.64,-0.281,0.783,1.701,0.177,-0.6,0
45.0,1519.0,17508.0,8.6,41.0,6,0.219,0,681.0,4,2,0.217,160.0,1.2,324.0,6010.0,48,128.6,0.0847,0,3,0,1,2,0,91.0,-0.094,1.836,2.045,0.087,1.389,1.465,0.343,-0.93,-1.109,0.722,-0.405,0.251,1.765,-0.379,-0.665,0
46.0,1261.0,15338.0,2.7,44.0,3,0.232,0,735.0,3,1,0.0,0.0,6.1,676.0,5979.0,48,125.8,0.0998,0,1,2,3,2,1,111.0,0.919,-0.167,0.579,-1.532,-0.23,1.564,-2.414,-0.48,1.553,0.2,-0.817,1.148,0.811,-0.072,-0.869,0
54.0,1129.0,13049.0,12.3,41.0,6,0.539,3,468.0,3,1,0.361,204.0,5.8,1250.0,7530.0,48,155.2,0.1375,0,2,0,4,3,1,13.0,-0.216,-1.333,0.225,0.655,-0.242,-0.481,-0.208,-1.067,0.065,1.588,-1.287,-0.55,0.211,0.939,-1.348,0
36.0,1374.0,17075.0,11.0,49.0,3,0.063,0,723.0,0,0,0.202,0.0,5.7,748.0,6369.0,36,173.9,0.1266,1,2,1,1,1,1,107.0,-0.193,0.98,0.36,-1.126,-0.43,0.21,-0.619,0.631,0.073,2.317,0.583,1.363,1.313,-0.743,-0.311,0
42.0,1144.0,13869.0,8.3,25.0,5,0.818,0,569.0,1,3,0.75,1179.0,2.0,541.0,3454.0,48,69.4,0.0607,0,0,0,2,1,0,9.0,0.68,0.517,-0.746,-0.866,-0.418,2.289,-0.456,-0.538,0.081,0.08,-2.107,-0.688,-0.955,1.288,-0.58,0
38.0,695.0,7750.0,1.6,53.0,4,0.083,0,689.0,2,1,0.072,17.0,12.7,444.0,6567.0,36,185.9,0.2675,0,0,1,3,0,0,158.0,1.728,0.286,-0.468,-0.707,-0.774,-0.695,-0.495,-1.612,-1.736,0.179,0.544,-0.265,0.677,1.273,0.899,0
39.0,1701.0,20680.0,7.6,36.0,3,0.625,1,565.0,1,2,0.422,794.0,2.0,433.0,7766.0,24,321.9,0.1892,1,2,1,2,0,0,73.0,1.212,-1.062,-3.457,-0.392,0.877,-0.364,0.232,1.185,0.861,0.426,-0.784,0.786,1.574,-1.066,0.446,0
43.0,999.0,11721.0,8.2,40.0,1,0.158,0,697.0,1,2,0.223,179.0,7.5,500.0,8498.0,60,141.2,0.1413,0,1,0,4,1,1,121.0,-0.908,-0.236,0.593,0.274,-0.326,-1.082,-0.993,-1.677,0.167,-1.609,0.59,0.104,0.587,0.02,1.653,0
52.0,1596.0,17915.0,20.5,34.0,4,0.654,1,536.0,1,1,0.572,253.0,6.3,2182.0,4429.0,24,186.3,0.1167,1,2,3,5,1,0,65.0,-0.488,0.086,-1.22,1.231,0.089,-1.346,0.245,2.199,-0.7,-1.706,0.256,-0.008,-0.682,-1.216,1.532,0
30.0,1152.0,13236.0,4.5,41.0,2,0.148,0,712.0,0,5,0.04,121.0,3.6,1120.0,6238.0,36,172.8,0.15,0,2,1,2,2,1,59.0,-0.729,-0.784,-0.448,0.174,-0.224,1.774,-0.306,-0.832,-0.334,-0.659,-0.155,-3.073,0.997,2.52,0.303,0
26.0,1105.0,13460.0,0.2,36.0,5,0.524,1,578.0,2,1,0.273,111.0,2.9,911.0,5351.0,24,222.6,0.2014,0,3,0,2,1,0,174.0,-0.311,0.585,-1.036,0.064,-1.538,0.039,-0.19,-0.042,-0.193,1.554,-0.473,-0.726,-0.204,0.33,-1.402,0
51.0,3630.0,44393.0,16.9,34.0,5,0.352,2,556.0,0,1,0.232,450.0,8.9,8219.0,27440.0,24,1127.8,0.3107,1,0,0,3,0,0,44.0,0.16,1.061,-0.964,-0.614,-0.639,-0.059,-2.067,1.306,0.068,-0.623,-0.893,0.462,-1.058,-1.028,-0.05,0
56.0,1047.0,12582.0,24.4,35.0,4,0.712,1,616.0,3,1,0.71,315.0,15.6,1216.0,8684.0,36,238.1,0.2274,1,0,1,2,1,1,110.0,-0.01,-1.351,-1.206,0.204,-1.493,-0.528,0.483,-0.533,-1.357,0.154,1.092,0.412,1.82,-0.342,-0.738,0
37.0,1390.0,15844.0,7.4,42.0,4,0.419,1,619.0,1,2,0.119,111.0,8.0,745.0,11255.0,48,228.0,0.164,0,0,1,3,0,1,34.0,-1.185,0.194,-1.113,-0.416,-2.353,0.857,-0.592,0.208,-0.557,1.646,-1.186,-0.258,0.056,0.695,-1.148,0
20.0,1906.0,22246.0,0.0,33.0,4,0.092,0,686.0,3,3,0.161,501.0,13.2,1155.0,8444.0,36,235.5,0.1236,0,1,0,2,0,1,182.0,-1.509,-0.629,0.359,0.188,0.163,-1.635,-1.518,-0.005,1.478,0.766,-1.106,-1.415,0.585,0.083,-0.379,0
39.0,665.0,8035.0,4.1,43.0,2,0.038,0,714.0,1,2,0.0,0.0,1.1,394.0,1571.0,36,42.9,0.0645,0,0,0,3,0,0,19.0,-0.746,2.01,-0.432,0.282,1.248,-0.85,-1.512,1.307,-0.071,0.419,-0.046,0.491,-2.153,-0.192,0.502,0
47.0,2008.0,24610.0,15.2,48.0,2,0.071,0,712.0,4,3,0.082,205.0,2.2,1668.0,18954.0,24,776.5,0.3867,1,1,2,3,1,1,26.0,0.644,-0.856,0.668,-0.471,0.146,-0.581,0.516,0.028,-0.26,0.63,1.864,-0.236,0.162,-0.544,-1.394,1
46.0,2088.0,25884.0,15.9,45.0,1,0.175,0,731.0,0,2,0.0,0.0,14.5,478.0,3702.0,36,103.1,0.0494,0,1,1,2,1,1,33.0,1.694,0.857,1.354,-2.043,0.668,0.249,0.622,-0.537,-0.838,-0.14,1.59,-0.375,1.65,-0.172,0.444,0
40.0,867.0,10065.0,7.4,32.0,3,0.701,1,548.0,1,1,0.719,159.0,10.3,718.0,4491.0,12,372.9,0.4301,1,3,0,5,2,1,23.0,-0.02,1.036,-1.321,-0.487,-0.495,1.842,-0.496,-0.038,-0.611,0.461,1.592,0.253,1.103,-0.019,-0.012,1
39.0,939.0,11499.0,2.4,36.0,0,0.466,2,572.0,2,2,0.589,525.0,1.1,622.0,2890.0,24,123.1,0.1311,0,0,1,3,2,0,34.0,-0.064,1.395,-0.414,0.599,-1.041,0.23,0.442,-1.31,-0.649,-0.834,-1.55,-1.177,1.794,0.364,0.885,0
45.0,1143.0,14083.0,12.9,45.0,6,0.64,0,699.0,1,3,0.625,1041.0,10.1,1479.0,9567.0,48,197.8,0.1731,1,1,0,3,3,1,71.0,1.678,-0.056,-2.523,-1.256,1.157,-0.722,2.612,-1.612,0.213,0.83,-0.477,1.807,-1.667,-0.86,0.007,0
41.0,7762.0,91828.0,1.2,43.0,5,0.28,1,716.0,0,0,0.173,0.0,5.3,3241.0,13698.0,48,286.2,0.0369,0,1,1,2,2,1,57.0,-0.942,-0.037,0.439,-0.029,-0.753,0.177,1.297,0.846,-2.08,-0.665,0.466,0.141,0.021,-0.577,-0.068,0
40.0,636.0,7305.0,10.6,31.0,7,0.157,0,787.0,1,3,0.271,219.0,6.2,369.0,973.0,24,41.0,0.0645,0,0,2,2,4,0,104.0,0.186,-0.655,0.416,-0.314,0.34,1.195,0.325,-0.126,0.697,0.735,-0.46,0.876,0.265,-1.82,2.066,0
30.0,1138.0,13873.0,2.7,54.0,1,0.319,0,706.0,1,1,0.109,38.0,4.0,923.0,3222.0,24,136.0,0.1195,0,3,0,5,2,1,20.0,2.162,0.783,1.334,2.161,0.033,-0.066,-1.659,-1.551,1.026,-0.695,-0.022,0.151,0.733,0.158,-1.405,0
63.0,2392.0,31362.0,7.7,32.0,7,0.454,3,489.0,3,4,0.345,1273.0,7.9,633.0,10027.0,24,416.9,0.1743,0,1,1,4,1,1,57.0,-0.337,1.017,0.229,0.581,-0.237,-0.465,1.207,0.111,0.716,0.812,0.219,0.284,0.967,-1.552,-1.86,1
40.0,1544.0,17397.0,10.6,59.0,2,0.079,1,630.0,7,1,0.028,10.0,23.0,4715.0,15347.0,24,644.2,0.4172,0,0,0,4,1,1,53.0,0.501,-2.23,0.933,2.021,-0.009,1.453,0.664,0.189,0.333,0.822,-1.002,-0.72,-0.187,0.324,-0.94,0
21.0,746.0,8830.0,0.2,41.0,7,0.661,0,623.0,1,2,0.603,225.0,5.6,867.0,4753.0,48,101.4,0.1359,1,2,2,1,1,1,268.0,-0.906,-1.499,1.386,0.569,-1.192,2.371,0.321,0.953,0.56,0.811,1.384,-0.076,0.323,-0.938,-0.929,0
32.0,1803.0,21446.0,1.7,39.0,4,0.08,1,618.0,2,4,0.002,5.0,14.9,1473.0,4985.0,12,406.6,0.2255,1,0,0,4,2,1,59.0,-1.202,0.612,-0.202,0.205,0.756,-0.553,-1.467,2.324,-0.778,-0.116,-0.368,-0.392,0.862,-0.473,-0.757,0
46.0,689.0,7815.0,6.1,58.0,1,0.31,1,664.0,3,0,0.305,0.0,6.1,448.0,2278.0,36,63.4,0.092,0,1,1,2,0,1,44.0,-0.133,-2.092,-0.704,-1.625,-1.238,-2.522,0.612,-0.522,-2.568,-0.368,0.596,-0.545,-0.248,0.805,-0.635,0
51.0,4540.0,54249.0,19.0,47.0,6,0.205,0,681.0,1,2,0.046,145.0,11.0,1683.0,41756.0,48,911.8,0.2008,0,0,0,3,0,0,54.0,-1.525,1.538,-0.366,1.579,-1.068,-0.697,-0.285,0.695,1.917,-1.052,-0.354,-1.624,-0.95,-0.171,1.914,0
51.0,772.0,9063.0,10.7,31.0,2,0.366,2,612.0,6,3,0.286,165.0,8.5,1221.0,4193.0,36,118.7,0.1538,0,3,0,4,0,1,58.0,1.678,1.124,-2.295,-0.057,-0.57,1.731,-0.293,-0.408,0.414,-0.879,-0.226,-0.672,-1.07,0.01,-0.469,0
46.0,1830.0,22580.0,12.9,54.0,2,0.579,1,600.0,1,1,0.504,512.0,11.9,1230.0,9799.0,12,820.7,0.4485,0,0,1,2,1,0,120.0,-0.895,-0.567,0.534,0.419,1.042,0.564,-0.122,0.104,-0.073,0.119,-0.174,-1.449,0.99,-0.619,0.076,1
33.0,1729.0,20785.0,4.4,41.0,6,0.328,0,703.0,1,2,0.164,264.0,5.9,6673.0,16588.0,48,337.4,0.1951,0,2,0,1,0,0,130.0,-0.71,-0.228,-1.066,-1.354,-0.5,-0.925,-0.873,1.139,0.876,0.379,0.72,0.829,0.222,0.035,0.269,0
37.0,668.0,7610.0,5.0,52.0,2,0.208,0,707.0,2,4,0.094,85.0,1.3,290.0,1231.0,12,103.3,0.1546,0,1,1,3,2,0,103.0,0.848,0.134,1.029,1.589,-0.553,0.084,0.408,0.613,0.131,0.853,0.584,-0.278,-0.172,-0.231,-1.6,1
31.0,1140.0,13591.0,0.6,37.0,3,0.266,1,672.0,1,4,0.257,625.0,9.7,1771.0,6283.0,36,173.8,0.1525,0,0,2,5,0,0,176.0,-0.568,1.852,1.455,-0.536,0.226,0.336,0.731,0.941,-0.449,0.598,-1.258,1.838,1.117,-1.895,0.586,0
69.0,2349.0,28255.0,40.0,50.0,2,0.112,0,758.0,0,5,0.0,0.0,2.7,327.0,10285.0,36,295.6,0.1258,1,0,0,3,1,0,49.0,-1.133,0.467,2.4,0.83,0.616,-0.04,0.745,0.889,0.512,-1.153,0.431,0.724,-1.181,-0.759,0.732,0
48.0,1414.0,18140.0,12.2,47.0,1,0.192,1,681.0,2,7,0.157,564.0,3.2,615.0,3513.0,48,73.9,0.0523,0,2,1,2,0,1,26.0,1.432,0.155,-0.418,-0.926,-0.573,-0.023,-0.909,0.831,-0.947,1.369,-0.106,0.458,0.187,-0.817,-0.138,0
28.0,1561.0,19180.0,3.9,42.0,1,0.589,1,604.0,4,5,0.47,1334.0,1.7,890.0,5722.0,48,117.2,0.0751,1,2,1,3,1,0,65.0,-1.608,0.132,1.879,0.735,-0.609,-1.251,0.198,1.055,-0.744,-0.326,-0.398,0.6,2.079,0.987,-0.997,0
50.0,1114.0,13008.0,5.6,54.0,2,0.675,0,660.0,0,1,0.574,258.0,9.1,1610.0,6567.0,60,110.8,0.0995,0,3,1,3,3,1,108.0,-1.842,-1.025,0.364,-0.419,-0.134,0.434,1.547,0.851,-0.995,-1.017,1.269,0.307,-0.673,-0.443,0.214,0
32.0,1415.0,17543.0,5.0,29.0,1,0.269,1,636.0,1,2,0.545,676.0,7.5,627.0,8818.0,12,732.6,0.5177,1,1,1,2,1,0,84.0,-0.087,-0.653,-2.432,-0.447,0.359,1.679,0.151,-1.743,-0.779,1.389,1.137,-0.997,-0.711,0.52,1.038,1
39.0,1485.0,17620.0,7.5,32.0,2,0.522,0,612.0,1,4,0.432,892.0,3.6,1114.0,12689.0,36,343.6,0.2314,1,3,0,2,1,1,96.0,-1.692,2.362,0.765,-0.988,-0.053,-0.609,0.477,-0.605,0.789,-0.109,-2.152,-1.094,0.666,-0.777,0.621,0
25.0,3285.0,38636.0,0.6,23.0,4,0.479,1,594.0,2,1,0.52,441.0,4.1,2055.0,26441.0,48,538.7,0.164,0,1,1,4,1,1,5.0,-0.443,-0.75,-0.503,-0.954,1.165,0.286,-0.113,1.314,-0.017,0.589,-0.911,-0.478,0.538,0.009,-0.211,1
56.0,1482.0,18037.0,22.5,34.0,7,0.12,0,699.0,2,1,0.003,1.0,7.8,707.0,9267.0,24,374.9,0.253,0,2,2,4,1,0,179.0,1.337,0.299,-1.26,-0.035,0.338,-1.303,-1.337,0.266,-0.664,1.024,2.29,-1.224,1.11,-0.371,-0.995,0
22.0,507.0,6172.0,0.9,44.0,6,0.31,0,728.0,3,3,0.144,69.0,5.5,214.0,2226.0,24,89.3,0.1761,1,1,1,4,1,1,92.0,1.167,0.156,0.691,0.149,-0.521,1.678,0.187,0.251,1.69,-1.793,2.258,-1.871,-0.863,-1.431,-0.462,0
34.0,2799.0,32087.0,3.5,42.0,1,0.405,1,628.0,2,3,0.505,1463.0,8.2,984.0,27850.0,24,1135.6,0.4057,1,2,1,3,0,0,62.0,0.787,0.731,0.147,-0.928,0.041,-0.89,0.39,-1.347,0.97,0.565,1.033,-0.889,-0.362,1.319,0.013,0
41.0,2191.0,25850.0,16.4,29.0,1,0.591,2,489.0,1,4,0.446,2095.0,13.3,615.0,6323.0,24,256.2,0.1169,0,2,0,5,2,1,136.0,-2.036,-0.248,-1.553,-0.173,-1.024,-0.362,1.34,1.335,-1.11,-0.685,-1.699,-1.329,0.013,-1.283,-0.902,0
29.0,4247.0,51628.0,5.9,29.0,7,0.655,2,494.0,0,0,0.585,0.0,7.9,2332.0,42336.0,36,1194.9,0.2814,0,0,0,2,2,1,46.0,-0.42,0.313,0.583,-0.803,-0.241,0.288,0.791,0.287,1.032,-0.43,0.622,-0.408,-0.963,0.546,1.044,0
44.0,3334.0,39606.0,17.5,34.0,4,0.256,0,624.0,0,2,0.045,133.0,2.0,10042.0,26850.0,60,458.6,0.1376,1,1,1,4,0,1,47.0,-0.795,-0.541,1.98,-0.567,0.155,-0.896,-0.363,-0.876,-0.454,-0.199,-1.919,1.197,-1.024,-1.78,1.859,0
67.0,1901.0,21355.0,18.8,46.0,3,0.06,0,773.0,0,1,0.089,59.0,2.6,2397.0,13124.0,24,544.5,0.2864,1,0,0,4,0,0,25.0,0.88,0.682,0.198,-1.24,-0.415,0.546,1.52,-1.403,-1.045,-1.657,-0.438,-1.194,-1.241,0.047,0.785,0
31.0,970.0,11940.0,1.9,38.0,7,0.723,2,586.0,2,2,0.8,765.0,6.8,480.0,2943.0,12,250.9,0.2587,0,0,0,2,1,1,96.0,-0.432,-0.668,2.542,1.558,1.065,0.291,-0.397,-1.195,0.119,-0.233,1.758,-0.833,1.888,0.271,0.618,0
41.0,3375.0,39198.0,6.1,44.0,4,0.437,1,602.0,2,3,0.333,1812.0,5.0,1580.0,27637.0,24,1133.0,0.3357,1,3,2,3,1,0,37.0,0.192,1.068,0.665,0.165,-0.468,0.069,-1.5,-0.381,1.047,0.584,-1.191,-1.115,0.739,-1.503,-0.715,1
28.0,3572.0,40622.0,6.1,22.0,2,0.905,3,448.0,4,4,1.0,4266.0,9.2,3640.0,27426.0,24,1144.1,0.3203,0,1,0,5,3,0,60.0,0.158,1.07,-0.629,-0.213,1.051,0.382,-0.166,0.097,2.262,1.503,1.255,-0.686,0.083,-0.73,-0.248,1
42.0,1010.0,12487.0,7.7,42.0,7,0.483,0,629.0,2,4,0.362,487.0,8.3,506.0,4636.0,24,193.0,0.1911,0,0,1,3,3,1,126.0,0.708,0.28,-0.369,-0.616,-0.585,-0.842,-1.286,-0.475,-0.499,-0.011,-0.213,0.96,0.65,-0.638,-0.857,0
52.0,934.0,11538.0,24.3,49.0,3,0.485,0,650.0,2,3,0.556,840.0,0.4,232.0,7630.0,48,157.6,0.1687,0,0,0,2,3,1,58.0,0.434,-0.239,0.688,-1.641,0.533,0.976,-0.314,1.141,-0.828,-0.703,-2.112,-0.988,-0.543,2.127,0.168,0
62.0,1098.0,12719.0,9.6,43.0,2,0.145,1,655.0,3,5,0.0,0.0,4.5,701.0,5381.0,24,220.8,0.2011,0,0,2,4,2,0,39.0,-0.491,0.166,0.187,-1.929,0.075,-1.577,-0.196,1.045,0.334,-0.678,-0.496,0.399,1.225,-1.096,0.54,0
20.0,1389.0,17225.0,0.0,41.0,4,0.719,2,532.0,2,3,0.523,1014.0,6.2,954.0,5949.0,24,245.1,0.1765,1,1,0,4,0,1,136.0,-0.399,1.323,-0.198,0.374,-0.746,-0.117,1.413,-0.258,-1.429,0.073,-2.213,0.833,-0.395,0.954,0.196,1
46.0,3072.0,38031.0,9.5,32.0,3,0.247,0,633.0,1,2,0.215,463.0,5.9,3335.0,18137.0,36,503.0,0.1637,0,0,1,2,0,0,84.0,-1.867,-0.144,1.445,0.143,-0.028,-0.232,1.084,-0.189,-0.633,0.029,-0.738,-0.62,0.794,-0.089,-1.391,0
25.0,1589.0,19827.0,1.6,37.0,2,0.625,1,591.0,2,2,0.665,718.0,4.5,5812.0,13580.0,48,277.9,0.1749,1,0,1,2,1,1,64.0,-1.104,-0.523,0.62,0.133,0.034,1.672,-0.687,-0.527,-0.968,-0.753,-0.106,-0.248,-0.618,-0.482,1.023,0
44.0,2090.0,26820.0,15.1,37.0,7,0.426,2,619.0,2,1,0.379,240.0,13.4,1608.0,6012.0,12,493.6,0.2362,1,0,3,3,0,1,22.0,0.298,0.76,-0.601,-0.663,-0.088,-0.602,0.431,0.193,-0.431,0.042,-0.35,1.484,-1.472,-0.069,0.849,0
22.0,647.0,7694.0,1.0,48.0,3,0.581,2,512.0,1,2,0.397,235.0,20.5,1395.0,5872.0,48,120.8,0.1867,1,1,3,4,0,0,218.0,-1.064,-0.512,-1.355,0.848,-0.648,1.746,-0.419,-0.09,-0.659,-0.279,1.118,-0.119,0.309,0.457,-0.406,0
46.0,3818.0,46186.0,10.2,43.0,5,0.251,0,649.0,1,4,0.311,1297.0,7.8,4352.0,32891.0,24,1352.0,0.3541,0,0,1,3,0,0,10.0,-0.171,0.522,-1.113,-0.403,-1.547,0.21,0.693,-0.094,0.563,0.262,1.33,0.108,0.352,-0.878,0.789,0
48.0,450.0,5536.0,10.6,49.0,1,0.191,0,748.0,3,6,0.141,128.0,6.9,613.0,4342.0,36,121.4,0.2698,0,2,2,2,0,0,8.0,0.094,-0.596,0.667,0.41,1.581,-0.585,-0.06,-0.256,0.098,-0.082,0.628,-1.435,-0.699,-1.687,-2.016,0
48.0,2389.0,28867.0,4.6,46.0,3,0.199,2,649.0,1,3,0.09,218.0,16.8,516.0,5417.0,36,146.1,0.0612,1,1,3,4,1,1,89.0,-2.091,1.553,0.702,-1.958,-0.38,-0.54,0.613,-0.363,0.812,-1.005,0.594,-0.449,0.08,1.528,-0.39,0
29.0,2404.0,30962.0,1.3,22.0,4,0.155,1,708.0,2,1,0.053,60.0,5.1,1608.0,5711.0,48,117.2,0.0488,1,1,1,2,1,1,30.0,-0.246,-0.901,0.779,1.363,1.284,0.278,0.91,1.602,-1.168,-1.728,-1.09,-0.593,0.16,-0.76,-0.532,0
20.0,1562.0,18581.0,0.0,40.0,2,0.331,0,708.0,2,5,0.504,1564.0,5.6,1483.0,10569.0,24,444.7,0.2847,0,2,1,2,2,1,42.0,1.003,0.039,-1.036,0.863,-1.461,1.215,-0.406,0.4,-0.912,0.457,-0.892,-1.663,-0.946,-0.341,1.02,0
62.0,676.0,7990.0,31.4,41.0,0,0.473,1,619.0,2,2,0.358,157.0,4.3,173.0,6309.0,48,129.1,0.191,1,0,0,3,1,1,227.0,0.326,0.332,0.296,2.053,0.2,1.358,-1.217,-1.358,1.424,1.059,1.804,0.78,1.603,-0.488,0.791,0
39.0,1164.0,14181.0,9.4,38.0,1,0.578,0,611.0,3,2,0.574,540.0,6.4,927.0,10240.0,36,290.1,0.2492,0,1,2,5,3,0,31.0,-0.532,0.83,0.015,-2.299,-1.709,0.211,1.803,0.174,0.376,1.556,0.547,-0.38,-0.375,1.46,0.095,0
20.0,751.0,8925.0,0.0,40.0,2,0.129,0,780.0,1,1,0.0,0.0,8.5,529.0,2807.0,60,46.0,0.0613,1,0,2,4,0,0,48.0,-2.071,-1.622,1.968,-0.423,0.742,-1.268,0.724,-1.222,1.192,0.327,-0.821,2.087,-0.326,0.221,-1.666,0
46.0,1512.0,18139.0,12.4,38.0,3,0.441,0,689.0,1,2,0.238,237.0,1.8,1185.0,10134.0,36,273.0,0.1806,1,0,0,2,0,0,145.0,0.532,0.437,1.342,-0.849,-1.68,0.171,-0.463,2.499,0.729,0.747,1.296,-0.319,0.448,-0.717,0.845,0
31.0,647.0,8129.0,1.1,42.0,5,0.671,1,586.0,2,2,0.509,348.0,6.5,966.0,1308.0,36,37.3,0.0577,1,1,0,2,0,1,17.0,-1.166,-0.094,0.237,-1.871,0.97,1.076,1.051,-0.59,0.456,-0.015,0.876,0.048,-1.833,1.024,0.467,0
23.0,1526.0,18461.0,0.5,28.0,1,0.687,3,405.0,1,1,0.784,589.0,3.9,1073.0,5079.0,24,207.8,0.1362,1,3,1,4,4,0,41.0,1.423,0.94,1.613,-1.314,0.02,2.074,0.514,-1.163,0.785,-1.163,1.055,-0.01,2.26,-0.212,-1.553,1
20.0,1828.0,23063.0,0.0,38.0,5,0.443,1,666.0,6,2,0.416,724.0,4.7,2547.0,11384.0,48,232.5,0.1272,1,3,3,3,2,1,160.0,-0.779,1.277,-0.355,-0.509,0.417,0.808,-0.349,0.765,-1.272,-0.087,-0.064,-1.211,-0.303,-0.024,-1.097,0
61.0,2752.0,32936.0,14.6,29.0,6,0.02,0,724.0,1,6,0.169,1265.0,1.6,5378.0,14300.0,12,1192.6,0.4334,0,0,1,1,3,0,145.0,-0.781,-0.565,2.484,-0.214,0.768,-1.004,0.655,-0.047,0.101,-0.902,1.346,0.012,0.009,1.177,-0.167,1
59.0,554.0,6726.0,13.5,36.0,4,0.214,0,701.0,2,1,0.236,37.0,7.8,475.0,4126.0,48,84.9,0.1532,0,2,3,2,1,0,62.0,-0.052,-0.002,0.94,1.582,-0.769,-0.3,-0.482,1.187,-1.29,1.379,-0.853,0.738,0.272,0.553,-0.904,0
25.0,1391.0,16369.0,2.6,51.0,1,0.597,2,534.0,4,2,0.668,757.0,2.2,1951.0,8592.0,36,242.1,0.174,1,3,2,2,1,0,40.0,-0.206,-1.554,-0.029,-0.241,0.197,-1.601,-0.11,1.263,-0.295,-0.706,0.961,-0.142,0.389,0.704,-0.083,0
26.0,1379.0,16665.0,3.2,32.0,2,0.546,1,602.0,2,3,0.428,431.0,4.9,1044.0,12770.0,24,533.4,0.3868,1,2,1,3,2,0,69.0,1.433,-0.581,-0.756,-0.208,-0.995,0.767,-1.372,-0.256,-0.718,0.608,-1.025,2.908,0.72,1.145,-0.822,1
66.0,1167.0,14401.0,20.5,32.0,3,0.423,2,559.0,4,3,0.575,935.0,6.2,1158.0,8749.0,24,359.6,0.3081,1,2,1,2,0,1,81.0,1.635,1.618,-0.574,-0.906,-0.613,0.444,0.805,0.572,0.318,-0.509,0.997,-0.219,-1.195,0.43,0.751,0
39.0,1014.0,12247.0,10.5,47.0,1,0.8,0,599.0,3,2,0.577,587.0,6.0,1065.0,9298.0,60,153.4,0.1513,1,2,1,3,1,0,123.0,0.656,0.232,0.592,1.394,0.243,0.534,0.453,0.172,-0.959,-0.922,-0.584,0.449,-0.805,-0.868,-0.476,0
20.0,1531.0,19574.0,0.0,51.0,7,0.421,0,658.0,1,5,0.335,1256.0,8.4,1134.0,6233.0,48,130.2,0.085,0,0,1,1,2,1,45.0,0.731,-0.152,0.278,-0.039,1.202,0.742,1.939,0.54,0.637,-0.912,-1.024,0.804,1.359,0.412,-0.34,0
47.0,1626.0,20652.0,17.4,35.0,1,0.331,1,635.0,2,3,0.167,273.0,1.7,901.0,10112.0,36,275.4,0.1694,0,1,0,3,2,0,11.0,-0.739,0.673,0.919,0.898,-0.483,0.617,-0.503,0.862,-1.248,-0.057,-0.05,-0.509,0.022,0.04,-0.819,0
48.0,1052.0,12967.0,21.6,43.0,1,0.094,0,809.0,1,0,0.494,0.0,6.3,633.0,2821.0,24,117.0,0.1112,0,0,0,3,3,0,74.0,-0.684,-1.608,-0.153,-0.21,-1.515,0.28,0.709,0.428,2.229,0.378,-0.455,0.826,-1.239,-0.71,-1.32,0
49.0,1638.0,18796.0,9.2,55.0,7,0.313,1,714.0,2,3,0.256,367.0,7.4,2133.0,12122.0,24,503.8,0.3076,0,0,0,5,1,1,79.0,-1.339,0.913,0.626,1.193,2.04,1.466,-1.313,0.14,-0.279,1.174,-1.07,0.402,-0.676,-0.334,-0.644,1
41.0,611.0,7797.0,3.0,42.0,5,0.653,2,581.0,3,4,0.514,381.0,1.1,811.0,6036.0,48,125.4,0.2052,1,1,0,2,2,0,47.0,1.442,-0.031,0.601,-0.719,-0.549,0.009,-0.349,-0.098,0.732,-0.705,0.583,1.074,-1.659,0.137,-0.3,0
29.0,1215.0,14206.0,4.1,28.0,3,0.27,1,652.0,3,2,0.156,191.0,2.8,631.0,6345.0,12,530.9,0.437,0,1,0,2,0,1,66.0,1.434,-1.12,-0.119,-0.028,0.437,2.007,-0.57,0.423,0.219,0.401,-0.023,1.744,1.014,-0.317,-0.339,0
42.0,1267.0,15835.0,19.3,43.0,0,0.615,0,680.0,1,3,0.707,943.0,6.4,1568.0,8860.0,60,142.5,0.1125,1,3,2,3,2,1,14.0,-0.448,1.22,1.051,-1.308,0.633,1.913,0.616,0.134,2.316,1.005,1.918,0.561,-0.33,-0.188,0.287,0
21.0,2038.0,26150.0,0.7,44.0,3,0.688,1,586.0,2,2,0.616,1136.0,2.9,457.0,10562.0,36,298.2,0.1463,0,0,0,3,1,1,40.0,-0.633,1.015,-1.521,0.074,-0.22,1.396,1.205,0.827,-2.494,-0.018,-0.273,-0.58,0.105,-0.004,1.271,1
20.0,623.0,7685.0,0.0,28.0,4,0.491,0,615.0,3,1,0.534,159.0,8.4,91.0,5216.0,48,105.0,0.1685,0,2,1,2,4,0,31.0,-0.56,-0.228,-1.468,0.472,1.21,-2.119,0.392,-0.725,-0.107,0.992,-0.948,-0.052,-0.827,-0.631,-1.105,0
47.0,998.0,11958.0,9.1,31.0,5,0.203,2,596.0,0,2,0.536,358.0,8.5,423.0,3511.0,60,57.8,0.0579,0,1,0,4,1,1,216.0,-1.775,1.846,0.415,1.112,0.59,-1.06,1.249,-1.108,0.737,0.614,1.56,0.74,0.031,-0.631,0.795,0
64.0,1133.0,13575.0,40.0,33.0,7,0.104,0,743.0,3,3,0.234,256.0,4.4,792.0,8402.0,24,341.4,0.3013,1,0,1,3,1,1,220.0,-0.491,-0.263,0.608,-0.557,1.252,-0.012,0.896,0.902,-0.044,1.873,1.961,0.145,0.839,1.782,2.915,0
56.0,901.0,10901.0,23.6,28.0,0,0.403,1,621.0,4,4,0.211,258.0,11.7,858.0,2845.0,12,241.6,0.2681,0,0,0,1,1,1,32.0,0.716,1.302,-0.091,-1.325,1.521,-1.02,0.899,-0.838,0.711,-2.152,0.274,-0.905,0.117,0.922,0.778,0
59.0,1454.0,17583.0,29.6,17.0,6,0.125,2,574.0,5,2,0.056,73.0,5.4,1363.0,2030.0,24,86.5,0.0595,0,0,1,3,0,0,46.0,-0.018,-2.631,-1.047,-0.977,0.188,0.613,-1.134,0.759,1.007,-0.008,1.916,-0.529,0.044,-0.423,-0.149,0
31.0,877.0,10991.0,5.6,36.0,6,0.847,1,530.0,3,4,0.543,536.0,11.9,608.0,3179.0,36,88.0,0.1003,1,3,3,2,1,1,73.0,-1.72,1.798,-2.334,1.335,-1.703,-0.516,0.069,-0.041,1.219,-1.872,0.13,0.741,0.319,0.287,-0.391,0
47.0,2699.0,32418.0,14.6,53.0,4,0.189,2,624.0,4,2,0.42,1047.0,9.1,2775.0,18565.0,36,527.5,0.1954,1,2,1,2,3,1,203.0,-0.866,0.653,0.577,0.178,0.437,-1.558,1.792,0.456,-0.148,2.249,-0.226,-0.463,-1.377,0.679,-0.372,0
43.0,1028.0,12368.0,2.5,39.0,0,0.247,2,683.0,2,3,0.281,299.0,6.5,459.0,2369.0,36,65.7,0.0639,0,1,0,1,1,1,182.0,2.33,-1.268,-0.808,-0.227,-0.134,-0.399,1.739,0.202,0.431,-1.015,0.819,0.49,0.037,-0.807,-0.245,0
20.0,3430.0,41783.0,0.0,45.0,7,0.103,3,582.0,3,2,0.022,74.0,6.5,2018.0,18692.0,12,1546.2,0.4508,1,0,0,3,1,0,7.0,0.799,0.805,-0.697,-0.433,-0.5,0.259,-1.281,-0.066,-0.136,0.393,0.61,-1.279,0.416,-2.657,-0.312,1
34.0,673.0,7849.0,5.4,39.0,6,0.431,0,657.0,2,3,0.295,282.0,8.4,363.0,6366.0,24,266.5,0.396,1,2,1,5,1,0,107.0,0.611,-0.141,0.832,0.908,-1.072,-0.368,-0.184,0.299,-0.779,-0.792,0.276,0.256,-0.957,0.504,-0.029,0
35.0,1485.0,17544.0,2.3,31.0,0,0.153,2,594.0,3,2,0.234,339.0,2.7,2633.0,1625.0,24,68.7,0.0463,0,3,1,5,0,1,16.0,-0.875,1.104,-0.539,0.35,-0.181,0.52,0.402,0.57,1.525,0.769,0.319,-0.649,-1.045,1.467,-1.104,0
68.0,1052.0,12435.0,24.5,44.0,0,0.216,1,574.0,3,2,0.252,229.0,7.9,557.0,3545.0,24,147.9,0.1406,1,2,1,3,1,1,30.0,0.171,1.464,-1.243,-0.938,1.271,-0.09,-0.266,-0.464,-0.487,0.17,-0.786,0.364,1.451,-0.574,1.002,0
33.0,1672.0,19741.0,9.0,29.0,3,0.637,0,704.0,2,1,0.33,194.0,22.6,727.0,10695.0,48,219.6,0.1313,0,2,0,5,2,0,152.0,0.559,0.04,-0.295,-1.121,0.324,-0.462,0.053,-0.689,0.265,0.559,-0.592,-1.252,0.541,0.215,-0.245,0
41.0,1172.0,13817.0,6.0,31.0,7,0.185,2,512.0,3,1,0.022,14.0,11.2,2670.0,9491.0,12,811.9,0.6927,0,3,2,2,2,0,94.0,2.189,-2.44,-0.959,-2.07,0.106,-0.934,1.689,-1.302,-0.372,-0.048,2.234,0.0,1.363,0.648,-0.678,1
49.0,720.0,9015.0,15.4,54.0,5,0.34,1,592.0,0,4,0.416,665.0,3.2,956.0,3921.0,36,111.8,0.1553,1,0,1,3,4,0,25.0,1.317,-0.318,0.444,1.253,0.36,0.604,0.672,0.485,-0.916,-0.229,0.577,-1.083,1.896,-0.842,-1.036,0
41.0,884.0,10574.0,5.6,40.0,7,0.365,2,541.0,4,2,0.378,365.0,13.4,4972.0,8670.0,12,712.4,0.8059,1,0,1,4,1,1,44.0,0.979,0.528,0.369,-0.339,-0.256,-1.791,-0.771,-2.04,-0.324,0.795,0.199,-0.895,-1.082,0.017,0.438,1
64.0,1736.0,21432.0,26.3,21.0,7,0.384,0,702.0,1,2,0.414,718.0,0.7,719.0,8852.0,24,364.3,0.2099,0,1,1,2,0,0,44.0,-0.845,0.327,2.283,-0.293,-0.859,1.347,-0.101,-0.422,-0.21,-1.476,0.587,0.799,1.026,0.132,-0.317,1
32.0,1597.0,19352.0,5.3,33.0,7,0.395,1,578.0,2,2,0.173,133.0,12.1,2721.0,12854.0,12,1068.0,0.6688,0,3,1,2,1,0,12.0,-0.423,0.781,-1.18,0.574,-0.258,1.732,-0.657,1.946,-0.239,-2.444,0.171,-1.011,0.112,0.282,-0.204,1
52.0,1533.0,18101.0,15.7,32.0,1,0.38,0,735.0,3,2,0.266,258.0,1.6,3460.0,9633.0,60,160.4,0.1046,0,1,1,2,1,1,48.0,-1.122,-2.49,0.552,-2.092,1.886,0.581,-0.356,-0.468,-1.071,-0.467,0.264,-0.55,-1.024,1.208,-0.256,0
46.0,2790.0,35663.0,5.2,50.0,1,0.311,0,662.0,2,0,0.237,0.0,2.4,1582.0,3009.0,24,126.9,0.0455,0,0,0,2,1,1,54.0,0.638,-0.149,-1.395,-0.801,-0.435,-0.633,-1.415,-2.327,2.215,0.256,-0.073,0.888,-0.132,-1.268,-0.062,0
75.0,651.0,7772.0,35.3,37.0,0,0.612,0,649.0,2,0,0.524,0.0,4.7,579.0,3552.0,48,73.1,0.1123,0,2,1,3,2,0,46.0,1.137,0.268,-0.008,0.655,0.956,0.742,-0.769,-0.663,-1.095,-2.129,-1.105,-1.294,-0.862,-2.551,0.632,0
26.0,1243.0,15586.0,2.3,49.0,4,0.237,0,697.0,2,1,0.215,139.0,7.2,1953.0,3700.0,12,302.5,0.2434,0,0,1,3,1,0,39.0,-1.109,-0.965,0.265,-1.944,-0.76,0.193,-1.094,1.174,2.008,0.474,0.422,0.151,0.573,1.777,2.422,0
20.0,1356.0,17267.0,0.0,31.0,3,0.513,0,686.0,2,4,0.32,615.0,3.8,412.0,12020.0,36,340.5,0.2511,0,0,3,3,1,1,23.0,-1.467,-0.2,1.632,-2.947,-0.177,0.613,0.22,-0.922,0.071,-0.785,2.653,0.367,0.712,-0.324,1.457,0
51.0,2952.0,35998.0,23.0,44.0,6,0.426,0,666.0,0,0,0.457,0.0,16.0,4793.0,16779.0,48,347.6,0.1178,0,1,1,3,3,0,74.0,0.724,-1.928,-0.198,-1.204,-0.681,-0.912,-0.733,0.651,0.33,-0.822,0.685,0.492,1.03,-1.733,1.079,0
46.0,2825.0,33623.0,15.3,41.0,1,0.485,2,582.0,1,0,0.38,0.0,4.9,3967.0,17483.0,36,493.5,0.1747,1,0,0,2,0,1,58.0,0.101,0.383,0.539,2.138,0.692,-0.177,-1.012,-0.715,2.697,-1.501,0.767,0.218,0.357,0.4,0.381,0
45.0,993.0,11835.0,8.9,42.0,1,0.397,1,671.0,4,2,0.21,168.0,1.8,813.0,4413.0,12,369.3,0.3719,1,3,0,3,0,1,30.0,0.487,1.309,-0.632,0.204,-0.339,1.665,2.017,-0.904,-2.099,-0.187,0.145,-0.63,1.651,-0.082,-0.207,1
34.0,1148.0,13108.0,8.9,40.0,2,0.121,2,633.0,4,0,0.0,0.0,23.5,548.0,5065.0,12,421.1,0.3668,0,0,0,2,1,1,40.0,0.408,1.448,-0.716,-0.067,-0.964,1.975,0.696,-0.216,1.463,-0.196,0.154,0.389,0.193,-1.442,-0.255,0
44.0,857.0,10128.0,3.8,38.0,7,0.035,0,687.0,2,3,0.0,0.0,2.0,459.0,2551.0,36,71.4,0.0833,0,0,2,5,0,0,29.0,0.453,1.064,-0.614,0.777,-0.248,-1.166,0.261,-2.22,-0.898,2.422,1.451,-1.737,-0.067,0.196,1.37,0
40.0,947.0,10759.0,9.9,43.0,4,0.284,0,712.0,2,5,0.288,394.0,5.5,268.0,5710.0,48,114.8,0.1212,0,0,1,2,0,0,62.0,-0.772,-1.346,-0.282,-0.178,-0.831,-1.019,1.514,0.703,-1.491,1.242,1.334,-0.184,-1.721,-0.293,0.019,0
32.0,1918.0,22539.0,4.6,38.0,3,0.601,1,611.0,2,3,0.876,1888.0,8.6,3835.0,8201.0,36,231.5,0.1207,0,0,0,3,4,0,17.0,-0.169,-0.292,1.509,-0.202,0.025,-0.557,-0.951,0.164,0.96,-0.116,0.942,-1.153,-0.572,0.413,-0.459,0
35.0,2168.0,26380.0,2.5,37.0,5,0.644,1,604.0,2,3,0.578,1780.0,3.1,1020.0,20540.0,48,418.8,0.1932,1,0,2,2,0,0,64.0,1.158,-1.13,1.083,1.074,0.733,-0.441,-0.563,0.334,1.325,-1.837,1.759,-0.733,-0.148,-0.959,0.856,0
35.0,1163.0,14782.0,4.7,46.0,1,0.086,2,615.0,1,2,0.153,192.0,10.1,1805.0,9847.0,60,162.7,0.1399,0,2,0,1,0,1,148.0,-0.147,0.64,0.861,0.113,-1.1,-0.14,-0.559,0.368,0.403,-0.4,-1.693,1.994,0.543,0.326,-0.3,0
42.0,1871.0,23373.0,13.3,30.0,6,0.405,1,605.0,3,2,0.252,504.0,6.8,5588.0,8192.0,48,177.8,0.095,1,3,1,4,0,1,25.0,0.319,-0.398,-0.421,1.606,1.62,0.545,2.478,-1.283,0.657,-1.792,-1.376,-0.721,1.534,-0.135,0.406,0
20.0,1176.0,14728.0,0.0,38.0,7,0.172,0,685.0,2,5,0.372,934.0,7.3,1310.0,3385.0,36,98.8,0.084,0,2,3,2,2,1,39.0,-1.028,-0.15,-0.413,-0.246,0.264,-0.011,0.676,-0.449,1.671,-0.565,-0.358,-0.383,2.036,0.336,-1.073,0
39.0,1237.0,14997.0,3.8,37.0,0,0.285,1,604.0,1,3,0.347,335.0,1.3,156.0,4656.0,60,77.3,0.0625,1,1,1,3,2,0,202.0,0.58,-1.537,-0.353,1.177,1.893,0.463,-0.684,0.402,-0.937,-0.267,0.512,0.731,1.217,-1.188,-0.554,1
48.0,2970.0,35214.0,15.3,49.0,2,0.193,0,723.0,2,2,0.095,209.0,13.0,2086.0,22600.0,24,953.4,0.321,1,1,1,2,1,1,98.0,1.697,-0.898,-0.732,0.745,1.123,-0.77,1.168,-0.48,1.578,-0.255,-1.498,-0.644,-1.183,0.201,-1.262,0
54.0,2106.0,24048.0,17.2,38.0,2,0.758,4,345.0,6,1,0.625,396.0,5.6,2672.0,18472.0,12,1559.1,0.7403,1,1,1,2,1,0,121.0,-0.147,0.534,1.312,0.678,0.92,-1.282,1.699,0.2,-0.038,1.992,-0.547,0.544,0.635,0.317,0.645,1
37.0,2460.0,28666.0,3.0,33.0,2,0.189,0,659.0,1,4,0.0,0.0,8.3,453.0,14742.0,24,622.4,0.253,0,2,1,3,2,1,82.0,1.324,1.276,0.335,0.67,0.118,-1.164,0.292,0.436,0.706,-0.231,1.279,0.9,-0.537,-0.154,0.015,0
39.0,2185.0,26547.0,3.3,28.0,3,0.132,0,685.0,0,2,0.35,705.0,5.0,1613.0,17726.0,48,361.2,0.1653,1,3,0,2,4,1,63.0,-0.514,0.283,-0.679,-1.21,1.323,-1.004,-0.534,0.043,1.655,-0.908,0.338,-0.595,-2.041,-0.959,-0.457,1
29.0,5717.0,67397.0,4.3,28.0,2,0.5,1,661.0,1,1,0.4,959.0,4.4,2279.0,23938.0,12,1975.1,0.3455,0,0,1,3,0,0,124.0,-0.346,0.531,0.066,-0.683,0.799,0.681,0.78,-0.037,0.431,0.284,2.067,0.266,-0.646,-1.128,2.01,1
33.0,722.0,8769.0,5.9,40.0,7,0.149,1,587.0,2,4,0.055,68.0,4.2,506.0,6423.0,48,132.5,0.1835,0,1,2,4,2,1,173.0,0.049,-0.53,0.875,-0.774,-1.821,0.454,-1.329,0.074,1.326,-0.476,0.847,-2.142,0.014,1.273,1.005,0
48.0,1152.0,13765.0,6.2,48.0,5,0.161,0,677.0,1,2,0.257,270.0,10.9,1498.0,4598.0,24,192.7,0.1673,1,0,1,3,0,1,97.0,-0.547,-1.711,-0.461,-1.088,0.887,0.599,-0.089,-0.026,-1.171,0.416,0.218,-1.632,0.166,0.126,-0.154,0
49.0,1438.0,16422.0,19.4,19.0,0,0.166,2,614.0,2,1,0.038,15.0,3.0,538.0,4638.0,48,98.1,0.0682,1,2,2,2,1,1,46.0,-0.27,-0.307,-0.686,-0.857,1.144,0.447,-1.286,0.293,-1.074,0.739,-0.826,-1.542,-0.084,-0.927,-1.349,0
40.0,1278.0,15905.0,9.2,37.0,1,0.133,0,693.0,1,2,0.22,227.0,11.5,1434.0,4806.0,36,133.0,0.1041,0,0,1,3,1,0,48.0,-0.723,1.857,0.656,0.862,-0.029,-0.876,-1.776,0.284,0.801,0.701,-0.061,-0.208,-0.219,-0.805,-0.349,0
46.0,2112.0,27431.0,18.7,40.0,6,0.223,0,682.0,1,2,0.01,18.0,2.6,870.0,5430.0,12,432.8,0.2049,0,2,1,2,0,1,51.0,-0.191,1.053,-1.271,-0.689,-1.804,1.226,-0.856,0.632,2.911,-0.816,-0.39,1.112,0.491,0.012,1.255,0
56.0,730.0,8831.0,25.1,35.0,6,0.353,1,635.0,0,1,0.27,107.0,4.1,1632.0,4094.0,60,67.3,0.0922,0,3,1,2,0,0,166.0,0.333,1.504,0.15,0.675,-0.025,0.59,-0.387,1.169,-0.506,-1.107,1.832,1.043,0.298,-1.2,-1.423,0
42.0,1872.0,22194.0,8.9,39.0,6,0.347,0,714.0,0,2,0.276,566.0,17.1,1887.0,2000.0,48,42.8,0.0229,1,0,1,2,0,1,41.0,1.079,-0.571,0.988,1.691,0.62,-2.169,3.209,1.136,1.243,0.939,0.402,1.26,0.487,-0.954,-0.582,0
58.0,676.0,8154.0,23.0,51.0,0,0.197,0,677.0,3,1,0.068,18.0,8.3,349.0,3922.0,36,109.2,0.1615,0,0,0,2,2,0,83.0,0.247,1.185,0.227,0.683,-1.459,-1.009,-0.866,0.158,-1.744,0.641,0.754,-0.233,1.222,1.196,-0.785,0
34.0,2051.0,24680.0,4.6,23.0,7,0.093,2,534.0,1,2,0.099,121.0,2.2,599.0,18338.0,48,372.0,0.1814,0,1,1,3,1,0,51.0,0.304,1.349,-0.43,1.626,-0.89,1.87,-0.326,-0.432,1.258,0.778,-0.175,-0.311,0.03,0.197,-0.738,0
38.0,1774.0,20839.0,8.5,23.0,7,0.331,1,598.0,3,2,0.203,272.0,4.2,2227.0,12261.0,36,342.9,0.1933,0,1,1,5,0,0,146.0,0.614,-0.226,0.101,-0.999,-0.69,0.097,-0.831,0.306,0.537,-1.661,0.056,-0.576,-1.532,0.707,-1.613,0
