edad,ingreso_mensual_usd,ingreso_anual_usd,antiguedad_laboral_anios,horas_trabajo_semana,sector_empleo,deuda_sobre_ingreso,atrasos_previos,score_buro,consultas_buro_6m,cantidad_tarjetas,utilizacion_tarjetas,saldo_tarjetas_usd,antiguedad_cuenta_anios,saldo_promedio_cuenta_usd,monto_credito_usd,plazo_meses,cuota_mensual_usd,cuota_sobre_ingreso,tiene_garantia,zona,estado_civil,nivel_educativo,dependientes,vivienda_propia,meses_residencia,indicador_01,indicador_02,indicador_03,indicador_04,indicador_05,indicador_06,indicador_07,indicador_08,indicador_09,indicador_10,indicador_11,indicador_12,indicador_13,indicador_14,indicador_15,incumple
46.0,607.0,7072.0,15.4,38.0,3,0.356,1,612.0,2,2,0.207,103.0,19.9,820.0,5920.0,24,245.9,0.4051,0,0,0,3,1,1,13.0,-1.587,-0.536,0.79,1.168,-1.413,0.452,-0.246,-0.655,-0.464,-1.016,2.197,0.736,-0.249,0.244,-0.867,0
50.0,1040.0,12372.0,18.6,31.0,1,0.347,0,665.0,2,1,0.398,175.0,14.7,1251.0,7844.0,60,127.4,0.1225,0,0,0,3,1,1,110.0,-0.16,1.117,0.521,2.058,0.838,0.011,-0.433,1.683,-0.352,0.075,1.005,-1.324,0.099,-0.502,-0.249,0
42.0,440.0,5177.0,14.7,44.0,3,0.475,1,644.0,0,3,0.452,185.0,7.8,421.0,2710.0,60,45.9,0.1043,0,3,1,4,2,0,67.0,1.134,0.594,0.994,-0.408,-1.277,1.744,0.506,0.925,-0.893,-0.296,0.843,1.895,-2.088,0.819,-0.445,0
52.0,2022.0,23357.0,6.1,36.0,2,0.134,0,728.0,0,3,0.259,459.0,4.2,4601.0,7155.0,24,305.3,0.151,1,0,0,2,2,0,24.0,-1.732,-0.346,-0.363,0.309,1.33,0.338,1.681,0.879,-0.457,0.376,-1.089,-1.258,0.724,0.486,-0.595,0
38.0,740.0,8956.0,10.3,43.0,7,0.176,0,713.0,2,2,0.136,99.0,4.5,349.0,5956.0,60,98.9,0.1336,0,2,0,5,0,0,60.0,0.537,0.029,-1.29,2.079,-2.154,-0.915,0.521,-0.386,0.718,0.328,-0.16,-0.326,-0.9,2.349,1.173,0
33.0,1168.0,13799.0,5.0,37.0,7,0.385,0,671.0,0,3,0.252,476.0,4.2,363.0,10262.0,36,287.8,0.2464,1,0,2,2,0,1,127.0,0.67,0.93,-1.175,1.537,-0.694,1.558,-0.835,1.295,-0.134,0.375,2.306,-0.149,0.164,0.23,-1.228,0
57.0,3148.0,37834.0,12.3,48.0,7,0.393,0,624.0,1,3,0.278,1182.0,4.4,6035.0,6574.0,36,183.8,0.0584,0,2,1,3,1,0,100.0,-1.714,-0.821,1.201,-1.417,-1.219,-0.487,-0.322,0.14,0.356,1.353,1.131,-2.324,-0.54,1.141,-0.624,0
32.0,1439.0,16514.0,8.0,36.0,6,0.165,0,676.0,0,4,0.133,428.0,11.3,612.0,1848.0,24,75.2,0.0523,0,2,0,2,1,1,400.0,0.098,0.146,0.204,-0.537,0.401,-0.231,0.76,-0.564,-1.159,1.345,0.132,0.836,-0.097,-0.437,1.252,0
48.0,1402.0,16855.0,6.4,37.0,3,0.661,1,541.0,0,3,0.574,879.0,2.4,661.0,11793.0,24,477.4,0.3405,0,0,1,2,1,0,17.0,0.277,-0.634,1.772,-0.565,-0.931,0.093,-0.729,-0.145,-0.488,-0.594,1.116,-0.546,-0.149,-0.534,0.691,1
52.0,1736.0,20072.0,16.8,42.0,0,0.209,1,650.0,0,2,0.294,299.0,2.3,559.0,5227.0,12,440.1,0.2535,0,0,0,5,0,0,34.0,-2.3,-0.277,-0.718,-0.451,0.592,0.291,-2.829,0.89,2.383,-0.523,0.381,-2.821,-0.127,0.291,0.015,0
34.0,4680.0,55591.0,11.9,37.0,5,0.224,1,638.0,1,1,0.301,623.0,12.6,1380.0,29776.0,24,1234.4,0.2638,1,0,0,3,3,0,107.0,-0.238,-0.663,0.205,0.882,-0.504,-0.821,0.075,-1.086,1.32,-1.138,-0.643,-1.208,0.427,0.255,1.062,0
59.0,345.0,4273.0,6.5,41.0,0,0.438,0,662.0,1,1,0.508,80.0,3.9,188.0,1492.0,36,40.7,0.118,0,0,0,4,0,0,142.0,-1.226,0.147,-0.579,0.235,-0.157,0.135,0.215,-0.051,-1.822,0.285,0.614,-0.689,0.252,0.692,-0.404,0
32.0,2224.0,27622.0,8.3,49.0,4,0.37,1,624.0,1,1,0.271,201.0,0.9,2444.0,7429.0,12,621.5,0.2795,1,2,0,4,0,0,17.0,-0.011,0.027,1.931,0.389,-0.442,0.904,-0.814,0.637,-1.4,-0.449,2.627,-0.595,2.684,-0.153,0.287,0
31.0,1976.0,23794.0,4.2,36.0,5,0.224,2,601.0,3,1,0.073,73.0,11.3,1453.0,15368.0,48,307.1,0.1554,1,1,0,3,2,0,54.0,1.544,-0.054,-0.152,-1.566,1.054,0.512,-1.693,0.401,-0.188,0.4,-0.804,-1.477,-0.896,0.908,0.052,0
34.0,5026.0,60726.0,10.6,40.0,2,0.173,0,634.0,0,3,0.237,1453.0,4.7,5461.0,20168.0,36,550.1,0.1095,1,1,1,3,3,0,107.0,1.024,1.049,-0.077,0.298,-0.589,1.933,0.442,-0.839,-0.272,0.327,-0.238,-0.657,0.422,0.571,-0.934,0
45.0,978.0,12136.0,11.0,34.0,1,0.556,0,718.0,2,3,0.273,417.0,10.0,447.0,8991.0,24,372.9,0.3813,0,0,2,3,1,0,178.0,-0.313,2.042,1.961,-0.867,1.507,1.46,2.17,0.668,1.742,0.182,-0.848,-0.308,-0.16,-0.946,-1.096,0
41.0,4133.0,49468.0,9.3,38.0,4,0.07,1,686.0,0,3,0.076,271.0,5.9,5929.0,7895.0,60,135.0,0.0327,1,0,0,3,0,0,68.0,-1.062,1.643,-1.158,0.084,-1.038,1.236,1.661,0.45,-0.027,0.299,0.468,0.269,-0.577,-0.149,-0.236,0
21.0,1023.0,12643.0,0.3,37.0,5,0.852,2,459.0,2,6,0.564,1929.0,13.2,1348.0,7883.0,12,645.3,0.6308,0,1,0,5,0,0,313.0,0.68,-1.061,-0.069,0.15,-0.138,-2.534,-1.306,-1.342,-1.154,-0.68,-1.189,0.337,-0.659,0.343,-0.16,1
44.0,1079.0,13240.0,9.2,58.0,6,0.575,3,568.0,4,1,0.38,228.0,7.4,935.0,3209.0,24,129.1,0.1196,0,2,1,2,0,1,121.0,0.054,-0.193,1.179,1.439,0.591,0.66,1.733,0.932,2.194,-1.644,-0.302,0.325,0.066,-1.321,-0.752,0
47.0,975.0,11158.0,6.1,45.0,1,0.87,3,422.0,3,3,0.815,629.0,7.5,2464.0,4896.0,36,134.6,0.1381,0,1,0,5,1,0,106.0,0.144,0.401,1.232,-1.299,-0.123,-0.16,-0.945,-0.929,-0.057,-0.426,0.209,0.701,0.318,0.924,1.078,1
28.0,1175.0,14824.0,3.8,35.0,5,0.326,1,687.0,4,0,0.207,0.0,1.4,1795.0,7762.0,36,211.2,0.1797,0,0,1,3,0,1,28.0,1.514,0.322,0.3,-0.297,-0.713,0.708,-0.666,1.312,-0.093,-0.99,0.648,-0.933,-0.096,-0.789,-1.189,0
35.0,1983.0,23804.0,1.7,49.0,3,0.482,2,586.0,3,3,0.42,765.0,2.3,3723.0,5282.0,12,455.2,0.2296,1,0,0,3,0,0,160.0,-0.231,0.851,-0.053,0.527,-0.362,-0.774,0.32,-0.269,-0.069,-1.175,1.038,-0.569,0.167,-0.685,-1.083,0
53.0,1091.0,12968.0,13.1,43.0,2,0.259,1,688.0,5,1,0.238,67.0,0.9,516.0,5434.0,60,92.7,0.085,0,2,0,4,1,1,136.0,1.054,0.774,-1.138,0.764,0.406,1.968,0.946,-1.541,0.68,1.406,-0.787,-2.325,-0.925,0.329,-0.258,0
44.0,1855.0,22797.0,9.9,33.0,2,0.606,1,587.0,0,2,0.387,438.0,8.0,1090.0,11835.0,24,490.6,0.2645,1,0,1,2,0,0,71.0,0.082,0.113,0.188,-1.531,0.584,-0.548,-0.062,1.22,-0.827,-0.709,-1.083,-0.313,-0.044,-1.7,0.391,0
41.0,1645.0,19419.0,11.7,57.0,7,0.338,2,585.0,0,2,0.128,111.0,0.4,2121.0,9657.0,36,267.8,0.1628,0,1,0,2,0,1,164.0,-1.071,-0.382,0.602,-1.211,1.169,2.111,0.74,-0.915,0.444,1.108,-1.981,-1.1,0.624,1.463,-0.815,1
67.0,961.0,11231.0,11.1,44.0,3,0.152,2,595.0,1,2,0.18,137.0,5.3,1466.0,4726.0,48,99.9,0.104,0,0,0,2,1,1,46.0,-0.736,0.124,-1.323,0.291,-0.343,-0.566,-1.323,0.848,0.176,-1.112,2.062,0.007,-0.929,-0.723,-0.492,0
37.0,1775.0,20862.0,8.1,40.0,7,0.059,0,772.0,1,2,0.041,41.0,16.4,1960.0,12949.0,48,271.1,0.1527,0,1,2,2,0,1,91.0,-0.49,0.52,1.867,-0.402,-0.215,0.778,0.564,0.15,-0.521,0.426,-0.418,-1.862,0.352,0.433,1.165,0
40.0,1177.0,14123.0,11.3,39.0,3,0.664,3,512.0,1,2,0.635,367.0,10.6,2025.0,8861.0,36,246.7,0.2096,0,0,1,3,0,0,29.0,-1.001,-0.691,-0.887,0.474,0.357,-0.144,0.74,-0.186,-0.215,-0.254,-0.986,-0.552,1.034,-0.377,0.264,0
29.0,879.0,10523.0,2.7,28.0,5,0.543,1,579.0,1,2,0.215,101.0,14.1,686.0,1880.0,12,160.2,0.1823,1,1,0,2,1,0,91.0,-0.434,-1.594,-0.941,0.631,-1.075,-0.081,-0.131,-0.57,-0.273,0.417,0.166,-0.804,-0.86,0.024,-1.405,0
50.0,1259.0,14966.0,16.2,49.0,5,0.56,3,508.0,3,2,0.651,829.0,11.3,1031.0,5664.0,36,150.2,0.1193,1,0,2,4,0,1,170.0,-1.447,-0.139,-0.31,-0.808,-0.508,0.957,-0.199,1.73,1.485,0.891,-0.545,-0.074,0.89,0.024,1.425,0
65.0,1615.0,18875.0,17.6,34.0,0,0.111,0,668.0,0,2,0.218,218.0,1.9,1147.0,2577.0,24,107.1,0.0663,1,2,2,2,4,1,165.0,0.922,0.153,-1.724,-1.158,0.583,-0.986,0.217,1.058,-0.599,-0.869,-1.219,-0.865,0.043,0.527,-0.442,0
44.0,1318.0,16078.0,8.6,35.0,6,0.697,2,476.0,2,6,0.672,2620.0,3.1,1173.0,3806.0,12,320.5,0.2432,0,1,1,1,0,0,49.0,-0.444,0.212,1.367,-1.245,0.285,-0.012,0.466,0.263,1.128,1.777,0.147,-1.245,1.004,-0.569,1.483,0
43.0,1762.0,20718.0,5.1,37.0,6,0.297,0,674.0,1,0,0.464,0.0,2.8,524.0,14030.0,36,376.4,0.2136,1,2,0,3,2,0,321.0,-0.559,-0.281,-0.22,0.383,1.175,-0.795,1.705,-0.794,-0.575,-0.03,1.473,-0.792,-0.413,1.281,-0.439,0
37.0,1208.0,13790.0,4.1,40.0,1,0.278,0,626.0,0,1,0.234,111.0,2.5,1865.0,4546.0,24,189.6,0.157,1,2,1,2,1,0,160.0,-0.967,-0.086,1.207,-1.894,-0.2,-1.021,-1.218,1.542,0.052,0.284,-0.501,0.472,0.03,-0.512,0.082,0
46.0,1067.0,12587.0,1.7,46.0,5,0.278,1,617.0,3,1,0.124,48.0,7.7,307.0,6010.0,24,252.3,0.2365,0,3,1,2,3,0,163.0,-1.743,0.171,0.608,0.848,-0.066,0.276,-1.387,-0.741,0.231,0.308,-1.308,-0.167,-1.156,-0.293,-1.2,1
41.0,2670.0,33071.0,14.3,48.0,2,0.348,1,665.0,4,1,0.218,268.0,9.3,2031.0,8649.0,12,735.3,0.2754,0,0,0,2,0,0,288.0,-1.234,-0.709,1.241,-1.469,1.188,-0.49,-1.029,-0.176,-0.599,0.266,0.717,-1.227,-1.383,0.361,0.154,0
53.0,1181.0,13743.0,17.8,51.0,7,0.249,0,691.0,3,0,0.33,0.0,1.8,1387.0,10612.0,48,221.4,0.1875,0,3,1,3,0,0,64.0,1.547,0.851,-0.315,0.215,0.665,0.883,-0.565,0.888,-0.895,0.654,0.859,-1.403,-0.716,-0.139,0.965,0
38.0,1470.0,17004.0,9.7,61.0,1,0.256,2,619.0,3,1,0.124,65.0,17.7,655.0,14304.0,60,239.8,0.1631,0,0,0,3,1,0,104.0,-0.828,1.237,1.395,0.367,1.239,1.827,-2.73,-1.307,-1.309,1.098,-0.921,0.302,-0.041,-1.419,0.36,0
34.0,2149.0,24675.0,8.7,31.0,5,0.457,3,537.0,5,0,0.278,0.0,2.1,1823.0,8454.0,48,176.2,0.082,1,0,0,1,0,0,41.0,-1.001,-0.985,-0.552,0.364,0.613,-0.386,-1.059,0.541,-0.271,0.026,-0.668,0.939,2.103,-0.674,2.394,0
32.0,650.0,7796.0,2.8,41.0,4,0.219,1,665.0,1,3,0.238,151.0,6.1,331.0,6089.0,48,124.4,0.1914,0,0,1,3,1,1,35.0,0.438,-0.543,-0.351,-0.195,-0.705,-1.323,-0.99,-0.881,0.095,0.362,0.195,0.586,0.133,0.833,1.195,0
44.0,592.0,7083.0,7.7,15.0,1,0.263,1,669.0,6,2,0.113,41.0,2.6,727.0,3011.0,36,83.9,0.1417,1,1,0,2,0,0,109.0,-0.545,1.882,-0.525,0.11,-0.662,-0.4,-1.26,-0.488,-0.793,-0.553,-0.504,1.71,-0.103,1.753,-0.568,0
34.0,1281.0,15312.0,7.3,41.0,7,0.526,1,619.0,1,2,0.51,640.0,16.0,399.0,3032.0,60,50.1,0.0391,1,2,1,2,0,0,22.0,-0.6,-1.04,0.439,-1.802,1.952,-0.494,-1.79,0.157,0.498,-0.526,-0.314,1.424,0.567,-0.905,-0.488,0
45.0,2735.0,33430.0,5.7,46.0,5,0.32,0,596.0,3,0,0.306,0.0,7.8,2335.0,26619.0,12,2264.0,0.8278,1,2,0,4,2,1,35.0,0.817,-0.407,0.263,0.085,0.447,0.545,0.88,-0.221,-0.449,-0.842,1.733,-0.105,1.017,-3.138,-0.001,0
42.0,3722.0,43477.0,4.3,42.0,5,0.132,0,694.0,5,1,0.017,28.0,7.4,3310.0,13976.0,12,1132.2,0.3042,0,2,1,2,1,0,154.0,-0.289,1.227,0.586,-0.315,-2.081,1.148,0.443,-1.06,0.08,0.356,-0.16,0.903,1.273,0.283,1.105,0
48.0,1251.0,14414.0,11.7,54.0,3,0.126,2,696.0,3,1,0.023,13.0,5.6,703.0,1826.0,24,74.4,0.0595,1,0,1,3,1,0,42.0,-1.033,1.395,0.753,-0.254,-0.705,0.086,-0.741,0.695,0.5,-0.516,0.011,0.542,-1.217,-1.011,-0.213,0
56.0,2669.0,31292.0,16.6,40.0,7,0.455,0,615.0,3,3,0.326,856.0,1.4,2526.0,10169.0,24,415.5,0.1557,0,0,1,5,0,1,20.0,-0.807,0.237,-0.833,1.488,0.118,-1.188,-1.77,-0.296,-0.444,-1.562,0.316,-1.592,0.198,-0.968,1.059,0
33.0,432.0,5345.0,8.3,29.0,4,0.475,0,570.0,2,1,0.421,50.0,8.8,169.0,3452.0,24,143.3,0.3317,1,0,1,1,0,1,34.0,0.169,-0.795,-0.357,0.071,0.476,0.319,0.131,0.407,0.349,0.299,-2.379,1.328,0.25,-0.14,-0.446,0
48.0,1653.0,20296.0,24.2,36.0,4,0.229,0,623.0,0,1,0.201,117.0,3.4,679.0,2826.0,36,77.7,0.047,1,1,0,1,1,1,28.0,1.926,1.223,0.022,2.444,0.841,-0.322,0.689,0.575,1.059,0.309,-0.217,0.006,-0.312,-0.997,0.118,0
41.0,1772.0,20630.0,9.8,57.0,3,0.17,0,681.0,1,1,0.299,240.0,8.7,568.0,5451.0,24,226.2,0.1277,0,3,1,3,0,1,56.0,0.373,1.289,0.473,0.51,0.433,-0.231,0.351,-0.145,0.62,0.939,0.271,0.937,-0.26,1.153,-0.214,0
34.0,2722.0,32468.0,1.9,39.0,4,0.603,0,650.0,1,3,0.546,2144.0,6.6,2228.0,11455.0,24,487.0,0.1789,0,1,1,4,1,0,35.0,-0.852,0.164,-0.004,0.393,0.104,0.703,0.998,0.84,0.862,-2.17,-0.505,2.217,-1.21,-1.228,0.601,0
31.0,1091.0,13043.0,2.6,42.0,3,0.624,0,679.0,3,2,0.351,337.0,5.7,105.0,3264.0,48,69.0,0.0632,0,1,2,3,1,0,142.0,0.397,-1.114,0.137,1.117,-1.91,-0.933,-0.911,1.102,-1.473,-1.313,-0.504,-0.429,-0.487,-0.632,1.093,0
30.0,1625.0,19244.0,2.2,24.0,1,0.573,1,577.0,0,3,0.471,823.0,5.6,757.0,5591.0,12,469.6,0.289,0,0,1,1,0,0,187.0,-1.018,-0.703,-1.194,0.346,0.91,-0.065,-0.157,-0.518,0.927,-2.39,0.043,-0.15,-0.465,0.812,-1.394,0
38.0,1222.0,14551.0,6.4,34.0,0,0.535,0,714.0,2,2,0.526,568.0,5.0,366.0,3599.0,24,147.1,0.1204,0,0,2,2,2,0,88.0,0.508,1.156,0.01,-0.381,0.456,0.393,-0.581,0.263,0.265,0.486,-0.844,0.47,-0.666,1.191,-0.068,0
53.0,1214.0,13976.0,13.1,59.0,7,0.489,0,680.0,2,1,0.454,260.0,4.1,656.0,7348.0,24,303.6,0.2501,1,1,3,5,1,1,69.0,-0.877,-0.31,-0.45,0.526,0.126,2.53,1.532,-1.109,-0.309,0.773,-0.22,0.617,-1.086,-0.34,-1.726,0
48.0,1650.0,18716.0,12.1,59.0,5,0.263,0,701.0,1,1,0.105,65.0,1.1,2612.0,13326.0,36,377.3,0.2287,0,2,1,2,2,0,74.0,0.139,-1.542,-1.432,-0.31,1.159,0.8,0.429,1.142,-0.354,0.287,-1.369,-0.509,0.847,1.637,1.377,0
69.0,1104.0,12772.0,20.6,36.0,7,0.242,0,699.0,4,0,0.496,0.0,5.1,981.0,5626.0,48,116.3,0.1053,1,1,0,2,1,0,177.0,0.004,2.008,0.954,0.229,-1.114,0.331,1.017,-0.219,0.346,-0.715,-1.463,1.185,0.47,0.773,0.068,0
20.0,4667.0,55021.0,0.0,37.0,4,0.695,2,496.0,3,2,0.438,1011.0,8.8,1952.0,30854.0,12,2645.1,0.5668,1,2,1,5,0,0,28.0,-0.735,-1.337,0.41,0.428,1.555,0.845,0.956,-0.484,0.66,-0.341,1.261,0.332,-0.792,-1.566,0.095,1
71.0,2953.0,34677.0,35.3,53.0,0,0.414,1,643.0,3,1,0.421,657.0,14.9,1245.0,18693.0,36,495.2,0.1677,1,1,0,3,0,0,16.0,-0.048,0.898,-0.167,-0.145,0.014,0.161,0.522,-0.894,-0.674,0.201,-1.184,0.268,0.462,0.31,1.731,1
46.0,5452.0,69692.0,13.6,42.0,7,0.337,0,707.0,2,2,0.197,785.0,5.8,6539.0,42002.0,24,1702.6,0.3123,1,0,1,3,2,0,105.0,0.635,-0.726,1.113,0.119,0.249,-0.361,0.633,0.39,0.945,-0.612,-0.456,0.868,1.876,-1.955,1.05,1
40.0,952.0,11532.0,3.8,50.0,5,0.135,2,613.0,2,0,0.018,0.0,1.9,2005.0,3005.0,48,63.2,0.0664,0,2,1,4,0,0,125.0,0.762,0.776,0.752,-0.043,0.943,0.556,1.342,0.805,-0.314,0.306,-1.845,-0.4,-1.832,-0.454,-1.002,1
44.0,694.0,8149.0,17.2,30.0,7,0.428,0,647.0,2,4,0.325,449.0,6.3,538.0,3107.0,36,87.9,0.1267,0,1,1,2,1,1,58.0,1.71,0.548,-0.44,0.173,-2.599,1.665,-0.414,-2.581,-0.485,0.375,0.011,-0.297,-0.263,-1.244,0.277,0
33.0,1322.0,16330.0,7.8,53.0,4,0.51,3,542.0,8,2,0.656,584.0,12.1,838.0,11592.0,48,242.7,0.1836,0,0,0,2,1,0,50.0,-0.587,-0.888,-0.216,-0.959,0.662,-0.165,0.59,1.059,0.592,1.03,-0.938,-0.612,0.703,-0.844,0.487,1
27.0,990.0,11940.0,2.6,47.0,5,0.372,0,735.0,2,1,0.65,274.0,1.7,264.0,2668.0,24,114.0,0.1152,0,3,2,4,0,1,51.0,0.909,-1.216,0.028,-1.043,-1.045,1.098,0.033,-0.904,1.49,0.75,0.306,-1.489,1.702,-1.045,0.681,0
32.0,1679.0,19618.0,4.1,45.0,2,0.192,0,661.0,0,1,0.344,141.0,9.2,648.0,9027.0,24,372.7,0.222,1,0,3,3,1,1,114.0,-0.079,1.25,-0.738,1.223,1.718,0.201,-1.464,-0.735,0.835,0.536,-0.684,-0.359,0.692,0.783,0.141,0
60.0,1457.0,17653.0,8.7,51.0,5,0.159,2,613.0,2,1,0.172,108.0,2.8,764.0,8085.0,24,332.6,0.2283,1,2,0,2,1,1,136.0,-2.801,-1.509,-0.405,-2.185,-1.273,-0.61,-0.361,1.117,-0.11,-0.973,-0.739,1.2,0.936,0.824,1.376,0
40.0,2357.0,28862.0,9.0,52.0,2,0.443,1,625.0,1,3,0.429,1026.0,4.9,604.0,22931.0,36,650.0,0.2758,1,1,0,1,1,1,222.0,-0.822,-0.305,1.334,0.949,-2.167,-1.394,-1.012,-1.685,-1.156,0.234,-0.531,0.794,-0.691,-1.033,-0.15,0
47.0,2026.0,24357.0,12.9,44.0,6,0.439,1,516.0,3,3,0.228,657.0,20.5,1125.0,20148.0,12,1687.3,0.8328,0,0,1,4,2,1,80.0,1.208,1.144,-0.105,0.071,0.96,0.154,-0.136,0.943,0.105,-0.138,0.614,-0.311,0.327,-0.135,1.517,1
20.0,1986.0,23486.0,0.0,46.0,6,0.869,1,472.0,2,5,0.763,2478.0,8.5,957.0,17091.0,12,1410.6,0.7103,0,2,0,2,5,1,116.0,-1.66,0.175,-0.488,0.673,0.484,-0.368,0.533,1.299,0.222,0.346,-2.027,0.003,0.849,0.485,0.092,1
45.0,2238.0,25794.0,11.1,34.0,4,0.22,0,749.0,0,3,0.117,252.0,6.0,1131.0,6884.0,24,284.9,0.1273,1,0,0,4,1,0,15.0,0.097,0.326,0.9,0.997,0.28,-0.543,0.932,1.568,-1.164,1.963,-0.983,1.338,-0.502,2.156,0.148,0
37.0,2244.0,27091.0,7.1,34.0,7,0.28,1,657.0,1,3,0.202,641.0,12.6,1651.0,6488.0,60,108.3,0.0483,0,0,0,3,0,0,87.0,-0.685,-0.259,-0.261,0.514,-0.837,-0.768,-2.466,-0.942,-0.788,0.367,1.622,-0.798,0.493,0.007,-0.14,0
28.0,1039.0,13192.0,2.3,44.0,7,0.74,1,618.0,1,1,0.612,191.0,2.8,854.0,5087.0,60,84.0,0.0808,0,2,2,2,2,1,73.0,1.0,0.106,0.557,-1.099,0.119,0.056,0.343,-0.249,0.108,-0.335,0.392,0.789,0.462,0.348,0.264,0
58.0,1314.0,16259.0,23.0,30.0,1,0.61,1,538.0,0,4,0.598,1297.0,0.7,765.0,9117.0,60,149.6,0.1139,0,3,1,3,3,0,118.0,-0.775,-0.981,-0.492,1.144,-0.815,-1.16,0.501,-0.173,0.511,1.832,-0.299,1.039,0.454,-1.594,-0.545,1
39.0,942.0,11459.0,7.3,41.0,1,0.632,0,626.0,2,3,0.579,665.0,7.9,1832.0,2696.0,24,113.1,0.1201,0,1,2,2,1,1,110.0,1.453,-0.033,-0.543,-1.115,2.62,-2.08,0.735,0.56,-1.511,-0.136,0.446,0.2,1.873,0.327,0.348,0
35.0,1432.0,17068.0,12.7,34.0,5,0.08,1,703.0,1,2,0.213,331.0,2.7,678.0,13284.0,36,357.3,0.2495,1,0,1,2,2,1,28.0,-0.589,0.529,-1.241,-0.554,1.743,-1.269,-1.383,1.384,0.482,0.069,0.34,0.594,0.826,0.17,0.121,0
49.0,3293.0,40825.0,7.9,50.0,7,0.202,0,647.0,2,3,0.0,0.0,3.9,1867.0,15684.0,12,1359.4,0.4128,1,3,1,2,2,0,233.0,1.466,0.77,-0.214,-0.7,1.17,1.16,0.857,0.216,-0.757,0.528,-0.407,1.665,2.431,1.019,-0.324,0
38.0,1581.0,18577.0,4.5,34.0,6,0.701,2,484.0,1,0,0.634,0.0,3.7,819.0,1796.0,36,50.1,0.0317,0,1,0,4,2,0,93.0,0.162,-2.031,-0.5,1.181,-0.485,1.916,0.822,-0.494,0.265,-1.07,2.023,-1.867,1.195,1.383,-2.211,1
53.0,1597.0,18014.0,20.3,56.0,2,0.448,2,471.0,3,2,0.481,576.0,17.8,316.0,13771.0,48,295.2,0.1848,0,1,0,3,1,1,189.0,1.392,2.517,0.757,-0.471,-0.38,0.771,-0.777,1.618,-0.378,1.598,-0.082,-0.262,-1.36,1.412,0.293,0
34.0,1297.0,15000.0,0.3,58.0,5,0.28,1,636.0,1,2,0.28,335.0,4.6,808.0,8216.0,48,167.1,0.1288,0,0,1,1,1,1,223.0,-1.036,-0.376,-1.259,0.509,0.802,-0.401,-0.611,0.926,0.127,-0.531,-0.613,0.026,-0.621,0.667,1.884,0
49.0,1594.0,19507.0,12.5,49.0,7,0.257,0,722.0,2,1,0.242,175.0,4.9,2911.0,7737.0,36,220.3,0.1382,0,2,0,3,1,0,124.0,-0.338,-0.108,-0.096,0.908,1.173,0.618,-0.957,1.007,0.243,-0.247,0.16,0.901,1.937,0.144,-0.961,0
41.0,966.0,12489.0,5.9,44.0,6,0.145,0,724.0,2,1,0.078,33.0,10.0,2265.0,6713.0,36,190.5,0.1972,1,1,1,4,0,0,111.0,1.395,-0.136,-0.458,0.928,0.735,0.933,0.061,-0.344,-2.282,-1.14,0.853,-1.42,0.363,1.011,-0.553,0
41.0,2311.0,27062.0,16.5,32.0,2,0.062,0,732.0,2,2,0.041,61.0,2.2,1810.0,11890.0,48,247.3,0.107,0,2,1,2,3,1,106.0,-0.885,1.168,-0.635,1.498,1.435,0.17,-0.146,0.655,1.213,-1.901,0.022,1.238,0.741,-0.601,0.556,0
45.0,947.0,11930.0,11.7,35.0,5,0.233,0,693.0,2,4,0.296,318.0,13.3,533.0,6815.0,36,190.8,0.2015,0,0,2,4,0,0,19.0,0.089,0.368,-1.937,-0.313,-0.078,2.108,0.727,0.129,-0.945,0.664,-0.133,0.016,1.143,0.558,-0.342,0
47.0,2274.0,27008.0,4.1,38.0,5,0.404,1,633.0,1,4,0.327,1132.0,13.3,667.0,16080.0,36,439.5,0.1933,0,1,3,4,1,0,43.0,1.84,1.373,-1.174,1.994,0.574,-0.147,0.609,-0.46,0.165,0.612,1.793,-1.701,-1.257,1.175,-2.57,0
48.0,1267.0,15688.0,7.4,44.0,0,0.366,1,610.0,3,4,0.37,904.0,5.3,2299.0,8347.0,24,351.2,0.2772,0,2,3,1,0,1,107.0,-0.69,1.145,0.456,0.765,0.462,0.577,-1.259,1.699,-1.788,-0.136,-0.309,-2.128,-1.195,-0.037,-1.044,0
41.0,703.0,8655.0,6.7,45.0,1,0.438,0,604.0,2,1,0.438,115.0,5.9,619.0,2496.0,48,52.2,0.0743,0,1,0,2,2,1,147.0,0.669,-1.097,-0.841,-0.097,1.228,0.385,0.849,0.374,-2.023,0.633,-1.263,-1.162,-0.844,0.055,-0.756,0
25.0,1199.0,14478.0,3.1,45.0,0,0.493,2,623.0,3,1,0.251,125.0,5.9,1331.0,9582.0,24,389.1,0.3245,0,2,0,4,3,1,112.0,-1.081,1.25,0.88,0.629,0.82,-0.897,-0.737,1.496,0.546,0.032,1.027,1.988,-1.042,1.113,1.443,0
47.0,1008.0,11953.0,18.6,32.0,4,0.538,1,596.0,4,3,0.623,792.0,2.3,1946.0,7495.0,36,206.9,0.2053,0,3,1,3,1,1,16.0,1.564,-0.761,1.165,-0.76,0.549,1.281,0.043,-0.619,-1.14,-0.019,-1.834,-1.286,-0.129,0.152,-0.816,0
59.0,583.0,6964.0,31.2,34.0,2,0.412,1,619.0,4,1,0.409,124.0,12.3,287.0,5556.0,36,153.0,0.2624,1,3,2,3,1,1,82.0,-0.263,0.985,-1.538,-0.211,-1.331,-0.368,-1.039,-0.924,-1.275,0.512,-0.244,0.108,-0.547,1.062,1.652,1
36.0,1670.0,20409.0,6.7,39.0,4,0.489,0,608.0,4,5,0.352,1518.0,2.3,5514.0,6508.0,24,269.8,0.1616,0,2,1,4,1,0,86.0,0.842,-0.473,-0.075,-1.48,0.758,-1.62,-0.995,-0.457,-0.176,0.091,-0.77,0.409,0.466,-0.806,1.184,0
40.0,916.0,11255.0,5.6,44.0,0,0.424,0,673.0,1,5,0.261,316.0,2.6,869.0,2226.0,48,45.9,0.0501,1,3,3,3,0,0,74.0,-0.792,-0.414,0.66,0.432,0.683,-1.291,0.181,-1.21,-0.745,1.559,0.504,0.496,0.588,1.0,0.703,0
20.0,2767.0,33641.0,0.0,49.0,5,0.204,1,641.0,1,1,0.389,583.0,7.1,1074.0,3943.0,36,108.7,0.0393,0,0,3,3,2,0,111.0,-0.14,0.189,-0.601,0.564,-0.666,-1.243,-0.849,0.013,0.753,-1.835,1.74,-0.428,0.254,-0.225,-1.205,0
48.0,1883.0,21595.0,17.6,45.0,6,0.368,1,587.0,2,1,0.262,119.0,10.2,1366.0,17206.0,36,471.2,0.2502,1,0,1,2,2,0,107.0,-0.575,0.109,-0.952,0.669,-0.513,-0.322,-0.311,-0.029,-0.339,0.92,0.237,-1.416,-0.971,0.416,-0.572,0
54.0,910.0,10973.0,23.9,50.0,2,0.171,1,621.0,3,5,0.233,561.0,1.9,503.0,3677.0,36,99.8,0.1097,0,0,0,1,0,1,21.0,1.019,0.593,0.658,-1.209,-0.16,1.391,1.988,0.513,-1.101,2.274,-0.562,1.483,-0.642,-0.851,-0.707,0
42.0,451.0,5283.0,10.3,38.0,6,0.249,0,656.0,3,3,0.205,95.0,0.8,201.0,3087.0,36,87.1,0.1931,0,0,0,4,0,0,64.0,-0.698,1.553,0.371,0.071,-0.132,-0.5,0.617,0.517,-0.408,-0.105,-0.637,0.946,0.043,-0.209,-1.938,0
63.0,2727.0,32566.0,32.0,33.0,6,0.496,2,556.0,1,3,0.203,680.0,3.4,3663.0,19757.0,12,1641.4,0.6019,0,0,1,2,2,1,68.0,-1.161,-0.94,-0.307,-0.552,-0.421,-0.571,0.656,0.762,-0.412,-0.205,-1.832,-0.159,-0.041,0.901,0.435,1
40.0,470.0,5737.0,12.7,35.0,4,0.139,0,656.0,1,0,0.0,0.0,8.5,435.0,3782.0,12,312.5,0.6649,1,0,1,2,0,1,256.0,-1.237,2.39,-0.648,0.161,-0.949,0.318,-0.55,1.329,0.255,-1.672,0.132,0.459,1.003,0.483,1.447,0
49.0,665.0,8164.0,4.9,31.0,1,0.408,2,531.0,2,1,0.399,125.0,3.2,752.0,2433.0,24,103.0,0.1549,0,0,1,3,1,1,110.0,-0.292,0.096,0.246,-0.01,0.085,-1.265,0.976,-2.01,0.655,0.678,-0.365,-0.061,-1.026,1.203,0.057,0
21.0,11603.0,132197.0,0.0,44.0,3,0.519,1,594.0,1,1,0.57,2823.0,6.2,6965.0,60000.0,48,1235.3,0.1065,0,2,0,4,1,1,97.0,-0.885,-0.651,0.734,1.79,-1.514,-1.379,0.195,0.394,0.093,0.016,-0.567,0.104,1.73,-0.665,-1.628,1
55.0,2666.0,30762.0,18.7,43.0,0,0.867,0,668.0,3,3,0.829,1803.0,2.0,3450.0,2865.0,48,60.1,0.0225,1,0,0,4,1,1,67.0,-0.17,1.191,-1.952,-1.547,-1.26,1.384,-1.598,-1.063,-0.65,-1.126,0.742,-2.116,-1.071,-1.222,-0.356,0
53.0,2583.0,31477.0,13.2,45.0,5,0.262,1,576.0,0,2,0.238,574.0,2.4,2652.0,11538.0,36,325.9,0.1262,0,1,1,4,1,1,125.0,0.043,-0.081,1.219,1.39,0.711,1.273,-0.38,1.049,-2.079,1.376,0.244,2.408,1.898,0.126,-0.61,0
33.0,5778.0,72011.0,6.1,37.0,0,0.24,0,665.0,1,2,0.298,1393.0,2.5,12007.0,9927.0,24,418.3,0.0724,0,0,1,2,2,1,20.0,0.875,0.238,1.201,-0.294,-0.676,1.505,0.355,0.992,1.063,0.824,1.509,0.71,-1.436,-0.509,-0.182,0
39.0,656.0,7615.0,4.8,37.0,3,0.353,1,616.0,1,2,0.353,247.0,5.9,1480.0,4377.0,60,74.0,0.1128,0,2,3,4,1,1,184.0,0.878,0.711,0.812,0.151,-0.72,-1.528,0.584,0.594,-1.434,0.215,0.447,-1.334,0.355,0.366,0.641,0
43.0,1901.0,23005.0,10.2,54.0,4,0.251,0,658.0,0,4,0.45,1417.0,6.4,516.0,17069.0,24,707.7,0.3723,0,0,2,3,2,0,81.0,1.499,0.277,1.068,-0.843,-1.227,-1.446,-0.512,0.393,-0.91,-0.439,1.267,-0.875,-1.658,-1.56,1.318,0
56.0,2807.0,33902.0,12.9,38.0,0,0.37,3,546.0,3,1,0.42,331.0,3.0,1198.0,18231.0,24,775.1,0.2761,1,2,0,4,0,0,29.0,2.535,2.061,0.782,0.52,0.765,-0.355,-1.31,0.179,0.578,-0.309,-0.31,-0.294,0.504,0.766,1.639,0
46.0,2313.0,27899.0,8.9,33.0,2,0.506,1,606.0,2,2,0.536,649.0,3.6,1368.0,10139.0,12,847.4,0.3664,1,2,3,5,1,0,49.0,1.25,1.352,0.968,-1.725,0.038,-1.044,0.535,2.115,0.712,-2.422,-0.829,-1.247,1.012,-0.892,-1.218,0
46.0,1763.0,20421.0,14.0,54.0,6,0.335,0,731.0,1,2,0.409,553.0,10.3,1980.0,10693.0,36,296.5,0.1682,1,0,1,4,1,0,49.0,0.992,0.823,-1.302,-2.736,-0.339,0.292,-0.095,2.084,0.161,1.008,0.102,-0.106,1.248,-0.617,0.699,0
35.0,1836.0,21936.0,13.0,37.0,0,0.326,2,526.0,5,2,0.298,481.0,9.9,4898.0,17948.0,12,1521.9,0.8289,0,1,1,1,3,1,107.0,0.806,-1.324,0.614,-1.956,-0.207,-0.417,0.415,-0.839,-0.603,-0.052,2.294,1.614,0.172,-0.442,-0.904,1
39.0,1963.0,24849.0,10.1,28.0,1,0.072,2,690.0,1,0,0.054,0.0,11.9,750.0,13085.0,36,361.3,0.1841,1,0,1,2,1,0,18.0,1.896,0.576,0.206,-0.688,1.748,1.321,0.505,-0.76,1.402,0.853,-0.179,-1.405,0.686,0.177,-0.993,0
37.0,2447.0,28783.0,2.4,35.0,6,0.615,1,592.0,4,1,0.36,380.0,4.3,1538.0,11349.0,24,482.7,0.1973,0,2,0,2,2,1,57.0,0.721,-2.571,0.034,-1.621,0.145,0.296,1.003,-1.02,0.55,2.774,-0.819,1.497,0.367,-0.475,0.406,0
61.0,1180.0,13447.0,27.3,55.0,0,0.43,1,609.0,1,3,0.381,495.0,4.7,3158.0,2084.0,36,58.1,0.0492,1,3,2,2,2,1,137.0,0.007,0.09,-1.886,-0.475,0.128,-2.239,-0.716,0.282,-0.384,1.84,-1.908,-1.343,-0.447,-0.269,-0.21,0
35.0,2124.0,25832.0,7.2,33.0,2,0.507,1,608.0,2,4,0.204,946.0,3.7,2049.0,13224.0,12,1131.2,0.5326,1,1,1,1,3,1,97.0,-0.097,-2.203,-0.425,-1.75,0.254,0.142,0.436,-1.98,-0.278,-0.238,-3.403,0.426,-0.891,-1.76,-0.604,1
20.0,1227.0,14948.0,0.0,31.0,1,0.179,0,738.0,1,1,0.165,60.0,5.1,808.0,4819.0,24,199.1,0.1623,1,1,1,2,0,0,97.0,-0.401,0.957,-0.155,-0.167,0.403,0.515,-0.155,2.382,0.773,0.342,-0.317,1.349,0.041,1.229,-0.958,0
46.0,1486.0,17409.0,8.7,34.0,5,0.79,3,436.0,4,2,0.642,822.0,3.0,2110.0,2598.0,12,217.4,0.1463,1,0,1,3,1,0,206.0,2.388,-0.937,0.754,-2.249,-0.933,-1.128,-0.552,0.654,1.524,-1.204,-0.515,0.47,-0.111,1.335,0.713,1
36.0,3191.0,39560.0,5.7,42.0,3,0.608,1,622.0,2,3,0.506,1236.0,9.9,4075.0,20970.0,36,570.2,0.1787,1,1,0,2,0,1,184.0,-0.284,1.189,-0.31,-0.01,0.36,0.703,0.23,-0.068,0.607,-0.488,1.228,-0.432,-3.515,-1.017,1.911,0
61.0,1807.0,21293.0,23.3,29.0,2,0.573,3,521.0,6,5,0.559,1642.0,10.7,903.0,12790.0,36,361.4,0.2,1,2,0,3,0,0,74.0,0.151,-0.724,0.305,0.15,-0.044,0.288,0.132,-0.033,2.1,1.274,0.951,0.387,0.087,-1.274,-0.087,0
59.0,1438.0,17197.0,17.2,44.0,1,0.399,0,724.0,3,1,0.503,222.0,5.3,1320.0,9802.0,24,401.0,0.2789,0,3,0,2,4,0,35.0,-0.743,0.646,-0.416,-0.349,1.037,-1.44,0.262,-0.137,1.508,-0.359,0.877,0.429,-0.817,-0.82,0.425,0
20.0,818.0,10088.0,0.0,35.0,7,0.253,0,704.0,1,1,0.279,57.0,8.9,1964.0,6365.0,48,132.5,0.162,1,2,1,4,0,0,215.0,-0.102,-0.817,1.366,0.424,1.187,-0.184,-1.109,0.944,-0.85,-0.213,-1.481,0.275,-0.82,0.945,0.682,0
27.0,1991.0,23303.0,0.7,47.0,1,0.286,0,670.0,2,0,0.342,0.0,3.6,2723.0,19800.0,48,394.8,0.1983,0,2,1,5,3,0,95.0,0.275,-0.508,-1.38,1.168,-1.201,1.007,-0.949,-0.859,0.809,0.224,0.042,1.777,0.026,-1.081,0.312,0
47.0,2159.0,25862.0,13.2,42.0,5,0.702,2,517.0,1,2,0.799,1659.0,8.0,3665.0,5481.0,24,223.8,0.1037,0,2,1,1,1,1,65.0,-0.186,-1.766,0.735,0.648,0.571,0.45,0.367,-0.495,-0.122,-1.414,-1.424,0.552,0.877,-1.441,-0.119,0
67.0,1147.0,14348.0,18.8,40.0,5,0.642,1,513.0,5,2,0.707,483.0,1.4,1423.0,4593.0,36,125.7,0.1096,0,0,1,4,1,1,19.0,-0.822,-0.261,-0.935,-0.601,-1.217,1.115,1.313,0.564,0.316,0.792,-1.291,-0.769,0.692,-0.204,-0.387,0
27.0,967.0,11540.0,2.0,40.0,4,0.5,2,581.0,3,3,0.484,701.0,4.5,1431.0,6145.0,36,171.1,0.1769,0,3,1,3,0,1,90.0,-1.088,-1.056,0.123,0.166,2.669,-0.715,1.361,0.464,-0.246,0.194,-0.288,0.053,-0.08,-0.418,1.661,0
20.0,1557.0,17748.0,0.0,42.0,5,0.34,2,602.0,2,4,0.42,1435.0,3.6,226.0,6233.0,36,172.2,0.1106,1,0,1,2,2,0,58.0,-0.021,0.139,0.757,-0.684,1.106,-0.884,0.276,-0.171,-0.398,0.384,0.886,0.261,0.936,-1.016,-2.192,0
29.0,2967.0,33706.0,4.6,44.0,1,0.322,1,608.0,1,3,0.46,1916.0,7.5,1477.0,11323.0,36,313.9,0.1058,0,2,1,2,1,1,157.0,-0.171,-1.806,1.699,-0.763,-0.071,-1.283,-1.877,-0.745,0.361,-0.111,0.963,0.793,-0.444,0.914,0.805,0
30.0,966.0,12103.0,3.1,53.0,3,0.561,0,657.0,3,1,0.42,99.0,11.8,820.0,2512.0,24,104.1,0.1078,0,0,1,2,1,1,104.0,-2.153,0.422,-0.47,0.347,-0.268,1.236,1.769,2.195,-0.404,-1.679,0.121,1.874,-0.568,-0.116,-0.99,1
24.0,3545.0,43025.0,1.0,34.0,4,0.243,1,590.0,4,2,0.221,691.0,8.4,8018.0,8753.0,60,144.4,0.0407,0,0,2,4,3,1,83.0,0.416,-1.031,-0.044,0.654,3.049,-1.144,-0.094,1.004,-0.488,2.019,0.533,-0.255,-0.414,-0.679,0.361,0
46.0,803.0,9430.0,14.1,42.0,7,0.168,1,645.0,1,2,0.252,207.0,23.0,372.0,3370.0,24,140.4,0.1748,0,0,1,5,0,1,116.0,-1.101,1.064,-0.803,0.148,0.715,-0.269,-0.697,0.456,-1.013,-0.657,-1.574,-1.997,-1.495,-0.633,-0.819,0
34.0,1340.0,15785.0,4.1,42.0,3,0.413,0,683.0,1,1,0.459,211.0,11.1,1856.0,9549.0,24,391.8,0.2924,0,3,2,2,2,1,47.0,-1.077,0.788,-0.121,-0.117,0.67,0.68,-0.161,-0.061,-1.602,0.224,1.562,0.046,1.039,-1.165,1.086,0
63.0,1817.0,21840.0,26.1,43.0,1,0.247,0,685.0,2,1,0.221,173.0,5.9,2878.0,15229.0,48,312.3,0.1719,1,2,1,4,2,0,61.0,-0.409,-0.831,-1.569,0.189,-0.433,0.089,-0.38,-1.651,-0.482,0.111,0.289,-0.283,-1.73,-1.481,0.085,0
42.0,5084.0,60411.0,17.5,44.0,7,0.183,0,683.0,2,2,0.137,607.0,1.6,587.0,48561.0,36,1379.6,0.2714,1,2,1,2,0,0,75.0,-1.012,0.05,0.523,0.121,2.241,-0.163,-1.598,1.756,0.531,0.276,0.758,-0.147,-0.38,-1.507,-1.103,0
50.0,835.0,10065.0,2.6,32.0,0,0.64,2,529.0,2,5,0.757,1516.0,7.6,367.0,7750.0,48,159.5,0.191,1,2,1,3,0,1,31.0,-0.912,1.158,-0.153,-2.049,-0.455,0.815,0.688,1.991,0.346,-1.35,0.101,-0.511,-1.044,0.978,0.084,0
62.0,983.0,11628.0,28.9,48.0,2,0.296,0,693.0,1,3,0.148,123.0,2.0,949.0,9320.0,36,261.7,0.2662,1,1,0,2,0,1,28.0,0.238,-0.525,0.274,0.141,0.961,0.311,-0.098,-1.958,-0.188,1.574,0.291,0.198,0.29,-1.614,0.975,0
23.0,5493.0,69332.0,0.2,39.0,2,0.738,0,639.0,3,1,0.725,2181.0,3.8,4723.0,49577.0,12,3984.0,0.7253,0,1,1,3,0,1,192.0,1.703,-0.504,-0.1,-1.372,0.516,0.225,-0.132,0.86,-2.256,-0.919,0.515,-0.813,0.187,0.669,0.856,1
20.0,4459.0,54019.0,0.0,45.0,1,0.406,0,679.0,2,6,0.242,3028.0,3.9,1677.0,27270.0,48,568.6,0.1275,0,0,0,3,3,1,111.0,-1.001,-1.085,0.786,0.844,-0.437,1.935,-0.987,0.898,0.237,-0.086,-0.284,0.418,-0.74,0.821,-0.867,1
41.0,3867.0,47143.0,10.4,58.0,7,0.255,0,661.0,0,3,0.197,735.0,5.9,4239.0,4732.0,36,132.0,0.0341,1,1,1,4,1,0,70.0,2.148,0.057,0.994,-0.117,-0.556,-0.741,2.14,0.665,1.392,-1.405,-0.717,1.133,-1.132,0.802,0.339,0
31.0,2432.0,29473.0,7.4,41.0,0,0.247,0,632.0,3,3,0.295,1013.0,4.7,4696.0,5494.0,24,225.7,0.0928,0,1,0,3,2,1,38.0,0.087,-0.48,-1.053,-1.749,0.88,0.811,-0.179,-0.905,-2.146,-0.406,0.177,-0.921,-0.167,1.416,-0.159,0
40.0,2741.0,34398.0,3.8,42.0,3,0.507,0,620.0,2,2,0.393,615.0,5.9,3111.0,21857.0,36,607.9,0.2218,1,0,0,3,1,1,127.0,-0.416,0.877,-1.566,-1.064,1.015,0.46,-1.636,0.317,-1.139,1.426,-0.846,-0.846,-1.007,0.143,-0.148,0
32.0,1775.0,20989.0,1.4,43.0,3,0.343,1,601.0,1,1,0.308,192.0,7.2,1976.0,6771.0,36,183.8,0.1035,0,0,0,3,3,0,77.0,-0.269,-0.667,0.752,-0.259,0.575,0.189,0.3,-0.903,-2.232,-1.448,1.855,1.255,0.233,-1.027,1.27,0
37.0,2022.0,24783.0,11.2,40.0,3,0.566,0,739.0,3,1,0.422,208.0,10.9,3056.0,18907.0,60,316.9,0.1567,0,1,0,3,2,0,9.0,-0.226,-0.329,0.567,2.087,0.204,-0.737,1.379,-2.494,1.114,-0.119,-2.088,-0.161,-0.63,1.744,-1.466,0
44.0,2426.0,29320.0,18.7,42.0,1,0.321,0,690.0,0,3,0.256,788.0,5.8,1185.0,2450.0,24,100.4,0.0414,0,3,1,2,0,0,182.0,0.012,-1.006,0.379,0.282,-0.829,1.556,-0.137,-0.378,-1.815,0.771,1.722,0.154,1.043,0.853,-1.285,0
39.0,2406.0,28176.0,3.5,27.0,2,0.244,0,733.0,1,1,0.263,285.0,0.9,910.0,23824.0,36,680.0,0.2826,0,2,1,2,0,0,36.0,0.621,-0.765,0.611,0.647,1.067,0.588,-1.289,-0.482,-1.657,-0.262,-0.948,-0.789,-1.685,-0.798,0.328,0
29.0,1141.0,14137.0,4.2,39.0,1,0.319,0,680.0,1,1,0.404,127.0,1.0,845.0,6624.0,12,573.3,0.5025,1,2,0,3,0,1,19.0,1.417,0.146,-0.5,-0.448,-0.294,-0.229,-0.704,0.643,-0.516,-0.201,-0.193,-0.135,1.213,1.759,0.961,0
33.0,1239.0,15384.0,6.1,34.0,2,0.338,0,663.0,1,1,0.285,132.0,10.9,254.0,4116.0,36,109.1,0.0881,0,0,0,3,1,1,45.0,0.905,-0.279,-0.384,0.582,0.652,2.086,0.134,-0.56,-0.175,-0.041,-0.591,0.271,-0.287,1.208,-0.196,0
57.0,1587.0,19324.0,9.8,39.0,5,0.242,0,634.0,2,1,0.223,175.0,3.1,6201.0,9244.0,24,402.6,0.2537,0,3,1,1,1,0,154.0,-0.001,0.109,-0.445,0.685,0.459,0.922,0.059,0.384,0.872,1.076,-0.51,0.624,1.508,0.608,0.312,0
28.0,4445.0,55046.0,2.9,50.0,3,0.122,0,685.0,1,2,0.177,595.0,2.8,678.0,38880.0,48,815.2,0.1834,0,0,0,2,1,0,66.0,-0.764,-2.982,1.588,0.347,-0.655,-0.593,0.181,0.486,0.626,-0.502,0.03,0.074,0.076,0.669,1.337,0
62.0,1174.0,14365.0,9.5,45.0,1,0.42,1,605.0,4,3,0.492,834.0,1.8,1917.0,4461.0,48,91.7,0.0781,0,1,0,4,1,1,21.0,-0.777,-0.058,0.144,0.944,-0.301,-2.552,0.595,-0.337,-0.965,-0.006,0.528,-0.36,0.486,-0.69,1.13,1
34.0,2320.0,28538.0,2.6,53.0,4,0.188,0,690.0,1,4,0.262,744.0,8.4,2807.0,14945.0,24,614.9,0.265,1,3,1,2,1,0,108.0,0.307,-0.509,0.041,-0.266,-0.401,-0.358,1.504,1.925,-0.769,1.049,-0.41,-1.095,-0.812,0.157,2.183,0
28.0,3434.0,40821.0,5.2,29.0,0,0.224,1,685.0,1,0,0.196,0.0,3.9,1729.0,16005.0,24,666.9,0.1942,0,1,1,3,2,0,43.0,0.206,1.169,-0.731,0.09,-1.199,-1.068,1.056,-1.213,-0.743,0.027,1.244,0.952,1.142,-1.328,-0.443,1
30.0,4212.0,51080.0,1.8,38.0,4,0.259,2,567.0,1,4,0.144,848.0,5.3,709.0,40072.0,60,641.7,0.1524,0,3,1,4,3,0,13.0,0.398,0.319,-0.403,-0.505,-1.382,0.657,-0.628,1.559,0.645,-1.898,-0.342,-1.14,-0.422,0.883,-0.463,0
55.0,1682.0,19969.0,19.7,26.0,7,0.425,0,754.0,2,2,0.373,654.0,11.1,1543.0,6250.0,36,174.2,0.1036,0,3,1,5,1,0,9.0,1.323,1.327,-0.209,1.135,-0.957,-1.597,-1.084,-0.694,-0.359,0.184,1.431,-0.597,1.145,-1.095,-0.9,0
32.0,1517.0,17879.0,9.4,44.0,6,0.502,0,687.0,0,5,0.652,2197.0,3.5,423.0,12598.0,24,522.1,0.3442,0,1,1,5,0,0,88.0,0.141,-0.963,2.196,1.405,-0.26,1.6,0.029,0.71,0.887,0.427,-0.436,0.415,0.038,0.697,0.707,0
34.0,850.0,10287.0,2.0,47.0,5,0.377,0,656.0,0,0,0.262,0.0,1.8,1135.0,3855.0,36,106.7,0.1255,1,0,0,4,0,0,110.0,-1.51,0.795,1.039,-0.295,0.225,0.842,0.506,0.718,-1.487,-0.543,-0.118,-1.286,0.808,-0.382,-0.443,0
47.0,1969.0,22001.0,14.4,36.0,3,0.597,1,576.0,1,0,0.441,0.0,4.6,11023.0,16902.0,24,690.5,0.3507,1,0,0,1,2,1,24.0,0.691,1.115,-0.268,0.451,-1.515,-2.445,-1.197,-0.181,1.848,0.141,-0.445,-1.385,-0.702,-0.165,0.841,0
42.0,770.0,9467.0,7.9,45.0,3,0.458,0,740.0,2,1,0.364,110.0,21.7,371.0,5705.0,48,116.5,0.1513,0,1,1,2,1,0,70.0,-0.249,-0.626,-0.046,0.439,-0.128,0.418,-0.196,0.213,-0.231,-0.284,-0.168,0.56,-0.68,0.951,-0.833,1
32.0,1258.0,14981.0,3.9,49.0,5,0.673,1,591.0,2,1,0.637,216.0,4.0,860.0,5202.0,36,142.2,0.113,0,0,2,3,0,1,71.0,0.467,-1.146,0.424,0.083,1.252,-1.53,1.695,-1.073,-0.398,-0.153,0.576,0.651,0.233,-1.175,-0.276,0
57.0,965.0,12310.0,3.3,48.0,1,0.089,0,709.0,2,4,0.0,0.0,4.1,1076.0,1754.0,36,49.0,0.0508,0,2,1,2,2,0,102.0,-0.967,0.646,-0.742,0.95,-1.073,-0.178,-0.141,-0.525,0.314,0.684,-2.149,0.388,-0.625,-0.028,-0.86,0
33.0,1079.0,12603.0,2.1,28.0,7,0.113,1,606.0,2,4,0.112,140.0,4.2,440.0,5452.0,48,112.3,0.1041,1,0,0,3,1,1,157.0,0.827,0.351,-0.752,0.679,-1.407,-0.551,1.983,-1.595,-2.445,-0.036,-0.891,1.896,-0.195,-0.346,-0.182,1
47.0,932.0,10538.0,13.1,49.0,2,0.635,0,693.0,1,2,0.57,270.0,10.6,244.0,2458.0,12,213.2,0.2288,1,0,1,3,0,1,122.0,-1.275,0.472,-0.796,-0.406,0.176,0.106,1.964,-1.57,0.466,0.81,2.125,-0.096,1.197,-1.648,0.002,0
67.0,2017.0,24901.0,25.9,54.0,2,0.227,0,737.0,1,3,0.213,681.0,2.6,1680.0,10070.0,12,839.1,0.416,1,0,1,2,2,0,49.0,-1.085,-1.314,0.972,0.549,-1.114,-0.539,-0.568,-2.421,-2.195,0.646,1.335,2.1,-0.795,0.624,0.41,1
20.0,1420.0,17677.0,0.0,42.0,6,0.409,1,610.0,2,3,0.515,920.0,5.8,1040.0,14179.0,48,292.5,0.206,0,2,0,5,1,1,95.0,0.157,-0.811,-0.208,0.25,1.539,1.121,-0.97,-0.978,-1.051,-0.092,0.013,-0.331,-0.493,-0.449,1.063,0
20.0,617.0,7910.0,0.0,39.0,3,0.529,1,655.0,0,0,0.508,0.0,3.8,560.0,5479.0,24,227.0,0.3679,0,0,0,4,2,1,103.0,-0.746,0.855,-0.941,0.886,-0.741,1.223,0.503,1.464,1.788,-0.805,-0.953,0.63,-0.395,-0.222,0.545,1
64.0,1024.0,12015.0,14.4,37.0,7,0.369,1,592.0,2,4,0.535,817.0,5.0,2537.0,8311.0,24,350.7,0.3425,0,0,1,1,1,1,57.0,0.065,0.643,1.169,-0.676,-1.298,-0.865,-1.985,0.742,1.213,0.077,-0.288,2.465,0.953,0.363,0.738,0
56.0,1054.0,12513.0,28.6,34.0,7,0.264,0,667.0,1,3,0.143,239.0,2.2,331.0,5251.0,36,140.7,0.1335,0,1,1,4,0,0,89.0,-0.471,-0.349,-0.62,-0.103,-0.09,-0.446,0.024,1.388,-0.29,-0.85,-0.383,-1.124,2.162,1.046,-0.186,0
41.0,1823.0,22397.0,3.4,53.0,7,0.199,0,696.0,2,3,0.141,400.0,23.7,736.0,3489.0,60,59.6,0.0327,0,1,2,3,1,1,13.0,0.751,-0.742,0.322,-0.736,0.22,-2.53,0.746,-0.886,-1.872,-1.474,-0.802,-1.089,1.157,-1.781,1.065,1
26.0,1119.0,13468.0,1.8,40.0,0,0.351,0,648.0,1,3,0.531,848.0,17.3,649.0,6444.0,24,272.5,0.2435,0,1,2,3,1,0,224.0,-0.636,0.015,0.661,-2.244,1.064,-1.133,0.581,-0.764,0.19,0.205,-0.036,-0.171,0.151,0.728,-1.036,1
46.0,5123.0,60605.0,26.5,45.0,5,0.294,3,587.0,2,1,0.169,232.0,3.4,4780.0,27619.0,60,469.3,0.0916,0,0,1,3,1,1,33.0,-0.655,-0.3,-0.272,-0.144,0.34,0.383,0.433,0.449,0.495,1.962,-0.841,-1.156,0.026,1.177,-0.607,0
35.0,911.0,11004.0,5.7,37.0,2,0.326,0,607.0,5,2,0.247,216.0,8.5,784.0,1753.0,12,145.4,0.1596,1,3,0,3,1,1,28.0,-0.075,0.196,0.366,0.403,-1.091,0.05,0.89,-0.414,1.455,0.518,-0.339,0.168,2.191,2.124,0.437,0
39.0,3789.0,43489.0,3.5,55.0,7,0.317,2,551.0,2,1,0.301,412.0,13.8,5635.0,34501.0,60,547.6,0.1445,0,3,2,3,2,0,29.0,0.12,-0.913,-0.147,0.79,1.315,1.541,-0.701,1.028,-1.428,0.508,-1.176,-2.439,-0.287,0.996,0.064,0
39.0,908.0,11502.0,5.6,36.0,2,0.195,0,679.0,0,1,0.002,1.0,6.8,512.0,1605.0,24,65.5,0.0721,0,0,0,1,3,0,56.0,0.524,1.28,0.648,-0.496,1.697,1.631,-0.372,-0.574,-0.168,1.481,0.291,0.872,0.665,-0.548,0.087,0
47.0,1149.0,13941.0,1.9,50.0,5,0.141,1,693.0,2,2,0.327,312.0,8.7,2180.0,1854.0,36,52.0,0.0453,0,0,1,4,4,0,18.0,-1.358,0.646,0.441,-1.037,-1.5,-0.062,-0.983,0.005,1.326,-0.369,-0.038,1.43,0.463,-1.971,-0.712,0
61.0,4245.0,51133.0,16.2,47.0,6,0.399,1,620.0,2,2,0.244,951.0,5.3,1565.0,11598.0,36,319.4,0.0752,1,0,2,2,0,0,95.0,-1.128,-0.067,-0.753,0.97,-0.378,-0.254,-1.695,-0.477,-0.689,-2.061,-0.02,0.422,0.21,-0.777,0.569,0
32.0,1897.0,22418.0,8.3,47.0,6,0.723,2,543.0,1,4,0.867,2868.0,1.5,2400.0,15495.0,24,642.9,0.3389,1,1,2,4,1,1,53.0,0.75,-0.177,1.68,0.138,-1.393,0.025,-1.584,-0.58,0.313,-2.533,-0.726,-1.139,0.314,-0.655,0.381,0
23.0,4797.0,60201.0,1.1,35.0,2,0.639,1,483.0,1,3,0.488,2657.0,4.8,3259.0,42691.0,12,3582.5,0.7468,0,2,0,2,0,1,30.0,0.075,0.448,-1.512,-0.937,0.887,-0.727,-2.138,0.413,-1.0,1.611,0.826,0.458,0.33,-0.856,1.87,1
58.0,995.0,12137.0,24.7,34.0,1,0.216,1,619.0,1,2,0.061,59.0,9.9,905.0,1781.0,60,29.7,0.0298,0,0,2,4,1,1,283.0,0.459,0.326,-1.196,0.258,-1.295,0.328,-1.632,-1.472,1.326,-1.057,-0.116,-0.646,0.949,-0.129,0.067,0
20.0,3000.0,35592.0,0.0,38.0,0,0.15,1,693.0,2,2,0.174,256.0,1.5,1709.0,28408.0,60,465.3,0.1551,1,2,0,3,1,0,104.0,-0.156,0.275,0.772,0.773,-0.61,0.212,-0.236,-0.371,1.222,0.013,-0.927,1.479,-0.444,0.566,-0.578,0
34.0,2404.0,28649.0,4.8,47.0,5,0.23,0,756.0,0,3,0.348,1264.0,5.5,1903.0,9986.0,60,164.4,0.0684,0,0,1,4,0,1,83.0,-0.083,-0.283,-1.311,-0.977,-1.259,-2.041,0.17,0.757,-1.532,1.075,0.124,0.237,-0.517,-2.436,-0.03,0
43.0,2199.0,26075.0,14.6,57.0,0,0.086,0,681.0,1,1,0.0,0.0,7.9,2158.0,6935.0,24,284.3,0.1293,0,3,1,1,0,1,74.0,0.49,-0.042,-0.515,-1.081,0.081,-0.051,0.59,-0.297,0.966,-1.425,0.366,0.595,0.288,2.337,-0.259,0
40.0,1110.0,13453.0,5.8,38.0,0,0.689,1,595.0,3,2,0.556,358.0,1.2,794.0,2366.0,36,66.4,0.0598,1,2,1,4,0,1,61.0,-0.834,0.679,-2.046,-0.724,0.418,1.849,0.177,-0.751,1.201,1.24,-0.558,0.516,-1.104,-0.754,0.764,0
41.0,1109.0,13217.0,3.4,62.0,6,0.354,0,591.0,4,2,0.367,334.0,8.8,512.0,5845.0,12,492.6,0.4442,0,1,1,3,0,0,11.0,-0.012,-0.091,0.047,-0.005,0.894,0.402,0.427,1.193,-0.466,0.822,-1.971,1.991,0.586,-0.018,-0.798,1
38.0,1007.0,11913.0,4.7,25.0,0,0.158,0,809.0,5,3,0.115,138.0,2.5,1664.0,2202.0,48,45.8,0.0455,0,1,1,3,2,1,43.0,0.051,1.209,0.573,0.132,-0.764,-1.652,-0.553,-0.158,0.708,0.899,-1.874,-0.186,0.526,0.014,-1.895,0
57.0,1836.0,23546.0,2.8,30.0,2,0.107,1,681.0,0,3,0.0,0.0,8.7,1080.0,11319.0,48,234.6,0.1278,0,3,2,2,0,1,97.0,-1.111,-0.518,0.952,0.808,-0.795,1.734,0.926,0.132,-0.726,0.528,1.46,0.026,-1.14,0.068,-1.064,0
37.0,1068.0,12624.0,3.4,33.0,1,0.152,1,735.0,2,2,0.113,59.0,16.7,997.0,2516.0,48,51.9,0.0486,1,3,1,2,0,1,35.0,-0.472,0.189,1.107,0.249,-0.331,-0.815,0.859,1.903,0.319,-0.284,-0.99,0.296,-0.42,0.64,-0.684,1
31.0,1339.0,16874.0,8.9,55.0,0,0.678,2,569.0,2,2,0.447,532.0,2.5,1445.0,4947.0,48,104.8,0.0783,0,3,2,3,0,1,1.0,-0.199,1.092,0.454,-1.367,1.467,-0.477,0.194,-0.659,-1.589,1.188,-0.504,1.153,-0.333,0.802,0.735,1
40.0,1514.0,17604.0,11.3,39.0,7,0.386,1,616.0,1,2,0.398,582.0,3.8,1893.0,11578.0,48,245.6,0.1622,0,2,1,3,2,1,11.0,-1.615,0.182,-0.564,-0.323,-1.216,0.617,-0.175,1.492,0.996,1.392,0.809,0.177,-0.658,-1.039,-0.14,1
60.0,1856.0,22821.0,14.6,44.0,7,0.275,0,595.0,2,2,0.289,561.0,4.7,2188.0,10719.0,12,893.2,0.4812,0,1,2,4,1,1,37.0,1.242,-0.078,-0.104,0.884,0.671,-0.561,-0.14,-0.271,-0.714,-1.57,0.359,0.284,0.069,0.164,-0.517,1
37.0,1267.0,16109.0,11.8,40.0,7,0.21,1,622.0,1,2,0.324,437.0,8.3,350.0,5172.0,24,218.7,0.1726,1,2,2,2,1,1,13.0,-0.801,0.098,-0.17,1.147,-0.442,1.112,-0.797,0.722,-0.692,1.444,-1.135,-0.934,1.305,-0.164,-3.041,0
46.0,796.0,9415.0,5.0,32.0,0,0.553,1,667.0,1,1,0.452,183.0,2.1,892.0,4955.0,36,130.6,0.1641,0,3,2,3,2,1,66.0,0.278,0.956,0.506,-0.235,0.077,0.695,-0.299,-0.313,-0.888,0.097,-0.932,-0.558,0.739,0.677,-0.821,0
26.0,2069.0,24894.0,3.0,38.0,0,0.172,0,689.0,1,0,0.137,0.0,6.4,2373.0,9030.0,24,389.5,0.1883,0,0,1,2,2,1,101.0,-0.117,-1.287,0.995,-1.099,1.474,0.012,-0.698,-2.198,-0.55,0.98,0.546,1.16,-0.973,0.2,1.519,0
49.0,1059.0,13294.0,14.2,48.0,2,0.368,0,628.0,2,2,0.252,215.0,16.5,627.0,4321.0,24,175.1,0.1653,0,1,0,2,2,1,10.0,-0.152,0.43,-0.283,0.466,-1.237,1.196,-0.413,1.511,2.425,0.115,1.709,-0.345,0.461,0.344,1.555,0
46.0,522.0,6407.0,14.1,44.0,6,0.121,0,611.0,3,1,0.139,24.0,5.4,2462.0,5090.0,12,434.3,0.832,0,0,1,1,1,0,123.0,-0.048,-0.631,-1.515,1.732,0.918,-0.17,0.007,-1.846,-0.93,-0.701,-0.524,1.219,1.661,0.232,2.795,1
29.0,805.0,10061.0,4.5,36.0,2,0.394,1,689.0,0,1,0.404,128.0,4.9,773.0,7826.0,48,159.5,0.1981,1,3,0,2,1,0,185.0,-2.031,0.003,-0.092,2.432,0.639,0.77,1.003,0.778,-0.219,0.185,-0.988,0.438,0.379,0.407,-1.198,0
47.0,893.0,10513.0,18.6,38.0,1,0.367,0,611.0,1,1,0.375,129.0,9.1,676.0,7865.0,24,320.0,0.3583,0,0,2,4,0,1,12.0,-0.736,-1.815,-2.297,0.694,0.576,-0.972,-1.464,0.056,2.041,-0.436,0.822,-0.672,-0.049,0.766,0.61,0
36.0,2115.0,26261.0,14.2,42.0,1,0.376,1,635.0,0,1,0.267,200.0,1.1,3216.0,15714.0,36,427.9,0.2023,0,0,1,4,0,1,98.0,0.303,-0.627,-0.659,-0.217,-0.046,-0.788,0.256,2.092,0.101,-1.012,2.1,-0.01,1.038,-0.105,-0.989,0
45.0,1719.0,20808.0,8.0,44.0,2,0.246,1,597.0,0,1,0.254,176.0,6.0,520.0,12335.0,36,353.3,0.2055,0,2,2,2,1,1,35.0,-0.456,-0.503,-0.394,0.331,-2.884,-2.062,-0.17,-0.647,0.813,1.986,-1.54,-0.608,-0.379,0.197,1.112,0
20.0,1946.0,23365.0,0.0,49.0,5,0.202,1,682.0,3,2,0.246,450.0,3.7,907.0,7685.0,24,325.7,0.1674,1,1,0,3,0,0,20.0,2.3,-1.019,-0.154,-0.514,-0.404,-0.936,-0.917,-1.013,-1.159,-2.084,-0.7,-0.497,-1.098,-0.703,1.273,0
50.0,968.0,11562.0,19.9,33.0,1,0.644,1,605.0,3,3,0.651,788.0,11.7,565.0,1757.0,24,73.7,0.0761,0,2,0,3,1,1,84.0,1.359,0.281,-1.087,0.484,1.356,0.362,-0.19,-1.438,0.052,1.211,-0.774,0.72,0.039,0.966,0.396,0
49.0,1952.0,23313.0,12.1,40.0,2,0.114,1,649.0,1,1,0.133,76.0,9.0,1092.0,12288.0,36,332.2,0.1702,0,1,2,2,4,1,103.0,-0.227,0.271,-0.452,0.278,0.258,-0.117,0.795,0.115,0.23,0.016,0.281,0.783,1.077,0.185,-0.38,0
42.0,3389.0,41181.0,20.1,37.0,6,0.395,0,698.0,0,3,0.717,3370.0,7.0,2070.0,21447.0,36,609.1,0.1797,1,2,1,3,1,1,55.0,-0.83,-0.788,-0.462,-0.121,0.275,1.965,0.25,0.007,-1.317,0.062,-0.635,0.472,-0.355,0.165,-0.793,0
48.0,1213.0,14301.0,13.6,35.0,0,0.437,0,646.0,0,2,0.425,445.0,3.8,959.0,9146.0,24,370.3,0.3053,1,2,1,3,2,1,96.0,-0.841,1.182,-0.408,-1.77,-0.999,1.066,0.195,0.359,-0.117,1.017,0.107,1.235,0.598,-1.092,-1.596,0
37.0,2349.0,29112.0,10.7,54.0,7,0.061,0,751.0,0,2,0.0,0.0,3.1,1230.0,7210.0,48,149.6,0.0637,0,0,1,3,1,1,35.0,-0.291,0.308,-1.476,1.025,-0.124,-1.813,-0.187,0.791,2.034,-0.682,-0.382,-0.931,0.967,1.309,-0.497,0
41.0,1649.0,19440.0,11.3,43.0,4,0.348,0,673.0,2,3,0.222,564.0,13.5,5839.0,3402.0,36,92.9,0.0563,0,1,1,1,0,0,109.0,0.638,0.255,-1.11,0.727,-0.98,-1.425,-0.562,0.58,0.481,1.417,1.657,-0.45,-1.241,0.305,-1.708,0
37.0,753.0,8719.0,7.9,41.0,7,0.614,0,680.0,1,2,0.76,338.0,7.7,301.0,3499.0,24,140.2,0.1862,0,2,0,5,1,0,56.0,1.504,0.442,-0.358,-0.055,1.32,-1.155,0.912,-2.641,0.643,-0.512,-1.207,-0.559,0.946,0.76,-0.493,0
56.0,502.0,6092.0,17.3,58.0,5,0.637,2,510.0,2,4,0.501,452.0,19.1,457.0,4026.0,24,170.1,0.3388,0,2,0,3,1,1,29.0,-0.682,-1.243,1.736,0.761,1.343,-0.092,-0.267,1.041,0.623,0.81,-0.224,0.898,-0.89,-1.458,0.033,0
41.0,707.0,8608.0,16.0,37.0,4,0.169,0,709.0,3,1,0.148,53.0,9.1,654.0,1242.0,36,35.3,0.0499,0,2,0,5,2,1,37.0,1.489,0.664,-0.883,1.602,0.241,-0.4,-0.845,1.679,0.27,1.02,-1.171,-0.976,1.337,1.126,1.002,0
50.0,2163.0,25603.0,18.5,42.0,1,0.767,2,535.0,1,4,0.813,2843.0,8.9,5129.0,18084.0,60,302.1,0.1397,0,0,1,5,1,0,34.0,0.061,0.326,0.612,-0.148,0.317,1.644,0.434,0.626,-0.189,-1.912,-0.293,-1.869,0.953,-0.059,-0.199,1
37.0,2738.0,34960.0,8.3,37.0,2,0.295,2,646.0,2,0,0.373,0.0,10.4,808.0,11948.0,12,1002.2,0.366,0,2,2,4,1,1,50.0,-1.355,0.527,-0.64,0.55,-0.11,0.618,-0.147,0.525,1.136,-0.532,-0.242,0.046,0.989,-0.751,-1.335,0
45.0,1832.0,22294.0,3.7,41.0,4,0.185,1,710.0,1,3,0.287,625.0,10.6,1300.0,14270.0,24,600.2,0.3276,0,0,0,5,0,0,39.0,-0.252,0.469,0.212,-0.89,-0.26,-0.382,-0.937,0.744,-0.569,-1.312,0.253,-1.12,0.038,1.164,0.233,0
35.0,1875.0,22741.0,3.6,45.0,5,0.423,0,652.0,3,3,0.365,636.0,6.1,2179.0,5175.0,48,104.4,0.0557,0,1,2,3,0,1,14.0,0.22,0.905,0.001,0.08,-0.685,-0.356,-1.106,-1.518,0.612,1.157,-0.991,0.082,0.503,-1.038,-0.444,0
34.0,1778.0,22839.0,10.2,36.0,6,0.329,2,574.0,2,4,0.418,1102.0,11.0,2501.0,8399.0,36,239.6,0.1348,1,0,0,2,1,0,191.0,0.679,-0.37,0.604,-0.602,-0.349,-1.336,-1.425,-0.429,-2.236,0.967,0.452,0.858,-2.842,0.036,0.568,0
41.0,3118.0,36313.0,14.8,44.0,7,0.285,0,617.0,3,3,0.329,1587.0,0.3,6530.0,22679.0,24,929.7,0.2982,1,1,2,3,1,1,133.0,0.128,1.147,-0.168,-1.332,1.654,-0.762,-0.146,0.702,-0.119,-0.869,0.463,0.435,-0.514,1.006,0.402,0
35.0,2115.0,25897.0,5.9,37.0,3,0.671,2,464.0,2,2,0.735,847.0,9.4,813.0,12554.0,36,352.3,0.1666,1,0,1,3,0,0,54.0,-0.579,-0.537,-1.777,0.514,1.219,0.594,-1.313,-1.384,1.761,1.541,1.125,-0.864,0.573,-0.037,-0.13,0
27.0,1347.0,17080.0,4.2,26.0,0,0.715,0,631.0,1,3,0.803,1357.0,3.2,1458.0,11527.0,24,489.1,0.3631,0,2,0,2,1,1,92.0,1.15,-1.507,0.436,0.58,0.971,0.113,-0.639,1.332,0.056,-0.481,-0.776,-0.176,0.603,-0.712,-1.397,0
24.0,2369.0,27958.0,1.5,47.0,5,0.249,0,626.0,2,2,0.367,753.0,13.4,966.0,13888.0,12,1162.0,0.4905,0,1,0,4,0,1,9.0,-0.793,-0.042,-0.521,2.417,-0.665,0.095,-0.108,-0.054,-1.279,-0.623,0.42,0.523,0.739,0.515,-0.011,1
44.0,1361.0,15529.0,9.7,46.0,7,0.14,0,736.0,0,2,0.0,0.0,3.8,844.0,4298.0,48,90.1,0.0662,1,2,1,2,2,1,141.0,0.703,-0.065,0.421,-0.162,0.163,1.349,-0.9,2.141,-0.812,-0.256,1.055,-0.319,-0.054,1.673,-0.755,0
46.0,5972.0,71804.0,6.6,52.0,2,0.195,0,723.0,1,2,0.124,677.0,3.6,6948.0,21634.0,36,613.8,0.1028,0,0,0,2,1,1,44.0,-0.39,-1.091,-1.923,-0.254,-0.148,-0.848,1.689,-0.829,0.039,1.025,1.637,0.457,-0.65,0.257,0.381,0
49.0,2538.0,30116.0,8.3,40.0,7,0.714,2,581.0,2,2,0.556,1455.0,2.9,2110.0,8724.0,48,183.4,0.0723,1,0,1,2,1,1,70.0,0.314,-0.032,1.269,-1.148,0.756,1.003,-1.252,-0.928,-0.286,0.848,-0.981,-0.858,0.27,-1.298,1.208,0
48.0,647.0,7749.0,0.7,39.0,0,0.451,1,686.0,0,2,0.28,147.0,2.8,528.0,3855.0,60,64.4,0.0995,1,1,0,2,3,1,45.0,0.314,-1.671,0.117,0.51,-1.588,0.025,-0.136,0.643,1.412,-0.748,0.53,-0.982,-0.505,0.695,-0.026,0
44.0,1330.0,16618.0,19.3,51.0,1,0.106,1,647.0,1,2,0.325,437.0,11.6,1990.0,4206.0,48,88.0,0.0662,0,0,3,1,0,0,73.0,-1.214,0.057,-0.047,0.497,0.287,-0.672,-1.901,0.703,0.407,0.616,0.681,0.808,-0.152,-0.527,0.857,0
35.0,2690.0,32943.0,10.1,41.0,1,0.168,1,694.0,1,4,0.023,137.0,2.3,7984.0,19133.0,36,529.1,0.1967,1,2,0,2,1,1,89.0,-1.895,0.544,0.258,2.23,-1.746,-0.334,-0.122,0.009,0.29,-1.392,1.949,0.369,-0.893,-1.403,0.578,0
55.0,1605.0,18134.0,3.8,46.0,5,0.113,1,617.0,2,1,0.0,0.0,10.3,1264.0,15570.0,36,430.9,0.2685,0,0,2,4,3,0,33.0,-0.271,-0.557,-0.524,0.645,-0.022,-1.501,-0.982,0.27,0.369,-1.122,0.919,0.567,-0.695,-0.863,0.168,0
29.0,1015.0,12333.0,5.3,38.0,7,0.141,1,626.0,5,1,0.062,24.0,8.6,544.0,3049.0,12,254.0,0.2502,1,1,2,2,2,1,74.0,-0.819,-0.374,-0.067,1.241,0.979,0.478,-0.822,-1.046,0.071,0.664,-0.37,0.214,0.249,0.39,-0.031,0
23.0,1882.0,22139.0,2.5,46.0,3,0.392,1,645.0,1,1,0.363,170.0,14.9,805.0,4409.0,24,172.8,0.0918,0,3,0,3,1,1,129.0,0.407,0.221,0.959,0.918,1.151,-1.082,-0.217,1.118,-0.541,1.135,-0.303,0.114,2.495,-0.814,2.392,0
27.0,2646.0,32394.0,4.2,37.0,0,0.476,0,659.0,0,4,0.434,1239.0,1.1,3453.0,22564.0,24,920.6,0.3479,1,0,0,3,1,1,100.0,0.597,0.368,-1.115,1.692,-0.526,0.966,1.113,0.922,0.955,0.229,-0.81,0.713,0.718,1.069,-0.538,1
38.0,1038.0,12015.0,14.2,34.0,6,0.607,1,592.0,0,7,0.574,2049.0,2.4,1391.0,2460.0,36,69.1,0.0666,0,1,0,4,2,0,9.0,0.46,-0.93,0.764,1.329,-1.397,-0.594,0.425,0.926,-0.895,-0.379,0.804,-0.602,-3.093,-0.152,-1.198,0
43.0,2403.0,27439.0,6.2,40.0,7,0.617,2,515.0,0,3,0.471,1648.0,7.7,905.0,16234.0,24,667.9,0.2779,0,1,2,2,2,0,74.0,0.85,0.513,-0.13,-0.485,-0.964,-0.423,-0.84,-0.697,-1.139,0.354,-0.391,0.388,0.425,-0.236,0.145,1
20.0,857.0,10875.0,0.0,42.0,7,0.461,0,689.0,1,1,0.64,142.0,5.0,699.0,1823.0,60,31.3,0.0365,1,2,0,2,3,0,105.0,0.549,0.967,-0.174,0.345,-0.66,-0.471,-1.456,0.877,0.559,-0.487,-2.714,0.4,-0.621,0.815,0.66,0
29.0,579.0,6914.0,3.5,52.0,2,0.272,0,707.0,0,0,0.175,0.0,3.6,556.0,5143.0,24,216.5,0.3739,0,2,1,2,0,1,126.0,-1.122,0.54,0.361,-1.203,-0.173,0.616,-1.128,1.178,-0.192,-1.21,0.977,-1.277,1.794,2.432,-0.786,0
38.0,2570.0,30371.0,6.0,42.0,1,0.264,1,634.0,1,2,0.148,281.0,3.7,4076.0,7296.0,60,120.5,0.0469,1,0,1,3,1,1,70.0,0.899,-0.181,1.41,2.476,0.739,-1.487,-0.009,0.189,-0.584,-0.487,-0.903,-0.882,-0.457,-0.353,0.71,0
36.0,2078.0,26276.0,3.5,33.0,3,0.359,1,537.0,3,1,0.266,287.0,3.8,731.0,7175.0,36,200.5,0.0965,0,1,3,2,1,1,134.0,-2.628,-0.311,-0.121,1.116,0.177,-0.771,0.491,0.787,-0.255,-0.427,0.763,0.537,-0.229,1.896,0.145,0
29.0,910.0,10839.0,0.8,39.0,7,0.34,0,650.0,1,1,0.301,67.0,9.7,701.0,6346.0,24,274.7,0.3019,0,3,2,3,1,1,67.0,0.408,-0.018,0.779,0.621,-0.416,-0.131,1.06,-1.342,0.171,-1.094,-1.187,0.417,0.641,-0.737,-1.58,1
21.0,970.0,11621.0,0.8,26.0,7,0.134,0,730.0,4,2,0.174,125.0,4.7,2265.0,6626.0,36,186.6,0.1924,1,2,0,4,4,1,39.0,-0.394,-1.083,-0.055,-0.808,-0.242,0.633,0.069,-2.234,-0.519,0.636,0.621,0.095,-0.756,-0.024,-0.998,0
34.0,1267.0,14555.0,4.2,32.0,1,0.363,0,646.0,2,0,0.564,0.0,4.0,610.0,6296.0,36,172.4,0.1361,1,0,0,5,1,1,128.0,-1.338,1.466,-1.594,0.118,0.382,1.084,-0.246,-0.287,1.901,-0.154,0.283,0.175,0.618,1.076,0.083,0
47.0,1316.0,14888.0,18.8,42.0,6,0.14,0,697.0,0,3,0.117,163.0,3.2,667.0,10937.0,60,179.3,0.1362,0,1,2,3,1,1,48.0,-1.001,-1.475,-0.706,0.989,-1.781,0.678,-0.867,2.447,-0.522,-1.077,-0.018,-0.219,2.21,-1.02,1.172,0
54.0,2180.0,27277.0,22.2,39.0,3,0.726,3,467.0,7,2,0.632,867.0,9.0,2422.0,4900.0,24,201.4,0.0924,0,1,0,3,1,1,49.0,-2.512,0.814,-0.675,0.907,-1.906,-0.02,-0.726,1.403,-0.721,-0.404,0.384,-0.26,0.606,-0.559,-0.34,1
53.0,766.0,9244.0,4.7,37.0,6,0.251,0,775.0,1,2,0.131,56.0,4.5,635.0,4526.0,60,74.2,0.0969,1,2,0,3,2,1,66.0,0.487,-0.531,-0.242,1.195,0.897,0.52,0.231,0.561,-0.507,0.0,0.478,-0.525,0.412,-0.621,1.244,0
56.0,1955.0,23671.0,10.3,31.0,3,0.094,1,606.0,3,2,0.272,490.0,12.2,1897.0,12078.0,12,993.9,0.5084,1,0,0,3,3,1,187.0,-0.749,0.371,-1.86,-0.044,-1.113,-0.267,0.247,-0.447,1.998,-0.778,-0.286,-0.022,-0.705,0.926,-0.519,0
53.0,1980.0,23407.0,9.1,48.0,6,0.258,2,543.0,2,3,0.22,501.0,9.2,1614.0,9728.0,24,406.5,0.2053,0,3,0,3,3,0,54.0,-2.28,1.352,0.28,-1.138,-0.83,-0.59,0.2,-1.566,-0.351,0.23,-0.013,0.753,1.842,0.908,0.549,1
40.0,1361.0,16668.0,4.5,24.0,6,0.259,0,664.0,1,0,0.172,0.0,6.3,670.0,3580.0,12,298.9,0.2196,0,2,0,3,0,0,38.0,0.663,-0.447,0.093,1.956,0.762,-0.744,0.658,-2.711,0.076,-0.234,-2.105,-0.6,0.482,-0.668,-1.081,0
28.0,1196.0,14365.0,2.1,29.0,7,0.689,1,561.0,2,2,0.542,357.0,9.4,1766.0,6403.0,12,535.4,0.4477,0,3,2,4,2,0,15.0,-0.324,-0.505,0.713,0.273,-1.307,-1.242,1.936,0.313,-1.344,-0.547,2.016,-0.198,-0.606,-0.534,0.428,1
57.0,4845.0,61655.0,10.3,39.0,3,0.267,0,657.0,3,3,0.162,1109.0,5.7,1616.0,18199.0,48,387.4,0.08,0,0,0,4,0,0,57.0,-0.498,-1.684,-0.489,0.366,0.664,-2.331,-0.947,-1.725,0.514,-0.104,0.774,-0.134,-0.322,-0.895,0.294,0
46.0,1333.0,16683.0,11.1,58.0,5,0.342,0,697.0,3,1,0.32,149.0,1.8,815.0,6163.0,48,129.4,0.0971,0,3,1,4,3,1,131.0,0.08,0.414,1.373,0.996,2.453,0.139,1.814,-0.271,0.916,-0.093,1.332,0.901,1.143,-0.949,-0.767,0
53.0,2422.0,28455.0,10.5,35.0,5,0.06,0,699.0,3,4,0.167,549.0,4.8,3591.0,16978.0,24,741.6,0.3062,1,1,2,5,0,0,62.0,-0.632,0.537,1.563,0.116,-0.835,-0.21,0.756,0.299,0.369,-0.853,-0.024,-0.987,-0.163,0.718,0.581,0
31.0,1955.0,22700.0,5.9,34.0,1,0.174,0,705.0,2,1,0.211,153.0,15.3,1109.0,15704.0,24,644.5,0.3297,1,1,1,2,2,0,62.0,-0.045,-1.263,0.687,-0.027,-0.682,0.218,-1.375,-1.249,1.334,-0.566,-1.752,-0.38,0.713,0.872,-0.067,0
33.0,1680.0,20101.0,7.1,20.0,3,0.209,0,730.0,0,5,0.015,35.0,2.5,1716.0,14175.0,24,590.6,0.3515,1,2,3,5,0,0,275.0,0.2,-1.119,1.136,0.096,1.226,-0.765,1.5,-1.581,1.396,-0.176,1.011,1.237,0.876,-0.211,-0.097,0
28.0,1277.0,15135.0,3.9,23.0,3,0.286,1,609.0,1,1,0.678,389.0,10.4,2482.0,2460.0,36,67.5,0.0529,0,0,2,1,0,0,72.0,-0.365,-0.706,0.382,0.342,0.771,-0.517,0.614,0.752,0.576,-0.461,0.718,0.048,-0.796,-0.978,-0.078,0
36.0,1263.0,14951.0,4.9,37.0,4,0.373,1,609.0,0,2,0.462,622.0,12.2,2930.0,6471.0,36,181.4,0.1436,0,0,0,2,1,1,36.0,-0.435,-0.06,0.631,1.231,0.056,-0.939,-0.057,-1.159,1.273,1.053,-0.012,-0.933,0.304,0.509,0.315,0
40.0,2084.0,23648.0,12.3,53.0,4,0.384,2,559.0,0,1,0.161,132.0,5.5,1923.0,20455.0,12,1632.3,0.7833,0,2,1,4,2,0,99.0,1.27,-1.204,-1.031,0.978,-0.413,0.657,-1.174,0.354,-0.262,-0.465,-0.389,-0.587,-2.062,1.063,0.867,1
59.0,1121.0,13073.0,10.3,30.0,7,0.227,0,728.0,3,1,0.076,46.0,5.9,603.0,1754.0,36,49.1,0.0438,1,1,0,4,2,0,9.0,1.581,0.463,1.094,-0.066,0.885,0.108,-0.105,-0.739,0.842,0.243,0.804,-0.636,-1.635,0.08,0.697,0
59.0,1016.0,12014.0,16.5,43.0,6,0.773,2,501.0,1,1,0.52,232.0,2.4,1059.0,6256.0,36,175.4,0.1726,1,0,2,2,2,1,56.0,2.921,-0.219,-1.362,1.561,-0.104,0.248,-0.433,0.327,-0.591,-1.234,-1.36,-0.364,-0.892,-0.375,1.95,0
51.0,941.0,10985.0,21.8,25.0,2,0.393,1,706.0,3,2,0.398,280.0,14.4,600.0,2138.0,24,87.1,0.0926,0,2,1,3,1,1,40.0,1.597,-0.04,-2.008,-0.037,1.507,-0.863,-0.67,1.677,-1.521,-1.003,-1.413,-0.316,1.598,-0.861,-0.245,0
35.0,1280.0,15987.0,3.4,43.0,3,0.398,0,685.0,1,3,0.453,665.0,5.9,119.0,6801.0,12,562.8,0.4397,0,3,2,2,2,0,70.0,-2.064,0.209,-0.314,-0.327,0.635,0.275,-0.577,-0.157,-0.609,-0.158,0.449,0.89,-0.985,-0.236,-0.25,1
53.0,1167.0,14762.0,15.4,32.0,0,0.191,0,787.0,3,4,0.43,686.0,5.6,1862.0,7573.0,24,312.2,0.2675,0,0,1,3,0,1,15.0,1.067,-1.884,-0.043,1.257,1.338,1.114,0.231,0.091,-0.972,-0.41,0.873,0.002,-0.217,0.293,-1.15,0
32.0,767.0,9847.0,3.7,39.0,1,0.292,0,621.0,0,1,0.207,39.0,17.7,198.0,7460.0,24,316.5,0.4126,0,0,0,4,1,0,71.0,0.953,0.309,-0.05,-0.467,0.404,-1.366,2.536,0.258,-0.619,0.917,-0.169,0.454,-0.948,1.051,-0.535,0
60.0,2459.0,30157.0,19.6,50.0,1,0.774,0,577.0,1,2,0.762,2098.0,3.2,3899.0,23995.0,48,489.5,0.1991,0,1,1,1,0,1,56.0,-1.729,0.436,-0.674,-1.77,-0.837,-0.273,0.553,3.035,0.404,0.294,0.905,0.593,0.37,-1.473,0.916,0
20.0,1095.0,13244.0,0.0,47.0,0,0.812,1,501.0,6,1,0.875,446.0,11.7,1861.0,6327.0,36,177.6,0.1622,1,1,1,1,1,1,57.0,-0.244,0.548,-1.327,-0.49,-1.217,0.603,0.071,-0.177,1.456,0.349,0.114,0.163,-0.783,1.943,0.003,1
44.0,1095.0,13239.0,6.5,49.0,2,0.192,0,665.0,1,0,0.391,0.0,4.3,1851.0,5567.0,24,235.8,0.2153,0,1,1,4,0,1,17.0,0.778,1.817,-0.672,2.121,0.219,0.488,1.222,0.498,-0.243,-0.46,0.911,-1.331,1.292,0.162,-0.954,0
43.0,875.0,10717.0,16.3,29.0,4,0.382,0,635.0,2,3,0.286,276.0,7.0,1811.0,5376.0,12,440.9,0.5039,0,0,1,5,0,1,137.0,0.368,0.426,0.827,-0.983,0.245,0.34,0.246,0.484,0.254,1.065,-0.996,-0.876,-0.795,1.358,-0.506,0
32.0,907.0,10396.0,8.2,43.0,2,0.202,0,649.0,0,2,0.291,193.0,5.6,4616.0,6786.0,60,110.9,0.1223,0,0,1,2,1,1,114.0,-0.173,-0.713,-1.757,-0.644,0.925,0.698,-0.533,-0.988,0.076,-0.865,2.104,-0.979,0.117,-0.04,-0.123,0
46.0,1477.0,17592.0,4.0,39.0,6,0.34,1,680.0,1,2,0.247,325.0,6.4,1443.0,14075.0,24,577.9,0.3913,0,0,3,1,0,1,35.0,-1.482,0.768,-0.561,1.446,-0.084,-0.65,-1.226,-0.887,-1.313,0.054,-0.756,-2.185,-0.917,0.14,-0.733,1
54.0,2127.0,24526.0,19.1,47.0,1,0.454,0,718.0,2,1,0.449,246.0,5.4,3679.0,7581.0,12,633.7,0.2979,1,0,2,1,1,1,86.0,0.28,-0.295,0.172,-0.547,-0.291,-1.124,-0.946,1.07,0.362,-0.642,-0.988,-0.863,-0.084,-1.805,-0.069,0
44.0,3244.0,39773.0,23.6,54.0,4,0.499,1,661.0,2,3,0.487,2395.0,5.0,1336.0,29665.0,36,812.5,0.2505,1,1,0,4,3,1,50.0,-0.008,-0.233,-2.434,-0.964,0.381,-0.409,-0.439,0.778,-0.629,-0.906,-0.43,-2.927,-0.802,-0.195,0.297,0
36.0,2013.0,24712.0,11.1,30.0,0,0.34,0,655.0,2,1,0.239,167.0,3.7,1525.0,11948.0,60,194.7,0.0967,0,2,0,4,2,0,69.0,0.536,-0.191,-0.562,-0.145,0.441,0.506,-0.634,-0.976,1.36,0.838,-1.04,-0.955,0.77,-0.896,0.531,0
29.0,1445.0,17582.0,4.9,29.0,6,0.147,0,735.0,5,3,0.281,384.0,13.2,768.0,9958.0,36,282.2,0.1953,1,2,3,4,1,1,225.0,-2.412,0.191,-0.529,1.872,0.224,-0.338,-1.39,0.847,-0.729,-0.768,-0.234,-0.103,1.421,-0.59,1.052,0
35.0,1121.0,14013.0,10.1,35.0,2,0.647,1,550.0,2,3,0.512,424.0,6.0,943.0,4632.0,12,377.9,0.3371,1,1,1,2,1,1,110.0,-0.785,1.104,0.608,0.431,-1.017,1.014,1.76,-0.509,-1.209,-0.161,-0.728,-0.211,-2.118,-1.527,0.379,1
29.0,1052.0,11788.0,5.3,37.0,2,0.293,0,592.0,0,2,0.364,307.0,17.8,218.0,10431.0,12,861.2,0.8186,1,0,2,2,0,1,25.0,-0.066,1.41,0.205,-1.242,0.717,-0.727,0.945,0.849,1.68,-0.363,0.232,0.26,1.711,0.556,0.909,1
75.0,923.0,11606.0,10.6,45.0,2,0.246,1,650.0,1,1,0.17,63.0,2.8,1258.0,8593.0,48,173.0,0.1874,0,0,1,3,5,1,58.0,-0.911,-1.452,-0.465,1.003,1.042,0.631,0.79,-0.283,0.016,-0.434,1.149,-0.416,0.641,0.407,-1.305,1
37.0,1318.0,15851.0,6.7,42.0,4,0.456,1,658.0,4,2,0.405,432.0,14.4,2065.0,6981.0,36,196.3,0.1489,1,1,1,3,1,0,101.0,1.616,0.973,-2.514,1.62,2.256,-1.172,-0.06,-0.146,-1.878,-0.21,0.921,0.276,0.445,0.969,0.341,1
35.0,1723.0,21762.0,5.7,33.0,6,0.097,1,658.0,4,3,0.166,418.0,4.3,999.0,4337.0,36,123.9,0.0719,0,1,0,3,0,0,159.0,0.115,0.098,0.446,0.937,-1.112,0.573,1.112,-2.378,-0.211,-1.18,-2.865,0.103,0.918,1.994,1.73,0
34.0,756.0,9100.0,2.7,48.0,6,0.167,0,641.0,1,2,0.0,0.0,5.7,525.0,2805.0,24,116.9,0.1546,0,1,1,4,3,0,222.0,0.846,0.867,-0.321,1.354,-1.86,-0.84,0.551,0.493,-1.285,-0.162,-1.022,-1.363,-0.919,0.631,-0.107,0
56.0,1453.0,17930.0,13.5,43.0,1,0.439,0,658.0,1,2,0.283,205.0,7.7,430.0,4803.0,48,99.4,0.0684,0,2,2,2,0,1,69.0,-0.677,1.908,1.268,-1.286,-0.817,-0.747,0.766,-0.016,-0.85,-0.641,1.356,-1.708,-0.331,2.36,0.838,0
38.0,1004.0,12457.0,5.0,38.0,4,0.506,1,547.0,2,0,0.625,0.0,4.6,1432.0,6061.0,24,251.7,0.2507,0,3,1,2,1,0,111.0,-0.852,0.6,0.066,1.72,0.086,-0.041,0.881,1.379,-1.155,1.07,-0.574,-0.358,0.509,-0.997,0.048,1
41.0,2547.0,30125.0,7.1,41.0,1,0.318,0,711.0,4,1,0.458,588.0,5.9,1329.0,7021.0,48,142.5,0.0559,0,0,1,3,2,0,105.0,-0.87,-0.935,0.423,1.183,0.214,0.547,0.07,-0.486,1.142,-0.556,0.291,-0.819,0.577,2.146,0.07,0
20.0,1011.0,11875.0,0.0,44.0,4,0.267,0,595.0,1,3,0.156,262.0,2.7,270.0,7404.0,12,608.6,0.602,0,2,3,4,0,1,29.0,-0.806,-0.786,-0.581,-0.571,1.337,1.955,0.254,1.452,0.609,-2.261,0.646,-0.932,0.042,-0.84,-2.003,1
27.0,410.0,5092.0,1.9,33.0,5,0.699,1,580.0,3,1,0.59,105.0,4.2,317.0,2177.0,60,37.4,0.0912,0,0,0,1,0,0,74.0,0.756,0.891,-0.664,-0.072,1.101,0.895,2.193,0.232,0.255,1.343,1.053,0.502,0.113,-0.822,0.067,0
38.0,939.0,10829.0,10.5,36.0,7,0.745,1,547.0,3,1,0.439,153.0,6.1,860.0,5425.0,36,151.6,0.1614,0,2,2,5,1,1,54.0,0.758,-0.17,-0.289,1.468,0.047,-1.497,-0.35,0.834,0.149,2.912,0.913,1.088,-1.943,0.712,1.321,0
33.0,3103.0,36909.0,2.8,45.0,7,0.093,0,798.0,1,1,0.0,0.0,10.1,1416.0,27775.0,36,783.1,0.2524,1,0,1,2,2,1,30.0,0.811,0.973,-0.987,0.378,0.148,-0.263,-0.122,1.234,-0.255,0.433,-0.066,-0.614,-0.026,-1.408,0.238,0
31.0,1411.0,16006.0,9.0,47.0,6,0.416,1,540.0,1,1,0.378,219.0,3.5,2339.0,2916.0,36,84.4,0.0598,0,2,0,2,1,0,75.0,2.247,0.76,-0.386,-0.963,-1.013,-2.017,0.101,0.609,1.262,0.521,-2.202,-0.252,-1.531,-0.494,-0.434,0
39.0,1911.0,22482.0,5.1,40.0,0,0.28,1,610.0,0,3,0.263,462.0,5.6,1213.0,12507.0,24,524.8,0.2746,1,1,0,2,0,0,177.0,1.618,-0.786,-2.21,1.267,0.403,-0.95,0.925,0.979,-0.115,0.725,-0.92,0.006,-0.278,-0.216,-0.234,0
40.0,1160.0,13431.0,9.2,25.0,1,0.272,1,608.0,1,2,0.168,209.0,6.5,358.0,7883.0,48,167.9,0.1447,0,3,0,3,1,0,261.0,0.688,1.214,-0.59,1.475,0.418,1.879,-0.297,-1.499,-0.482,-0.96,0.077,0.233,-0.647,1.314,-0.47,0
69.0,3050.0,39249.0,40.0,37.0,4,0.199,0,733.0,2,2,0.295,553.0,3.8,3097.0,28936.0,24,1236.3,0.4053,0,1,1,4,0,0,157.0,0.601,-0.197,0.223,0.672,0.051,-1.383,1.12,-0.555,0.824,-0.24,2.069,0.816,1.835,-0.269,0.13,0
21.0,2343.0,27929.0,0.3,47.0,6,0.236,0,711.0,1,0,0.146,0.0,4.3,675.0,15219.0,48,319.4,0.1363,0,3,0,4,2,1,37.0,-0.791,-0.606,0.568,-0.317,-1.83,0.779,0.807,-1.169,0.734,0.064,0.459,-0.425,-0.765,-0.072,-1.564,0
38.0,1039.0,12183.0,3.8,37.0,3,0.327,0,691.0,0,2,0.337,289.0,2.8,486.0,7814.0,24,312.2,0.3005,0,1,0,2,0,0,31.0,-1.027,-1.781,0.508,-0.012,0.39,0.837,0.501,-1.282,-0.003,-0.454,-1.844,-1.627,-0.516,0.575,-0.575,0
52.0,1364.0,16768.0,18.8,17.0,7,0.302,0,720.0,2,0,0.243,0.0,10.5,428.0,3722.0,12,311.4,0.2283,1,2,0,2,1,0,181.0,-0.044,-1.335,1.135,0.426,1.24,0.667,0.76,-0.192,2.049,-0.956,0.628,-0.302,0.583,1.193,-0.153,0
36.0,2693.0,31638.0,4.2,38.0,4,0.152,0,672.0,6,3,0.34,981.0,14.2,1971.0,15760.0,12,1311.4,0.487,0,0,1,3,0,1,6.0,-1.158,-0.406,0.335,-0.561,-1.269,-0.162,-1.009,-0.197,-0.23,-1.183,0.433,-1.911,-1.739,-0.399,0.2,0
45.0,1656.0,19055.0,14.4,49.0,1,0.432,0,627.0,1,1,0.093,81.0,12.1,586.0,10543.0,36,288.3,0.1741,1,1,3,4,0,0,49.0,-0.669,-0.531,2.882,-0.139,0.64,-0.056,0.037,0.141,-1.628,-0.561,-0.131,-0.033,-2.587,1.389,0.248,0
26.0,2193.0,25832.0,1.7,47.0,4,0.422,1,609.0,2,1,0.102,63.0,3.3,2327.0,10353.0,12,839.1,0.3826,0,0,2,3,0,0,303.0,-0.254,0.747,-0.966,-0.578,-0.622,-1.705,-0.743,-1.295,-0.842,1.407,1.095,0.385,-1.783,0.244,-0.921,1
48.0,640.0,7921.0,20.2,45.0,4,0.46,1,610.0,3,1,0.415,67.0,7.0,964.0,3921.0,48,81.7,0.1277,0,2,1,3,1,1,2.0,1.038,-0.444,-0.139,-0.144,1.86,1.737,-1.262,-0.155,-0.598,-1.419,-1.218,-0.839,-2.667,-0.322,-1.837,0
46.0,2555.0,32618.0,6.0,36.0,4,0.178,1,611.0,4,1,0.239,211.0,1.4,2735.0,5961.0,12,490.6,0.192,1,3,1,3,0,0,45.0,-0.215,0.096,0.466,-1.062,1.887,-1.171,0.975,1.828,0.767,-0.2,-0.573,-1.626,-0.816,-0.397,0.301,0
40.0,813.0,9073.0,5.9,38.0,2,0.02,1,650.0,1,4,0.0,0.0,9.2,563.0,7445.0,60,128.0,0.1574,0,2,0,4,1,1,35.0,0.002,1.117,0.844,-1.7,-0.183,0.72,0.874,0.063,0.054,-0.195,-1.103,0.763,-2.084,1.081,0.492,0
42.0,2275.0,26787.0,16.4,42.0,6,0.41,0,698.0,0,4,0.811,3731.0,2.4,6210.0,15847.0,48,315.6,0.1387,1,1,1,3,1,1,52.0,0.463,0.516,-0.385,-1.444,0.552,-0.656,-3.199,-2.393,0.128,0.015,-0.545,0.382,-1.727,-1.498,-0.559,0
20.0,989.0,11683.0,0.0,35.0,6,0.572,2,609.0,0,1,0.444,124.0,2.1,2123.0,8129.0,24,343.7,0.3475,1,0,0,2,0,0,99.0,0.147,-0.885,0.417,0.277,-0.118,-0.064,-0.693,-1.278,-2.436,0.361,1.687,1.199,0.413,-0.106,-0.074,0
24.0,1364.0,16777.0,2.1,47.0,1,0.422,2,569.0,1,1,0.25,89.0,13.0,1869.0,4424.0,60,71.7,0.0526,1,1,0,3,1,1,51.0,-0.403,-0.011,0.839,-0.56,-0.784,1.172,-0.409,-1.747,0.026,0.435,1.013,2.077,0.447,1.513,1.293,0
51.0,2485.0,30172.0,21.1,47.0,1,0.322,0,703.0,0,0,0.243,0.0,5.0,1553.0,10701.0,12,900.4,0.3623,0,1,0,2,1,0,57.0,0.337,0.717,-1.011,-1.272,-0.739,0.27,-1.044,0.422,1.134,-0.786,-0.192,-1.206,0.83,-0.251,-0.218,0
30.0,2769.0,31820.0,2.4,34.0,1,0.346,2,587.0,1,5,0.469,2789.0,2.2,11735.0,5535.0,12,456.3,0.1648,0,3,1,2,0,1,66.0,-0.624,-1.634,0.454,-0.869,-1.246,-0.312,0.939,-0.044,-0.876,0.209,0.024,0.305,-0.051,1.731,-0.917,0
34.0,1570.0,19498.0,10.8,43.0,2,0.224,1,588.0,0,1,0.212,107.0,3.2,1629.0,14085.0,12,1156.0,0.7363,1,1,0,3,1,0,99.0,0.128,-1.018,0.764,-0.328,0.495,0.917,0.22,-1.039,-0.309,0.561,0.879,1.001,0.6,1.098,0.537,1
46.0,752.0,9431.0,7.8,51.0,0,0.522,1,596.0,0,1,0.583,235.0,7.1,228.0,6418.0,12,526.1,0.6996,0,2,0,4,0,0,107.0,1.178,1.349,0.207,-0.779,0.432,0.14,1.079,0.0,-0.292,0.636,-1.676,0.817,-1.29,0.504,1.225,1
45.0,1108.0,13690.0,4.9,33.0,3,0.356,1,604.0,1,1,0.401,210.0,4.6,371.0,10895.0,36,308.5,0.2784,1,1,1,4,0,1,34.0,-0.713,-0.447,-0.145,-0.566,-0.475,-2.282,-1.014,1.005,0.251,-0.608,0.021,-1.045,1.183,-0.456,1.751,0
42.0,1216.0,14670.0,4.9,46.0,4,0.315,0,651.0,2,1,0.299,134.0,8.0,980.0,5695.0,24,232.5,0.1912,1,0,2,3,0,0,36.0,-0.576,-0.778,-0.278,-0.438,-0.035,-2.056,-1.233,-0.375,-0.441,-0.725,-0.265,-0.736,0.684,0.062,-2.621,0
54.0,2528.0,31539.0,24.8,42.0,2,0.325,0,680.0,1,2,0.298,483.0,8.6,428.0,22464.0,24,920.9,0.3643,0,1,0,5,2,1,67.0,-0.125,0.1,-0.606,-1.696,-0.182,-0.553,-0.661,0.32,-0.967,0.721,-1.204,-0.912,-0.72,1.115,-0.092,0
21.0,3828.0,47374.0,0.8,45.0,1,0.761,2,547.0,0,3,0.845,5424.0,17.9,3814.0,30744.0,12,2602.3,0.6798,1,2,2,3,2,1,96.0,-0.118,-0.711,-0.503,-1.422,-0.139,0.368,-0.857,-0.654,0.569,-0.677,1.683,0.001,1.147,0.432,-1.473,1
32.0,1182.0,14854.0,5.8,39.0,1,0.31,0,682.0,4,5,0.341,625.0,2.9,596.0,6767.0,24,284.1,0.2404,1,2,0,1,5,1,136.0,1.286,-1.061,1.716,0.078,-1.399,0.644,-1.093,-2.441,0.366,-0.55,0.327,-1.386,0.844,-0.148,-0.212,0
30.0,651.0,7968.0,6.3,36.0,3,0.16,0,711.0,0,2,0.058,25.0,7.9,992.0,2251.0,12,186.4,0.2863,0,3,0,1,1,1,27.0,0.31,1.966,-1.118,0.75,-0.791,-0.389,0.625,0.241,0.457,-0.582,0.048,-1.637,-1.393,1.448,-1.665,0
37.0,1039.0,12656.0,3.5,34.0,7,0.197,0,668.0,2,2,0.0,0.0,16.2,840.0,8157.0,24,345.2,0.3322,0,1,1,4,0,1,35.0,-0.291,-1.328,-0.32,0.183,1.344,-0.325,-0.487,1.086,0.874,0.502,-2.602,1.409,-1.341,0.984,0.127,1
41.0,1232.0,15233.0,2.7,23.0,2,0.45,0,707.0,0,2,0.314,248.0,1.5,3838.0,1409.0,60,23.6,0.0192,1,0,0,2,1,1,74.0,0.483,0.113,1.229,-1.0,1.113,1.245,1.33,-0.286,0.631,2.976,0.038,-0.687,-0.333,-0.077,0.874,0
33.0,2337.0,26641.0,12.5,44.0,2,0.257,1,598.0,4,2,0.185,421.0,3.2,2850.0,14000.0,36,399.4,0.1709,0,1,1,3,1,1,26.0,-0.838,0.677,0.308,0.249,-1.085,1.223,1.175,-0.091,1.339,-0.907,1.065,0.513,-0.556,1.214,0.396,0
33.0,2156.0,25846.0,1.9,34.0,7,0.052,0,657.0,2,4,0.093,399.0,6.8,541.0,3062.0,36,85.7,0.0397,0,0,0,2,0,0,119.0,-0.146,0.633,-1.12,-0.467,-0.555,-0.566,0.282,-0.939,-1.001,-1.856,-0.048,-0.168,1.175,-0.595,0.905,0
35.0,2123.0,26691.0,4.6,44.0,0,0.506,0,693.0,0,1,0.332,183.0,5.2,4130.0,20979.0,60,350.1,0.1649,1,0,0,2,2,0,36.0,0.478,-0.357,0.608,-0.742,0.483,-1.062,-1.254,-0.798,-0.863,0.264,2.278,-2.822,0.72,1.001,-1.264,0
39.0,1120.0,13294.0,9.6,45.0,2,0.164,1,679.0,2,2,0.278,345.0,9.8,1058.0,5831.0,36,161.2,0.1439,0,3,0,3,3,1,37.0,1.501,0.567,0.169,0.552,-0.429,0.609,-1.365,-0.31,1.293,-0.668,0.941,0.195,-0.874,-0.277,-1.588,0
62.0,2428.0,28148.0,22.3,41.0,0,0.187,0,614.0,2,1,0.0,0.0,5.3,1231.0,22894.0,60,381.1,0.157,0,2,0,5,1,0,76.0,-0.546,0.376,-1.033,-0.651,1.365,0.633,0.157,0.856,-1.96,1.683,3.06,0.723,0.054,1.715,-1.192,0
34.0,918.0,11280.0,6.8,42.0,0,0.35,1,615.0,2,6,0.315,523.0,9.6,161.0,2501.0,24,104.8,0.1142,0,3,0,3,1,0,55.0,-0.019,-0.204,0.244,2.004,1.206,1.843,0.013,-1.043,-0.752,-1.421,-0.127,-0.261,0.452,0.907,-0.4,0
53.0,1203.0,14593.0,19.9,54.0,2,0.357,0,695.0,3,2,0.225,272.0,4.1,3384.0,11152.0,24,454.9,0.3781,0,0,3,4,1,0,89.0,1.4,-1.139,0.793,-0.405,0.453,-0.024,-0.052,-0.094,0.686,0.986,-0.699,1.887,-0.443,-1.792,-0.112,1
20.0,2473.0,30076.0,0.0,50.0,3,0.435,1,602.0,2,4,0.307,1157.0,3.6,2850.0,13158.0,60,222.7,0.0901,0,2,1,3,2,1,50.0,0.709,0.46,1.1,-1.597,-0.657,1.568,0.467,1.516,0.505,-0.815,-0.565,-1.549,-1.158,0.804,-0.544,1
32.0,4815.0,59948.0,2.2,42.0,4,0.158,1,691.0,0,4,0.205,1236.0,1.4,1843.0,40519.0,48,829.9,0.1724,0,2,1,2,0,1,29.0,-0.499,-0.906,-1.24,1.016,0.485,0.913,0.469,0.45,-1.223,-0.346,0.952,-0.486,-1.47,0.115,-1.487,0
44.0,3455.0,39454.0,2.3,46.0,5,0.762,0,634.0,0,3,0.855,3980.0,4.0,3634.0,13949.0,48,292.7,0.0847,1,0,1,2,1,1,129.0,0.517,0.462,2.203,-0.338,-0.321,-0.283,0.655,0.846,0.1,-1.227,-0.856,0.27,1.048,-0.903,-2.012,0
33.0,906.0,11076.0,10.0,28.0,5,0.353,1,643.0,1,2,0.294,203.0,4.3,877.0,6790.0,36,187.2,0.2066,1,1,0,2,1,0,192.0,0.498,-1.785,1.354,0.071,-0.962,0.656,0.518,0.56,0.005,1.363,-0.234,-0.443,3.797,-0.971,-0.34,0
59.0,3676.0,47111.0,19.5,53.0,5,0.46,0,695.0,1,3,0.22,1166.0,2.1,1415.0,18525.0,36,523.4,0.1424,1,1,1,4,4,1,33.0,0.886,-1.901,1.395,0.602,2.173,0.622,-0.999,-0.561,-1.615,1.91,-1.48,-1.886,0.422,-0.884,0.059,0
52.0,2879.0,35468.0,15.0,37.0,7,0.365,1,604.0,2,0,0.364,0.0,1.6,2243.0,17701.0,48,371.6,0.1291,0,0,2,2,0,1,140.0,-0.449,-0.432,1.587,-0.264,0.44,0.654,1.049,0.811,-1.311,0.12,0.451,-1.385,-1.97,-1.552,-1.204,0
32.0,1743.0,20766.0,6.2,42.0,3,0.467,0,623.0,0,3,0.337,437.0,3.2,1681.0,11481.0,12,966.0,0.5542,1,3,1,2,0,0,103.0,-0.931,-0.729,0.786,0.117,2.468,1.087,-0.894,-1.039,0.584,0.386,1.374,0.718,0.806,0.223,-1.411,1
26.0,623.0,7514.0,2.1,32.0,5,0.211,1,674.0,0,1,0.107,26.0,13.2,563.0,1579.0,36,43.6,0.07,0,0,2,5,0,1,64.0,-0.274,-1.812,2.236,-2.319,0.154,1.368,2.339,0.79,-0.241,-0.347,-0.507,-1.907,-0.972,-1.408,0.046,0
29.0,3602.0,43494.0,3.7,48.0,1,0.449,1,650.0,5,2,0.231,760.0,9.9,2026.0,22363.0,36,616.8,0.1712,0,0,0,4,1,0,21.0,-1.875,0.034,0.662,0.234,0.433,-1.36,-0.694,1.475,-1.166,-0.765,-0.356,0.062,0.069,-0.842,0.062,0
32.0,1735.0,20331.0,0.8,45.0,3,0.245,0,697.0,0,0,0.257,0.0,5.3,5312.0,13303.0,60,217.5,0.1254,0,2,0,2,1,1,31.0,1.226,-0.316,1.182,-0.887,-1.418,-1.366,-1.097,1.309,-1.672,0.173,0.037,-0.164,-0.83,1.088,-0.588,0
28.0,1629.0,19628.0,3.0,38.0,7,0.561,1,583.0,0,3,0.658,1526.0,2.7,1105.0,7575.0,24,319.6,0.1962,0,1,1,1,0,1,85.0,-2.009,-0.376,1.346,-1.382,2.395,-1.095,-0.789,-0.355,0.144,-0.028,-0.422,-1.451,-1.796,0.624,-1.424,1
45.0,917.0,11447.0,11.3,44.0,7,0.475,2,584.0,4,2,0.591,342.0,2.3,423.0,8537.0,36,229.5,0.2503,1,1,0,5,1,0,82.0,-0.212,-1.888,-0.045,-1.862,-0.766,-1.317,1.275,-1.295,0.291,-0.947,-0.419,-0.744,-0.172,-1.137,1.201,0
44.0,2058.0,23910.0,3.9,57.0,6,0.81,2,489.0,1,0,0.507,0.0,4.6,2080.0,17765.0,48,388.8,0.1889,0,0,1,1,3,0,205.0,-0.3,1.207,-1.994,-0.818,0.763,-1.003,-0.145,1.7,0.127,-0.326,1.215,0.36,-0.567,0.007,1.323,0
41.0,1324.0,15431.0,13.3,33.0,7,0.593,1,570.0,3,2,0.566,648.0,3.7,1525.0,5690.0,12,468.0,0.3535,0,0,2,3,1,1,52.0,0.67,-1.125,0.949,0.396,0.183,-0.685,0.903,-0.58,-1.535,0.472,-0.094,-0.574,1.056,0.335,-1.932,1
37.0,1571.0,19111.0,6.0,39.0,4,0.526,0,675.0,2,2,0.456,487.0,8.9,344.0,6244.0,36,175.6,0.1118,0,0,1,4,0,0,35.0,1.639,0.635,1.597,-0.828,-0.312,-1.35,-0.572,0.714,-1.283,-0.948,-0.524,-0.606,1.834,-0.752,-0.982,0
44.0,2915.0,37376.0,5.3,36.0,6,0.509,1,627.0,2,2,0.403,1024.0,16.1,1822.0,15185.0,36,422.6,0.145,1,2,0,2,2,0,44.0,0.761,0.466,-0.359,-1.022,0.456,-0.117,-0.489,0.869,1.135,-0.26,0.482,-1.148,0.899,-0.477,0.04,0
67.0,2099.0,26040.0,10.0,40.0,0,0.547,1,565.0,2,0,0.507,0.0,9.0,1338.0,14662.0,24,620.7,0.2957,1,3,1,4,2,1,152.0,-0.08,-0.019,-1.162,0.727,-0.962,-0.508,0.421,-0.329,0.762,0.522,0.46,-0.71,0.391,-1.39,2.177,1
75.0,3038.0,38460.0,40.0,34.0,6,0.126,0,737.0,1,2,0.197,495.0,4.2,5702.0,4699.0,48,98.3,0.0324,0,3,1,3,0,1,89.0,1.787,1.014,0.783,0.799,-0.02,-1.257,0.298,-1.14,-2.271,-0.352,1.0,0.423,0.626,-0.34,0.059,0
36.0,1022.0,12770.0,15.7,38.0,4,0.236,0,620.0,0,0,0.356,0.0,12.8,1140.0,9713.0,24,405.4,0.3967,1,0,1,2,1,1,45.0,0.155,-0.587,0.034,-0.255,0.421,0.121,-1.311,0.859,1.898,1.826,-1.252,2.36,-0.799,-1.348,1.753,0
40.0,2315.0,26030.0,13.3,57.0,4,0.874,0,640.0,0,2,0.777,1893.0,0.6,3200.0,9381.0,24,388.4,0.1678,0,2,1,4,2,0,57.0,0.234,0.442,1.179,0.473,1.055,2.37,1.648,0.765,-1.152,0.86,0.382,-0.872,0.976,0.089,0.225,0
40.0,1084.0,13834.0,1.8,45.0,1,0.437,1,605.0,1,1,0.399,151.0,4.1,813.0,3161.0,36,86.5,0.0798,0,3,0,1,1,1,120.0,0.453,-1.819,-0.303,-0.172,-0.23,-0.281,1.844,-0.007,-2.604,0.037,0.361,0.368,0.309,1.547,-0.722,1
45.0,1825.0,21739.0,12.4,44.0,1,0.699,1,562.0,1,1,0.532,396.0,5.7,1935.0,10835.0,36,291.3,0.1596,1,3,0,3,2,0,189.0,-1.015,1.259,0.132,-0.278,0.097,0.329,0.759,-0.013,0.567,-0.695,-0.186,0.447,-0.004,-0.683,-1.988,0
47.0,448.0,5353.0,10.9,47.0,0,0.408,0,666.0,2,0,0.25,0.0,6.1,545.0,3950.0,36,106.8,0.2384,0,2,2,2,0,0,23.0,2.109,1.769,1.19,-1.158,1.544,0.001,0.554,-1.52,0.683,0.527,-0.893,-0.564,0.65,-0.647,-0.135,0
39.0,3038.0,35922.0,6.7,40.0,0,0.312,1,679.0,3,3,0.136,316.0,10.0,1534.0,13696.0,36,390.0,0.1284,1,2,1,2,0,1,43.0,-1.141,2.109,0.27,-1.175,1.286,0.74,-0.716,1.374,-0.584,0.233,-0.82,-0.192,-0.383,-1.672,-0.6,0
23.0,1586.0,18583.0,1.6,44.0,5,0.173,2,629.0,2,1,0.167,81.0,35.0,1006.0,2744.0,36,74.4,0.0469,1,3,1,1,0,0,145.0,-0.985,-1.239,0.658,-0.179,0.772,-0.026,-0.982,0.627,0.715,-1.45,-1.731,0.165,-0.533,0.475,-0.39,0
41.0,1648.0,18765.0,10.4,52.0,1,0.268,0,627.0,2,1,0.453,338.0,10.9,903.0,7390.0,60,119.6,0.0726,0,3,0,4,0,1,82.0,1.409,-1.369,-1.201,0.419,1.823,-0.194,-0.387,0.726,-1.32,-1.727,-1.359,1.508,-0.511,-1.266,-1.856,0
51.0,2685.0,30794.0,21.9,42.0,4,0.1,1,732.0,5,4,0.0,0.0,4.0,1807.0,10808.0,60,179.4,0.0668,0,0,1,4,2,0,46.0,0.318,-1.134,0.173,2.557,1.136,1.135,-2.353,-0.641,0.267,-0.446,-0.721,1.213,0.35,-0.544,-0.538,0
41.0,1052.0,13187.0,17.7,42.0,4,0.193,1,598.0,1,5,0.0,0.0,7.8,1129.0,6383.0,24,265.0,0.2519,0,0,2,1,3,0,126.0,-0.491,1.018,-0.999,-0.292,-1.634,1.645,0.637,-0.537,-0.413,-0.882,-0.649,-0.373,1.61,-0.37,-1.761,0
34.0,3763.0,45154.0,3.2,53.0,7,0.2,0,663.0,0,2,0.293,897.0,6.7,5378.0,10750.0,48,233.8,0.0621,0,2,1,2,0,1,50.0,0.563,-1.995,-2.48,-0.9,-0.549,2.32,0.413,-0.015,1.186,1.169,0.441,1.234,-0.074,-1.932,2.48,0
33.0,628.0,7395.0,9.0,44.0,5,0.242,2,534.0,2,3,0.105,91.0,1.8,197.0,2343.0,12,193.7,0.3084,0,1,2,5,0,0,203.0,-1.125,0.166,0.868,-1.059,1.597,-0.451,0.28,1.255,-0.067,1.522,-0.506,1.298,1.275,-2.057,-1.633,1
52.0,1412.0,17376.0,14.8,45.0,7,0.185,1,662.0,1,2,0.165,154.0,3.4,796.0,1624.0,48,34.3,0.0243,1,1,3,2,0,0,140.0,-0.261,-0.286,0.686,0.58,0.702,0.004,1.191,-0.31,-0.086,0.207,0.394,0.623,0.662,1.18,-2.316,0
61.0,1867.0,22963.0,33.5,45.0,0,0.103,0,759.0,2,1,0.093,53.0,6.8,1167.0,7936.0,24,327.5,0.1754,1,0,1,2,0,1,40.0,-0.086,0.023,-0.963,0.791,0.071,-0.596,-1.414,-0.8,-1.317,1.426,0.966,-0.866,1.326,-0.856,0.535,0
52.0,1669.0,20181.0,10.5,54.0,0,0.39,0,649.0,0,1,0.171,94.0,12.1,775.0,3119.0,60,53.3,0.0319,0,1,1,5,2,0,211.0,-1.485,0.209,0.961,0.636,-1.381,-0.731,1.437,0.117,-0.236,-0.071,-1.404,0.11,-0.229,-0.079,-0.492,0
55.0,1454.0,16508.0,9.7,38.0,2,0.125,0,670.0,0,3,0.219,295.0,14.7,1139.0,12018.0,24,489.5,0.3367,0,3,0,4,1,0,60.0,0.066,-0.302,-1.513,0.844,1.117,0.221,0.185,-0.029,0.647,-0.397,-0.574,0.796,-0.348,-0.774,-0.051,1
43.0,2614.0,31024.0,10.5,30.0,3,0.516,0,651.0,3,0,0.509,0.0,3.7,1414.0,8387.0,36,228.6,0.0875,0,0,3,1,0,0,109.0,-0.186,0.63,-1.955,0.199,0.74,-1.439,-0.118,-1.438,-0.613,-0.823,1.005,0.393,-0.315,0.829,0.41,1
55.0,786.0,9223.0,7.5,47.0,1,0.306,0,663.0,2,1,0.198,46.0,4.6,254.0,4372.0,48,89.3,0.1136,1,1,1,2,2,1,24.0,1.121,0.638,-0.497,2.051,0.558,-0.51,0.116,0.248,-0.418,2.135,-1.627,-0.736,0.747,1.548,-1.351,0
34.0,1619.0,18994.0,10.6,31.0,6,0.1,0,715.0,0,0,0.292,0.0,8.1,348.0,1934.0,48,39.0,0.0241,0,3,1,4,0,1,51.0,0.54,0.097,-1.722,-0.031,-0.49,1.094,0.431,-1.108,0.31,-0.901,-0.026,-0.443,-0.06,-0.265,-1.163,0
58.0,3178.0,38416.0,5.9,32.0,0,0.446,0,648.0,1,3,0.374,1376.0,16.5,2143.0,29517.0,24,1270.2,0.3997,0,0,2,4,1,0,76.0,0.169,1.278,-1.7,-1.839,-0.48,0.525,-3.275,-0.638,-0.533,1.271,1.018,-1.259,0.903,0.354,0.089,0
29.0,786.0,9239.0,3.9,38.0,5,0.558,0,628.0,2,1,0.5,178.0,2.4,735.0,5867.0,48,126.4,0.1608,0,1,1,3,1,0,149.0,-1.175,1.691,-0.39,-0.306,0.968,1.389,0.061,-0.628,0.041,0.398,-0.989,-0.838,-0.658,-1.832,-2.51,0
31.0,1693.0,21129.0,1.9,40.0,7,0.244,0,654.0,2,3,0.071,123.0,10.3,2220.0,4285.0,36,115.9,0.0685,0,2,1,3,2,1,46.0,-0.736,-0.159,0.07,-0.208,0.234,0.127,0.317,-0.512,-1.282,-0.828,1.805,-0.365,-0.326,-1.474,0.111,0
23.0,3855.0,44960.0,0.5,47.0,2,0.438,0,702.0,1,1,0.589,1144.0,13.5,7432.0,17145.0,36,475.8,0.1234,0,1,1,2,1,1,41.0,1.156,-0.072,-0.102,0.854,0.599,-0.964,0.146,-0.375,-1.169,0.319,0.129,-1.881,-1.781,1.641,-0.516,0
51.0,2380.0,28277.0,16.5,48.0,7,0.488,2,567.0,2,2,0.21,262.0,10.5,1637.0,7179.0,48,142.4,0.0598,0,2,1,4,1,0,103.0,-1.453,-0.24,-0.166,1.122,-0.452,-0.488,-0.307,1.324,-1.953,0.867,-0.005,1.169,-0.07,1.083,1.419,0
40.0,1319.0,15667.0,11.2,35.0,4,0.753,3,493.0,5,1,0.582,264.0,10.7,484.0,8876.0,48,183.1,0.1388,0,2,1,5,0,1,82.0,-1.307,-0.473,1.035,-1.796,-0.884,0.124,0.026,0.834,1.392,1.233,-0.497,-0.94,-0.034,0.21,0.092,1
43.0,1785.0,20875.0,3.2,41.0,1,0.132,0,723.0,1,2,0.0,0.0,9.5,445.0,17210.0,24,704.9,0.3949,1,1,1,3,2,1,37.0,-0.587,0.097,-0.373,0.066,0.396,-0.596,-0.443,-2.302,0.019,2.134,0.98,-0.387,0.282,-0.07,-0.755,1
43.0,1154.0,14263.0,8.2,45.0,5,0.32,1,652.0,3,1,0.191,61.0,3.4,1525.0,7556.0,24,305.5,0.2647,0,0,0,3,1,0,138.0,-0.371,1.057,-0.393,-0.755,-1.049,-0.109,-0.324,-1.825,0.56,1.172,0.774,1.339,-2.32,-0.337,-2.062,0
35.0,3997.0,49677.0,7.5,37.0,5,0.366,0,695.0,0,2,0.452,1415.0,4.6,3810.0,13769.0,24,573.9,0.1436,0,2,1,3,0,1,88.0,0.577,0.105,-0.918,-2.806,-2.059,-1.407,0.27,-0.051,-0.894,-0.858,0.367,-1.752,0.901,0.654,-1.521,0
38.0,1140.0,13795.0,7.4,51.0,1,0.476,0,641.0,0,3,0.455,442.0,19.7,853.0,2692.0,12,221.6,0.1944,0,0,1,4,2,1,31.0,-0.578,1.092,0.974,-1.582,-0.492,0.875,-0.789,-0.679,0.296,-0.021,-0.369,-1.921,-1.318,0.557,-0.311,0
60.0,1531.0,19117.0,24.0,43.0,4,0.568,2,518.0,2,1,0.466,324.0,15.0,2893.0,1761.0,36,48.2,0.0315,1,0,1,2,0,1,9.0,-1.125,-1.219,-1.589,0.699,-0.727,-0.067,-0.241,1.728,1.416,1.216,-1.398,-0.115,-1.149,1.577,-0.085,0
51.0,3342.0,40811.0,5.4,43.0,1,0.393,2,599.0,0,1,0.404,401.0,7.2,2119.0,7495.0,36,213.8,0.064,0,2,1,3,0,0,36.0,-0.223,1.914,0.782,-0.179,-1.406,-0.403,-0.523,0.408,1.27,-0.017,0.517,-0.621,-2.311,-0.3,0.407,0
46.0,844.0,10223.0,13.2,32.0,5,0.228,2,588.0,5,5,0.197,279.0,5.1,401.0,6233.0,12,533.2,0.6318,0,2,0,3,2,0,132.0,-0.479,0.081,-0.071,-0.53,-0.173,-2.159,-0.106,0.416,-0.453,-0.479,1.351,-1.464,1.954,0.927,0.239,1
39.0,1605.0,18907.0,9.2,24.0,3,0.356,1,657.0,1,4,0.252,731.0,5.6,1004.0,6211.0,24,265.0,0.1651,0,3,1,4,0,0,35.0,-0.703,2.212,0.129,0.096,-1.107,-0.593,-0.614,-0.861,2.887,0.173,1.531,-1.049,1.204,1.669,-1.063,0
42.0,2066.0,25444.0,7.9,36.0,5,0.78,3,497.0,1,1,0.68,768.0,10.0,1217.0,7550.0,36,211.1,0.1022,1,1,0,5,0,0,195.0,-0.236,1.469,0.529,0.279,0.484,-0.005,-0.807,0.036,1.849,0.682,-0.63,-0.567,-0.648,-1.887,0.917,0
36.0,1285.0,15260.0,5.9,47.0,2,0.744,3,472.0,2,1,0.564,251.0,2.4,2308.0,10010.0,24,402.5,0.3132,0,0,1,3,3,0,53.0,0.278,0.593,-0.931,-0.607,-0.646,-3.527,-0.336,-1.06,-0.0,0.483,-0.486,1.377,-0.038,0.692,-0.44,1
37.0,942.0,11066.0,3.2,30.0,2,0.244,1,654.0,2,4,0.203,312.0,10.2,1061.0,3216.0,12,266.8,0.2832,1,0,0,4,3,0,130.0,0.594,1.814,1.516,0.297,-0.421,0.391,0.672,0.036,0.414,1.038,0.07,0.171,0.658,-0.825,0.889,0
53.0,1951.0,23197.0,6.1,44.0,4,0.249,1,639.0,2,1,0.0,0.0,3.2,1732.0,11747.0,24,480.5,0.2463,0,1,1,2,0,1,59.0,-0.606,0.026,1.152,1.9,0.914,-0.672,-0.546,0.609,1.128,-0.687,-0.316,0.051,0.519,0.227,-0.4,0
47.0,1583.0,18787.0,5.5,36.0,0,0.568,1,604.0,2,5,0.441,884.0,7.0,3676.0,2802.0,60,47.0,0.0297,0,2,0,3,0,0,87.0,0.202,0.457,0.219,-0.047,-0.98,-0.985,-1.13,0.95,0.436,0.224,1.038,0.113,0.669,0.515,2.005,0
20.0,986.0,12234.0,0.0,41.0,7,0.28,0,672.0,1,2,0.254,173.0,13.5,434.0,1305.0,24,56.7,0.0575,0,0,2,2,1,0,66.0,0.732,1.328,0.247,-0.385,1.922,-1.679,-1.027,-2.176,-0.637,0.078,-0.157,-2.223,0.612,0.243,1.174,0
52.0,1806.0,21832.0,11.5,40.0,0,0.538,1,561.0,3,3,0.135,282.0,4.7,1622.0,5936.0,48,125.1,0.0693,0,0,0,4,2,0,134.0,0.561,-0.546,1.115,-1.104,-0.436,0.384,0.575,0.784,-1.257,0.744,1.31,-0.095,-0.207,0.661,-0.473,0
55.0,1869.0,21130.0,13.9,38.0,3,0.821,3,543.0,1,2,0.907,1545.0,9.7,473.0,12116.0,48,251.1,0.1343,0,1,1,2,3,0,92.0,-0.09,0.144,0.35,-0.652,1.0,-0.245,-0.078,0.602,-1.029,-1.145,0.612,-0.846,0.383,-0.713,-1.14,1
20.0,1311.0,15170.0,0.0,24.0,2,0.337,0,647.0,3,2,0.043,53.0,8.3,2407.0,1901.0,36,53.0,0.0404,1,2,1,1,2,0,85.0,-2.005,0.435,0.617,1.238,1.001,-0.268,2.79,-0.132,0.709,0.924,0.065,-0.673,-0.725,-0.866,-0.705,0
27.0,1103.0,13005.0,2.6,33.0,5,0.143,0,652.0,2,4,0.261,409.0,17.8,963.0,3452.0,48,71.6,0.0649,0,1,0,3,0,1,118.0,1.317,0.049,0.394,0.486,0.886,0.693,-1.455,-1.811,1.411,3.04,-0.735,0.509,0.084,-1.097,-0.123,0
45.0,1523.0,18825.0,15.5,31.0,3,0.52,2,527.0,4,4,0.693,2159.0,3.1,1379.0,12269.0,24,501.9,0.3295,0,0,1,1,2,1,103.0,0.89,-0.506,-0.828,-0.951,1.014,-1.074,0.249,-1.732,0.398,-0.234,-1.042,1.216,2.08,-0.669,1.857,1
26.0,1695.0,21037.0,5.3,52.0,3,0.387,1,638.0,4,7,0.282,1543.0,15.9,844.0,16555.0,36,453.6,0.2676,1,0,1,3,4,1,105.0,0.438,-0.41,1.78,-0.12,0.227,0.241,1.047,-0.454,1.319,0.336,-0.293,-0.361,-1.678,1.423,-0.774,0
34.0,631.0,7465.0,1.8,29.0,6,0.787,1,548.0,2,2,0.843,369.0,4.1,292.0,4789.0,36,131.3,0.2081,0,1,2,3,1,0,76.0,0.975,0.207,1.739,-0.841,-0.567,-0.177,-0.905,-0.191,-0.449,-0.222,-1.036,-1.613,2.652,0.078,0.005,1
57.0,986.0,11536.0,6.0,62.0,5,0.376,2,575.0,5,4,0.392,415.0,3.8,543.0,6180.0,12,525.2,0.5327,0,0,1,3,2,0,8.0,-0.144,-1.737,0.305,0.067,0.535,-1.609,2.446,1.116,-2.12,3.413,0.146,-0.919,-0.969,0.922,0.273,1
52.0,1781.0,22289.0,5.3,37.0,2,0.506,0,655.0,1,3,0.675,1568.0,5.2,995.0,14310.0,36,400.2,0.2247,1,3,0,5,2,0,71.0,0.927,0.674,-0.568,0.724,-0.321,-2.881,-1.272,0.928,1.119,0.705,0.089,1.008,-1.157,-1.069,1.436,0
49.0,1232.0,14282.0,14.6,48.0,7,0.296,0,762.0,1,3,0.307,280.0,2.4,505.0,11426.0,36,308.6,0.2505,1,0,0,4,1,0,97.0,0.914,-0.436,-0.965,0.892,0.538,0.762,-1.077,1.265,-0.961,1.255,-0.872,0.397,1.022,-0.194,0.819,0
31.0,383.0,4631.0,6.7,50.0,5,0.558,2,568.0,2,6,0.476,299.0,13.1,561.0,847.0,36,23.9,0.0624,1,2,0,2,0,0,43.0,0.707,-2.123,-0.315,0.101,-1.609,-0.371,-1.154,1.274,-0.334,-1.25,0.274,-1.56,1.179,-1.413,-2.681,0
39.0,997.0,12120.0,10.4,33.0,1,0.179,1,656.0,0,1,0.229,102.0,7.5,911.0,4407.0,24,189.0,0.1896,1,1,3,1,1,1,43.0,0.072,-0.022,0.501,-0.081,0.876,-0.245,-0.632,1.049,0.475,0.722,-0.945,1.334,-0.771,-0.095,0.902,0
38.0,1387.0,16334.0,10.6,42.0,2,0.094,1,618.0,5,1,0.292,209.0,4.6,1480.0,9422.0,36,251.1,0.181,1,0,3,2,1,0,127.0,1.45,0.641,-2.374,-0.34,-0.063,-1.953,-1.323,-2.824,-0.743,1.193,0.759,-0.024,-1.006,-0.073,-0.623,0
38.0,991.0,12008.0,7.5,35.0,5,0.191,1,666.0,0,3,0.293,448.0,9.0,896.0,2213.0,24,90.4,0.0912,1,3,2,1,3,0,102.0,0.211,-0.497,-1.678,1.674,-0.299,-0.767,0.156,1.09,1.171,0.937,1.201,-2.053,0.804,-1.246,-0.899,0
42.0,1660.0,18781.0,8.6,36.0,4,0.374,1,649.0,3,3,0.277,355.0,1.4,2495.0,16272.0,24,678.2,0.4086,1,3,2,1,0,1,34.0,-1.434,0.23,0.912,0.516,1.706,0.266,0.945,-0.937,-0.424,-0.712,-0.825,1.006,1.471,0.312,-2.087,0
47.0,322.0,3906.0,21.4,39.0,4,0.225,1,608.0,4,3,0.0,0.0,5.3,45.0,1510.0,24,61.3,0.1904,0,3,2,3,1,1,73.0,1.165,-0.16,0.705,-0.75,-0.285,-0.537,-0.199,-0.857,-0.162,1.911,0.157,0.308,1.271,0.657,-0.226,0
36.0,2259.0,28097.0,4.5,46.0,4,0.513,0,635.0,2,3,0.677,2462.0,3.4,2302.0,22010.0,36,591.7,0.2619,0,2,0,5,2,1,123.0,0.304,0.79,0.926,-0.623,0.217,0.481,0.568,-0.209,-0.147,0.422,-1.072,-0.476,1.528,-0.309,-1.052,0
52.0,1551.0,19291.0,16.8,46.0,0,0.788,4,365.0,6,7,0.893,5391.0,5.0,887.0,10144.0,36,283.0,0.1825,1,2,1,2,2,1,63.0,0.116,-0.201,-0.755,-1.014,-0.537,0.383,-0.907,0.244,-1.2,-1.544,-0.686,-0.567,1.51,-1.492,-0.111,1
39.0,1243.0,14703.0,8.7,40.0,7,0.303,1,623.0,2,3,0.352,658.0,2.5,1361.0,9076.0,60,150.7,0.1212,1,0,0,3,1,1,17.0,-0.563,0.181,-0.829,0.524,0.765,-0.185,-1.543,1.615,-0.765,-1.115,0.449,0.529,-0.75,1.142,0.31,0
20.0,1710.0,20766.0,0.0,45.0,1,0.325,0,712.0,4,2,0.317,606.0,2.6,606.0,2214.0,12,186.5,0.1091,1,1,2,3,0,1,21.0,1.461,-0.683,0.82,-1.003,0.745,-0.339,-0.434,-0.145,-0.017,1.528,-0.29,0.194,-0.205,-1.694,-1.897,0
35.0,1276.0,15383.0,4.1,45.0,4,0.26,1,627.0,2,3,0.06,60.0,1.7,1264.0,3788.0,48,77.4,0.0607,1,1,3,3,1,0,81.0,-1.795,-0.408,-0.666,-0.612,0.533,-0.588,1.545,1.633,1.715,1.714,0.357,-0.664,-0.363,0.708,-0.367,0
42.0,3913.0,43988.0,13.3,40.0,2,0.49,1,575.0,0,3,0.36,2055.0,3.8,1734.0,19189.0,12,1513.3,0.3867,0,1,0,3,0,0,42.0,0.449,-1.766,-0.641,-0.329,-0.264,-0.136,1.943,0.384,-1.58,-0.157,0.323,-0.048,0.1,2.101,2.137,1
52.0,1501.0,18640.0,14.1,33.0,4,0.267,0,737.0,2,4,0.027,48.0,4.4,1374.0,3867.0,60,65.2,0.0434,1,0,2,3,2,0,21.0,-0.651,-1.006,0.58,-0.979,0.919,-1.199,-0.447,-0.619,1.666,0.804,-1.606,0.801,0.981,1.838,0.757,0
53.0,1090.0,12746.0,14.1,27.0,7,0.144,0,690.0,2,7,0.166,640.0,4.8,1174.0,5149.0,60,85.1,0.0781,0,0,1,2,2,0,119.0,1.114,0.956,-0.099,0.107,0.951,-1.637,0.223,-0.68,-0.171,-2.198,0.391,0.381,0.406,0.285,0.887,0
22.0,851.0,9611.0,2.0,36.0,3,0.511,3,590.0,4,2,0.624,446.0,10.3,1015.0,2072.0,12,175.6,0.2063,0,0,0,4,0,0,81.0,-0.282,-1.125,-0.327,-0.121,-0.478,1.56,-0.954,0.485,-1.082,-0.577,0.19,-1.961,1.599,0.528,0.258,0
47.0,1480.0,17276.0,5.4,29.0,1,0.472,1,579.0,0,1,0.444,269.0,1.8,2332.0,13123.0,12,1092.6,0.7382,0,3,1,1,0,1,16.0,-0.982,2.108,-0.047,0.706,-0.35,-1.445,-1.138,0.311,-0.244,1.344,0.747,-0.375,0.029,-0.419,1.383,1
49.0,1755.0,21299.0,10.7,37.0,4,0.223,0,588.0,2,2,0.381,347.0,7.0,270.0,4073.0,36,112.3,0.064,0,0,0,3,1,1,117.0,-1.092,0.579,-0.581,-0.365,1.543,-0.217,-0.188,0.545,-1.093,0.203,0.01,0.625,0.884,0.245,-0.288,0
48.0,4866.0,57858.0,16.7,44.0,4,0.556,0,731.0,0,3,0.428,3037.0,6.2,3674.0,25709.0,12,2161.5,0.4442,0,2,1,1,0,0,147.0,-0.069,0.497,1.157,0.185,0.468,1.104,-0.283,0.478,-0.008,-0.32,0.392,1.606,-0.23,1.034,0.516,0
56.0,2554.0,30131.0,17.1,42.0,5,0.611,3,498.0,1,4,0.544,2128.0,4.4,2795.0,11599.0,48,245.4,0.0961,0,0,0,4,0,1,70.0,-0.917,-0.505,0.754,1.059,0.164,0.555,0.233,-0.604,-0.616,-0.264,-0.933,0.613,-0.287,0.539,-0.658,0
38.0,1211.0,15504.0,18.0,49.0,2,0.675,1,617.0,2,1,0.667,353.0,1.8,2106.0,7078.0,48,146.8,0.1212,1,2,1,3,0,0,49.0,-1.792,0.215,-0.889,0.422,0.472,0.07,-1.819,0.882,0.592,0.783,1.556,0.117,-0.609,0.685,-1.621,0
37.0,738.0,8921.0,11.2,39.0,0,0.664,2,617.0,1,1,0.287,52.0,4.3,180.0,2699.0,12,220.0,0.2981,0,0,0,5,0,0,59.0,1.162,1.405,-0.683,-1.273,-0.553,-0.67,2.521,-1.598,-0.828,-0.137,-1.377,0.912,-0.031,0.01,1.728,0
27.0,2465.0,30099.0,1.6,34.0,0,0.21,0,651.0,0,1,0.0,0.0,2.4,9723.0,17140.0,36,481.4,0.1953,0,1,0,3,1,1,61.0,-1.415,0.378,0.742,0.126,-0.926,-0.637,-0.637,-0.638,0.042,1.671,-1.367,0.923,0.49,0.185,0.121,0
71.0,1402.0,16461.0,10.0,42.0,4,0.305,2,576.0,2,1,0.407,160.0,2.2,2397.0,3250.0,60,53.0,0.0378,1,1,0,3,1,1,42.0,1.71,0.47,1.307,-1.593,0.094,0.212,-1.221,-0.73,0.077,0.73,0.356,1.364,0.191,-1.205,0.525,0
50.0,570.0,7053.0,9.7,46.0,7,0.336,0,719.0,0,6,0.374,621.0,2.7,1091.0,5219.0,48,109.4,0.1919,1,1,0,2,3,0,5.0,0.44,0.875,-0.641,0.99,-0.1,-1.1,0.405,0.81,-1.784,-1.523,0.343,-0.488,-0.088,-0.595,-0.089,0
22.0,1171.0,14506.0,0.6,45.0,5,0.482,2,576.0,1,2,0.445,335.0,4.3,485.0,7627.0,48,157.6,0.1346,0,3,1,3,1,1,100.0,-0.448,-1.272,0.24,-0.737,0.372,0.156,1.874,0.21,0.948,-0.164,-2.946,-1.913,0.609,0.226,-1.309,0
20.0,1208.0,14663.0,0.0,45.0,5,0.583,2,580.0,1,2,0.553,600.0,17.1,1246.0,7951.0,36,213.9,0.1771,0,2,2,1,1,0,169.0,-0.349,1.178,-0.421,0.448,0.158,0.029,-1.496,-0.124,-1.408,0.129,0.706,-0.224,1.077,0.738,1.045,0
41.0,2537.0,29305.0,8.1,45.0,6,0.398,1,668.0,4,1,0.386,455.0,10.4,3312.0,11487.0,60,191.2,0.0754,1,2,1,2,0,0,49.0,0.831,1.78,0.284,-1.23,0.196,1.71,-1.813,-0.694,-1.104,0.499,-0.934,-0.677,0.792,-0.17,-0.542,0
49.0,1369.0,16189.0,12.6,41.0,7,0.09,1,657.0,2,2,0.264,276.0,5.9,605.0,6726.0,48,146.5,0.107,0,3,1,2,1,1,75.0,-0.166,-0.832,2.008,0.86,0.291,-1.228,1.78,1.033,2.626,-0.128,0.418,0.988,0.408,0.253,0.399,1
39.0,1171.0,14058.0,8.0,49.0,2,0.439,1,674.0,1,2,0.578,393.0,6.7,3803.0,11017.0,36,295.6,0.2524,1,1,1,5,3,1,30.0,0.761,0.507,-0.666,-1.218,-0.012,1.194,0.366,-0.682,-1.25,1.198,0.664,1.43,-0.268,1.058,-1.811,0
45.0,1772.0,23335.0,13.6,31.0,0,0.649,0,662.0,4,2,0.566,960.0,1.2,1513.0,7403.0,24,307.5,0.1735,1,3,2,3,3,1,73.0,0.276,1.257,-0.534,0.062,0.022,2.473,0.394,-1.521,-1.385,2.006,1.734,-0.035,0.163,0.599,-0.896,0
33.0,1453.0,16921.0,7.9,34.0,6,0.27,0,646.0,0,2,0.031,35.0,1.0,1249.0,7794.0,36,216.7,0.1491,1,3,1,2,1,1,133.0,0.875,0.42,0.672,-1.183,-0.652,0.2,-0.119,0.367,0.245,0.053,0.461,0.543,0.406,-1.551,0.745,0
44.0,603.0,7028.0,18.7,40.0,0,0.203,0,737.0,6,5,0.219,268.0,6.6,352.0,3956.0,24,170.0,0.2819,1,1,1,3,1,1,57.0,-0.699,0.063,0.761,0.399,-0.784,0.744,-0.974,1.011,0.348,0.39,-1.051,1.503,1.309,0.741,-0.839,0
31.0,6302.0,72459.0,4.8,38.0,7,0.211,1,650.0,2,2,0.178,968.0,13.4,18003.0,58408.0,24,2453.6,0.3893,0,3,1,1,1,0,65.0,1.49,-0.951,0.999,-0.216,2.163,1.251,0.226,0.234,0.149,0.463,-0.449,0.857,0.522,-0.056,0.553,0
43.0,3326.0,39440.0,6.2,29.0,1,0.383,0,736.0,0,1,0.322,356.0,7.5,2396.0,28627.0,60,473.0,0.1422,1,2,1,2,0,1,16.0,-1.354,1.285,1.063,-0.307,1.019,-0.991,1.541,-1.081,1.253,-0.009,-0.449,-1.047,1.035,0.527,0.102,0
20.0,830.0,10315.0,0.0,45.0,1,0.943,2,494.0,2,3,1.0,740.0,12.2,366.0,7191.0,36,199.8,0.2407,0,3,1,2,1,0,220.0,2.623,-1.019,0.07,0.724,-1.754,1.501,0.514,-0.58,-0.324,0.96,-1.401,-0.419,1.596,0.938,0.241,1
46.0,1079.0,12967.0,5.2,29.0,3,0.439,0,675.0,1,1,0.604,271.0,4.1,1321.0,9345.0,24,392.0,0.3633,0,0,1,3,2,1,59.0,0.382,-0.946,0.906,0.467,-0.211,-0.444,-0.659,2.146,0.179,-0.294,2.148,-1.344,0.057,2.37,-0.776,0
63.0,2656.0,31650.0,38.4,37.0,5,0.451,0,626.0,1,3,0.586,1953.0,0.1,5315.0,25955.0,24,1102.6,0.4151,0,2,1,1,1,1,68.0,1.102,-1.333,0.018,-1.238,0.962,-1.946,-1.15,0.859,0.719,0.836,-0.056,0.732,-0.742,0.965,0.407,0
33.0,2005.0,23881.0,8.1,39.0,7,0.1,1,731.0,1,2,0.0,0.0,3.6,178.0,17151.0,36,477.0,0.2379,0,2,0,2,3,1,36.0,-1.34,0.942,0.261,-1.136,0.502,-0.48,0.34,0.823,-1.747,1.063,0.49,0.427,0.105,0.408,0.591,0
57.0,1068.0,12932.0,8.8,40.0,5,0.321,0,688.0,0,4,0.283,639.0,7.7,1052.0,3723.0,36,105.9,0.0992,0,1,0,4,4,0,107.0,-0.412,0.066,1.04,-0.188,-1.106,-0.504,-0.244,-0.213,0.34,0.412,0.328,0.241,0.229,-1.609,-0.73,0
57.0,2315.0,28315.0,18.5,44.0,3,0.44,0,642.0,2,1,0.578,650.0,3.1,632.0,14709.0,36,406.9,0.1758,0,3,1,1,1,1,106.0,-0.433,0.241,0.35,-0.763,-0.718,-1.148,-1.799,-1.808,-1.349,0.244,-0.853,-0.482,-0.145,-1.01,-0.777,0
44.0,664.0,8070.0,4.5,26.0,0,0.411,3,513.0,3,0,0.274,0.0,7.5,794.0,4256.0,12,370.2,0.5575,0,0,1,2,0,0,109.0,-1.37,0.91,0.286,-0.488,1.092,-2.012,1.45,0.221,0.507,-1.411,1.27,-0.544,-0.173,-0.257,-1.094,1
35.0,1164.0,14439.0,6.5,37.0,3,0.175,0,772.0,4,4,0.34,517.0,0.8,1210.0,4732.0,36,129.0,0.1108,0,1,0,1,0,1,97.0,-0.121,0.295,-1.346,0.925,1.34,0.621,-0.904,0.145,-0.224,-0.488,-0.257,1.406,-1.512,1.313,-0.258,0
66.0,4011.0,49930.0,14.9,40.0,4,0.576,0,583.0,1,2,0.393,1514.0,10.8,958.0,10899.0,36,295.5,0.0737,0,3,3,2,2,1,78.0,0.136,0.655,-0.356,0.601,-0.023,0.6,0.914,-1.187,0.185,0.499,0.092,0.086,-0.127,2.166,-0.743,0
38.0,873.0,10522.0,9.0,52.0,0,0.156,1,695.0,2,3,0.395,549.0,6.0,233.0,3572.0,48,76.2,0.0873,0,2,1,2,1,1,78.0,0.181,-0.934,0.876,0.457,0.376,-0.832,-1.135,0.696,-0.783,-0.624,-1.791,0.643,1.616,-1.727,-0.143,0
47.0,1620.0,19504.0,7.7,32.0,2,0.02,2,707.0,4,3,0.0,0.0,1.5,8013.0,11876.0,24,509.5,0.3145,0,2,0,2,1,0,61.0,-1.439,1.873,-1.528,0.027,0.081,0.541,0.153,1.656,-0.642,0.592,-1.045,-1.352,-1.101,-1.064,-0.451,0
39.0,2019.0,24030.0,7.8,43.0,4,0.127,0,730.0,1,3,0.339,907.0,3.7,655.0,17171.0,36,465.4,0.2305,1,2,0,4,0,1,32.0,0.051,0.267,-0.208,1.374,1.223,-2.903,-1.149,1.13,-0.235,0.329,0.073,-0.42,0.477,0.284,-0.235,0
20.0,875.0,10188.0,0.0,28.0,1,0.053,0,712.0,2,2,0.045,42.0,8.8,755.0,8566.0,24,351.7,0.4019,1,1,0,2,1,0,65.0,-0.103,-0.53,-0.963,-0.351,-0.007,-0.67,-0.369,0.609,1.007,0.209,1.857,1.228,-3.302,0.633,0.17,0
20.0,2284.0,27415.0,0.0,42.0,0,0.196,0,655.0,1,1,0.094,104.0,8.0,852.0,19263.0,48,414.8,0.1816,0,3,1,2,4,1,74.0,-0.288,-0.066,-0.153,-0.323,1.958,-0.275,0.121,1.057,-1.772,0.43,2.602,0.38,0.43,1.338,1.059,0
30.0,1870.0,23225.0,4.9,34.0,1,0.301,1,599.0,4,1,0.126,111.0,7.3,866.0,2523.0,48,54.2,0.029,1,2,1,2,0,0,19.0,0.805,0.176,-1.626,0.416,0.293,0.338,-0.764,0.313,-1.168,-1.403,0.866,-0.252,0.794,0.07,-0.772,0
20.0,2201.0,26116.0,0.0,35.0,0,0.135,0,615.0,1,1,0.002,1.0,2.7,3479.0,21959.0,48,463.7,0.2107,1,0,1,3,0,1,244.0,-0.839,1.011,-0.367,0.44,1.085,-0.665,-0.837,0.525,-1.071,1.224,0.035,-1.236,-3.055,-0.171,-0.507,0
60.0,2167.0,25744.0,6.7,50.0,6,0.285,0,758.0,2,3,0.441,757.0,6.5,2015.0,5690.0,36,156.8,0.0724,0,2,3,1,2,1,28.0,1.734,-1.499,0.568,1.25,2.126,-0.667,-0.187,-1.166,-1.697,2.479,1.938,-1.358,-1.244,0.28,-0.261,0
40.0,1581.0,19054.0,2.6,29.0,4,0.461,2,564.0,5,4,0.212,716.0,9.3,990.0,11106.0,48,228.6,0.1446,0,3,1,3,2,1,40.0,-1.017,-1.065,-0.061,0.186,-1.952,-0.195,-0.307,2.819,0.055,-0.908,0.412,1.746,-0.778,-1.085,0.876,0
23.0,1803.0,20752.0,1.3,38.0,1,0.349,1,712.0,0,2,0.162,274.0,6.1,1212.0,8105.0,24,330.8,0.1835,0,0,1,2,0,0,30.0,0.793,-0.62,-0.796,-0.01,0.02,-2.118,0.316,1.574,0.091,-0.781,1.354,-0.476,-0.827,-1.133,0.206,0
20.0,614.0,7619.0,0.0,43.0,6,0.178,0,669.0,3,1,0.402,65.0,2.4,311.0,2429.0,24,103.9,0.1692,0,0,1,5,1,0,84.0,-0.157,0.303,-0.039,-1.365,-0.668,0.107,0.448,-0.593,1.197,-0.139,-0.465,-0.382,0.98,1.31,1.284,0
40.0,2782.0,32581.0,2.8,48.0,0,0.683,1,529.0,2,5,0.664,3351.0,2.6,2408.0,6474.0,12,528.5,0.19,1,0,0,4,1,0,22.0,-1.304,-0.081,2.206,0.49,0.187,0.591,0.872,0.919,1.421,0.222,-1.554,0.999,0.488,-0.091,0.643,0
47.0,1006.0,12692.0,10.3,35.0,5,0.418,0,707.0,2,3,0.573,603.0,4.4,384.0,2781.0,48,57.2,0.0569,1,2,1,5,1,1,181.0,1.038,1.088,1.071,-1.797,0.4,0.268,1.204,-1.827,-0.599,-0.144,0.189,-2.191,0.385,-0.797,-1.477,0
31.0,1141.0,14051.0,2.9,44.0,2,0.11,0,715.0,1,2,0.119,65.0,4.4,1545.0,4208.0,60,70.7,0.062,0,1,2,3,2,0,43.0,2.033,0.831,1.457,0.081,-0.799,-0.146,0.808,0.017,0.096,0.795,1.276,-0.597,0.937,1.065,0.333,0
46.0,1052.0,12927.0,11.8,38.0,3,0.226,0,691.0,1,0,0.009,0.0,1.1,1010.0,4076.0,36,114.9,0.1092,0,3,0,4,1,0,27.0,-0.048,1.376,-2.513,-0.228,0.955,0.965,0.228,0.063,2.043,1.537,-0.118,0.006,0.093,1.856,-0.208,0
37.0,1782.0,21173.0,5.8,40.0,5,0.332,1,631.0,1,2,0.303,490.0,5.7,5185.0,13304.0,36,380.3,0.2134,0,1,1,4,1,1,123.0,-0.213,-0.632,1.996,-2.557,1.849,-1.071,0.336,-0.948,1.223,1.019,0.702,0.222,-0.537,2.023,-0.111,0
38.0,1098.0,13119.0,3.1,38.0,7,0.289,0,738.0,0,2,0.135,124.0,13.2,483.0,3938.0,48,80.0,0.0729,1,0,0,2,0,1,175.0,0.79,-0.265,-1.094,0.704,-0.676,-1.262,0.495,0.033,-0.674,0.897,-0.675,0.153,-0.729,0.978,-0.234,0
26.0,2198.0,24745.0,1.1,50.0,4,0.521,2,616.0,2,4,0.52,2045.0,3.3,2102.0,16034.0,60,263.5,0.1199,1,3,0,2,2,1,51.0,1.343,0.348,-1.293,0.941,1.452,0.207,-0.197,0.096,-0.176,1.121,-1.285,0.276,-0.84,2.009,1.36,0
57.0,889.0,10354.0,7.7,51.0,6,0.131,0,650.0,1,2,0.014,9.0,6.2,1227.0,3573.0,36,99.1,0.1115,0,0,0,5,0,0,44.0,-1.908,-1.208,-0.026,-0.822,0.485,-1.365,0.429,1.211,1.195,-0.654,-1.306,0.291,1.367,0.439,1.101,0
61.0,1085.0,13223.0,10.1,52.0,4,0.336,0,726.0,2,3,0.138,249.0,8.0,2525.0,10398.0,48,215.3,0.1984,1,0,0,3,2,0,76.0,0.742,-0.909,0.955,-0.299,1.079,0.288,0.618,-0.735,0.967,1.071,-0.031,1.402,0.504,-0.868,-0.794,0
28.0,1956.0,24019.0,6.7,29.0,1,0.32,4,529.0,2,1,0.31,193.0,3.5,1834.0,7442.0,60,119.9,0.0613,1,0,1,1,1,0,20.0,1.17,2.261,0.141,0.326,-2.064,-1.271,-0.145,-1.137,0.954,-1.27,0.151,0.981,0.419,0.646,-0.886,0
38.0,864.0,10127.0,4.1,48.0,0,0.225,0,702.0,0,1,0.26,111.0,1.9,181.0,7518.0,12,624.1,0.7223,1,0,0,4,3,0,44.0,-0.678,-0.386,-0.229,-1.213,-0.643,0.401,2.046,0.106,-2.125,2.093,0.569,-0.753,-0.74,0.732,0.813,1
38.0,783.0,9434.0,5.4,37.0,0,0.312,0,647.0,2,3,0.156,135.0,17.3,655.0,7107.0,48,147.7,0.1886,1,0,0,1,0,1,76.0,0.05,-0.693,0.517,0.146,-0.214,-0.139,0.221,-1.099,0.54,0.187,-0.062,-0.296,-1.137,-0.106,-1.686,0
34.0,2657.0,30571.0,9.3,35.0,5,0.234,1,699.0,1,0,0.176,0.0,4.2,2303.0,7379.0,48,155.1,0.0584,0,2,0,2,3,1,21.0,2.159,1.126,-0.666,-2.165,1.196,-0.075,-1.281,-1.706,0.601,-1.26,-0.104,-0.097,-0.305,-0.326,-1.095,0
25.0,700.0,8344.0,2.3,48.0,0,0.521,1,607.0,0,3,0.472,404.0,2.4,261.0,2590.0,60,42.6,0.0609,0,3,3,2,0,1,93.0,1.164,0.246,-0.566,-0.253,1.376,-0.134,0.878,1.85,0.268,-0.824,0.23,1.44,-2.201,-0.212,-1.619,0
59.0,3078.0,37787.0,14.8,49.0,3,0.328,0,673.0,2,1,0.0,0.0,2.6,2533.0,10426.0,24,427.5,0.1389,0,0,1,4,0,1,46.0,-0.163,0.984,-0.322,2.273,-0.761,0.505,-0.449,0.075,0.095,0.263,1.085,-0.113,-0.015,1.233,-0.162,0
49.0,1347.0,16310.0,6.9,34.0,0,0.605,0,622.0,2,3,0.58,658.0,18.9,2363.0,11932.0,48,239.4,0.1777,0,0,0,3,1,0,153.0,0.211,0.556,0.312,-0.76,0.452,0.216,-0.642,1.536,0.148,0.302,-0.235,0.998,0.407,-0.197,-1.945,0
51.0,528.0,6391.0,8.9,44.0,3,0.224,0,677.0,1,2,0.33,182.0,5.5,263.0,4859.0,24,195.2,0.3697,1,1,1,3,0,1,128.0,-0.511,-0.243,-0.123,-1.209,0.889,-0.352,1.637,0.09,-1.274,0.556,0.673,-0.371,-0.734,-0.207,-0.037,0
54.0,1022.0,12733.0,12.8,48.0,0,0.624,1,572.0,0,3,0.37,417.0,2.8,1413.0,5466.0,48,111.9,0.1095,1,0,1,2,1,0,33.0,0.629,-0.446,2.712,0.188,1.609,1.313,-0.023,-0.035,-1.519,1.347,0.257,1.815,1.368,0.856,-0.827,0
47.0,1056.0,12110.0,8.9,47.0,4,0.587,2,457.0,2,2,0.724,617.0,10.9,2242.0,8499.0,12,710.5,0.6728,0,0,1,2,2,0,20.0,-0.673,-0.114,-0.228,-0.067,0.877,-1.195,-0.671,0.841,0.623,-0.416,-2.62,-1.883,-0.453,0.825,-2.527,1
47.0,917.0,11464.0,14.5,37.0,5,0.352,1,683.0,1,3,0.423,418.0,8.4,475.0,3210.0,12,264.3,0.2882,1,0,1,4,0,1,28.0,-1.652,-1.448,1.299,-0.172,-0.576,0.286,1.725,0.387,1.725,0.817,0.413,-0.044,-1.317,1.912,0.94,0
20.0,1736.0,20225.0,0.0,23.0,1,0.286,1,604.0,1,1,0.364,238.0,2.7,4443.0,8055.0,36,213.3,0.1229,1,1,2,2,1,0,15.0,-1.387,-2.604,-1.337,-0.96,0.598,0.313,0.615,0.347,0.867,-1.183,0.344,0.694,-0.107,0.354,-1.17,0
56.0,1557.0,18448.0,25.8,53.0,0,0.311,2,580.0,3,2,0.204,228.0,1.9,1810.0,3851.0,24,164.2,0.1055,0,3,1,3,1,0,104.0,-0.642,1.784,0.224,1.051,-0.655,-1.592,-0.659,0.947,0.645,0.732,0.823,1.043,0.156,-2.112,-0.857,0
39.0,2026.0,25283.0,10.6,44.0,1,0.193,2,671.0,2,1,0.104,57.0,1.7,1070.0,9791.0,24,411.1,0.2029,0,0,1,3,1,1,100.0,-0.234,1.461,-1.149,-0.511,0.295,1.484,-2.43,0.918,-0.248,-2.642,-1.542,0.755,-0.164,0.008,1.101,0
70.0,2371.0,29465.0,17.5,39.0,3,0.576,0,678.0,3,4,0.671,2578.0,5.6,2424.0,17622.0,36,474.1,0.2,1,0,1,5,0,1,45.0,-0.622,0.86,0.969,1.093,-0.843,2.369,-0.662,-0.52,-1.439,-0.394,0.244,-0.366,2.711,0.981,0.223,0
42.0,1364.0,15631.0,7.6,37.0,7,0.7,1,611.0,0,4,0.514,821.0,2.3,4064.0,2234.0,60,37.6,0.0276,0,0,1,3,1,0,18.0,1.574,-0.474,-0.678,-1.009,0.336,0.472,-1.665,-0.496,-0.401,-1.168,-0.954,0.111,-0.165,1.009,-1.882,0
38.0,1659.0,20016.0,9.3,28.0,4,0.596,3,496.0,2,4,0.665,2224.0,2.0,251.0,14002.0,24,594.9,0.3586,1,1,0,5,0,0,73.0,-0.991,-0.964,0.267,-0.573,0.673,0.543,-0.993,1.474,-0.057,-0.052,-1.13,-1.98,1.346,1.727,-1.221,1
50.0,1841.0,21907.0,7.7,55.0,7,0.059,0,785.0,3,1,0.0,0.0,8.8,890.0,8438.0,24,351.6,0.191,1,2,1,4,0,1,52.0,0.41,-1.458,-0.555,-0.071,1.7,-1.065,-1.7,-0.012,0.304,0.417,-1.844,-0.332,-0.08,0.132,-1.688,0
43.0,2362.0,27767.0,3.5,55.0,4,0.591,1,583.0,3,4,0.653,3388.0,2.4,1219.0,6083.0,24,256.5,0.1086,0,0,1,2,1,1,78.0,1.004,-0.507,-1.817,1.074,0.34,-1.105,-0.307,-0.154,0.155,-0.559,-0.28,0.045,0.302,-0.063,-0.802,0
44.0,1796.0,21498.0,16.2,36.0,4,0.135,1,632.0,3,2,0.151,273.0,3.9,4510.0,4524.0,12,380.5,0.2119,0,3,1,3,0,0,105.0,0.414,-0.836,0.467,-1.128,-0.719,-1.501,-0.113,0.1,-0.342,0.065,-2.574,-0.963,-0.07,-2.048,-0.796,0
52.0,1648.0,20285.0,8.9,38.0,7,0.374,1,651.0,3,5,0.434,1802.0,12.5,1211.0,10420.0,36,286.8,0.174,0,1,1,3,1,1,124.0,-1.437,0.686,-0.127,1.654,0.526,1.797,-0.184,-2.197,-2.89,-1.071,-0.929,0.02,-0.328,0.229,0.678,0
65.0,840.0,10234.0,24.1,44.0,4,0.078,1,638.0,1,0,0.019,0.0,3.3,1166.0,4807.0,24,196.4,0.2338,1,0,0,2,1,0,110.0,1.086,1.018,-0.012,0.368,0.817,0.581,1.315,-1.064,0.819,-0.314,-2.323,0.279,-0.018,-2.09,-1.627,0
51.0,1039.0,12752.0,20.4,18.0,6,0.287,2,581.0,2,4,0.329,519.0,16.3,229.0,7613.0,24,322.8,0.3107,0,2,0,2,1,0,33.0,-0.393,0.489,-0.359,0.451,-0.122,-1.21,2.517,-0.44,-0.465,-0.349,1.69,1.574,-0.145,0.431,-1.617,0
36.0,1942.0,23396.0,6.3,56.0,3,0.519,2,578.0,4,2,0.459,918.0,12.2,1862.0,3680.0,24,156.7,0.0807,0,0,1,2,1,0,7.0,0.543,-0.241,1.713,0.614,1.059,0.336,0.568,0.137,0.134,-1.338,0.319,-1.67,-0.099,0.199,0.479,0
61.0,1254.0,14764.0,5.0,35.0,2,0.482,0,689.0,0,1,0.343,130.0,1.9,1635.0,4545.0,24,189.5,0.1511,1,0,1,2,2,1,57.0,-0.981,0.668,1.42,1.337,0.039,0.535,-1.285,1.076,0.39,-0.13,-3.157,2.201,-0.987,0.497,-0.759,0
38.0,1213.0,14813.0,13.5,40.0,0,0.316,0,730.0,3,1,0.334,155.0,9.5,235.0,4543.0,12,383.4,0.3161,0,0,1,1,3,0,95.0,-0.527,0.481,1.232,2.063,0.269,-1.144,1.132,-1.027,-2.637,-0.132,-0.419,-0.351,-1.195,0.386,-0.17,1
53.0,2373.0,27524.0,6.1,30.0,0,0.124,0,756.0,0,6,0.137,844.0,4.8,1347.0,7270.0,36,204.9,0.0863,0,2,1,2,3,1,90.0,-0.039,-0.797,-0.507,0.171,1.02,-1.085,-1.49,0.103,0.292,0.93,-0.265,0.267,0.405,-0.441,0.022,0
48.0,1364.0,16398.0,21.4,35.0,7,0.394,0,684.0,2,3,0.361,794.0,4.7,2881.0,12625.0,36,347.0,0.2544,0,0,1,2,1,0,103.0,-0.586,0.533,-2.08,0.216,0.002,-0.07,1.613,-0.579,0.493,-0.635,1.065,-1.858,0.306,-0.624,-0.845,0
30.0,674.0,7989.0,3.6,33.0,5,0.229,1,609.0,1,3,0.442,278.0,3.1,205.0,5869.0,24,249.1,0.3696,0,1,2,2,0,0,75.0,-2.019,-1.928,1.309,0.549,-0.304,0.921,1.011,-0.227,0.229,1.849,-1.198,0.154,-0.237,-1.834,0.054,1
39.0,1020.0,11756.0,5.8,30.0,6,0.616,1,612.0,2,1,0.684,307.0,10.0,3650.0,9459.0,36,255.7,0.2507,0,0,0,4,0,1,72.0,-0.801,-2.543,0.576,0.302,-0.548,0.747,0.882,-0.113,1.169,-0.269,-1.169,-1.25,-1.045,1.416,-0.803,0
46.0,1056.0,12843.0,10.7,48.0,5,0.367,2,626.0,1,3,0.2,260.0,3.9,845.0,10008.0,12,870.6,0.8244,0,1,1,3,4,0,33.0,1.212,-0.328,0.349,0.778,0.76,1.213,-0.913,0.512,1.23,-0.883,-1.346,0.536,-0.692,-0.426,-0.772,1
49.0,404.0,4954.0,6.0,60.0,7,0.514,0,646.0,3,0,0.359,0.0,6.6,106.0,1601.0,48,33.5,0.0829,1,3,1,4,2,0,53.0,1.1,-0.965,-0.392,0.203,0.054,-0.724,1.535,0.169,0.805,-0.565,-0.147,-1.366,-1.454,1.274,0.375,0
26.0,3598.0,44690.0,1.1,51.0,2,0.242,0,624.0,2,4,0.14,828.0,4.5,3774.0,23194.0,36,631.2,0.1754,1,0,0,3,1,1,38.0,1.551,1.107,0.386,-0.259,0.838,0.581,0.98,0.101,-0.9,-0.615,-0.537,-0.264,0.394,1.109,-1.131,0
27.0,1211.0,14148.0,0.9,39.0,3,0.062,0,710.0,0,4,0.0,0.0,17.9,880.0,1589.0,24,66.5,0.0549,0,0,1,3,1,1,44.0,-1.413,-0.976,-0.465,0.536,-0.376,-0.684,0.266,1.719,-0.639,-2.352,0.017,1.298,0.91,1.58,0.382,0
21.0,937.0,11124.0,0.4,54.0,4,0.194,2,622.0,2,2,0.268,181.0,7.1,338.0,1614.0,48,34.0,0.0363,1,0,0,4,1,1,77.0,0.4,0.367,-0.706,-0.69,0.815,0.012,-0.532,-0.494,-0.8,1.933,0.591,-0.503,-0.135,0.563,-0.352,0
37.0,1223.0,14608.0,3.9,30.0,2,0.274,0,734.0,0,2,0.265,250.0,6.2,1250.0,4324.0,24,191.7,0.1567,0,2,1,2,2,0,130.0,-0.063,0.549,0.784,-0.187,0.431,0.538,0.06,0.576,1.993,0.671,-1.356,-0.213,-0.708,1.198,0.898,0
37.0,5152.0,58600.0,7.7,37.0,2,0.475,0,660.0,4,1,0.441,1249.0,11.4,3175.0,37069.0,36,1051.3,0.2041,0,1,1,1,0,1,109.0,-0.564,-0.153,1.101,1.37,-1.673,-1.132,0.211,-0.637,-0.362,-0.508,-0.173,1.302,0.953,0.722,-1.685,0
34.0,1516.0,18646.0,7.6,26.0,6,0.701,3,506.0,4,2,0.797,1038.0,6.2,732.0,12919.0,36,358.3,0.2363,1,0,1,3,0,1,33.0,-0.58,-0.405,-0.08,0.184,-0.201,0.566,-0.601,-1.069,3.604,-0.76,0.076,0.205,-1.894,-0.227,0.145,0
33.0,561.0,6981.0,6.5,53.0,2,0.148,0,738.0,1,2,0.309,128.0,10.2,240.0,2869.0,60,48.8,0.087,1,2,0,3,2,1,32.0,-0.629,0.255,1.054,-1.549,-1.071,2.423,-0.745,-0.422,-0.098,1.15,-0.374,-1.467,0.308,-0.562,0.36,0
23.0,760.0,8921.0,1.9,38.0,4,0.207,1,660.0,1,0,0.207,0.0,3.8,287.0,7595.0,24,323.9,0.4262,0,2,1,2,0,1,127.0,-1.208,0.178,-2.127,0.314,0.189,-0.809,1.046,0.793,-1.165,-0.922,0.164,-1.351,1.644,0.436,-0.408,0
37.0,3610.0,42219.0,12.0,37.0,7,0.608,3,432.0,2,2,0.599,1893.0,7.3,3401.0,11150.0,12,935.5,0.2591,0,3,1,3,1,1,62.0,0.791,-0.218,0.058,-1.13,-0.174,1.056,2.616,-1.058,-0.671,1.048,-0.588,0.875,1.084,0.72,0.867,1
55.0,360.0,4176.0,10.4,43.0,2,0.247,0,657.0,1,4,0.288,214.0,5.0,270.0,2729.0,12,225.0,0.625,0,2,0,4,0,1,31.0,-0.257,-0.87,2.154,-0.02,1.292,0.514,1.153,-1.638,0.349,1.481,-0.012,0.615,-0.402,-0.694,0.755,1
66.0,3094.0,34401.0,25.3,40.0,6,0.345,0,627.0,0,1,0.539,558.0,2.0,2098.0,9146.0,24,370.2,0.1197,0,0,1,1,4,0,86.0,1.533,1.744,-1.917,-0.884,-0.08,-1.029,-0.169,-1.065,0.366,-0.125,0.048,-0.654,-1.237,-1.623,1.625,0
69.0,2225.0,27746.0,23.2,42.0,4,0.252,0,711.0,3,3,0.463,1360.0,2.1,897.0,20567.0,48,416.2,0.1871,0,1,1,2,1,0,58.0,-0.482,-3.936,0.425,-2.303,0.801,1.162,0.213,1.248,0.163,-1.94,0.762,-0.61,1.396,-1.246,1.508,0
40.0,1393.0,17016.0,3.8,44.0,0,0.365,0,679.0,1,1,0.355,233.0,5.9,1833.0,11427.0,60,190.2,0.1365,0,1,1,2,0,1,181.0,-0.027,-0.5,-0.226,-0.908,0.377,-0.298,0.071,-0.481,0.256,1.158,0.224,0.819,1.687,0.74,1.055,0
43.0,891.0,10916.0,15.5,38.0,2,0.659,1,561.0,2,2,0.634,400.0,4.3,1928.0,4847.0,24,197.2,0.2213,0,3,3,3,1,0,129.0,1.745,1.456,-0.347,0.44,0.762,-1.064,-0.694,1.519,0.727,3.827,0.718,-0.271,0.816,-1.235,-0.408,1
37.0,1200.0,14909.0,3.7,33.0,3,0.377,1,599.0,0,3,0.389,605.0,5.4,998.0,7637.0,36,213.6,0.178,1,0,2,2,2,0,30.0,-0.273,0.446,-0.377,0.976,1.307,-0.145,-0.811,0.161,1.068,0.821,0.177,-0.021,-0.721,-1.404,1.838,0
42.0,716.0,9167.0,14.6,35.0,3,0.394,0,765.0,2,5,0.513,989.0,4.0,535.0,6626.0,48,136.6,0.1908,1,3,1,2,2,0,70.0,-1.218,-1.009,-1.236,1.706,0.996,-1.234,-0.977,0.053,1.208,1.422,-0.093,0.268,-0.737,0.181,-0.431,0
51.0,1376.0,15957.0,22.1,39.0,1,0.361,1,673.0,2,2,0.4,542.0,0.8,953.0,3694.0,12,313.8,0.2281,1,0,1,2,1,1,118.0,-1.013,0.036,-0.589,1.076,-1.481,0.622,0.223,0.094,-0.094,1.763,-0.851,-0.485,1.095,-2.131,-1.21,0
39.0,1069.0,12414.0,7.9,26.0,1,0.596,2,517.0,2,5,0.589,1262.0,6.6,262.0,9109.0,12,758.6,0.7096,0,0,0,4,1,0,44.0,-2.755,-0.069,0.529,0.032,-0.886,-0.599,-0.722,-0.18,2.238,-0.407,-0.806,-0.814,-0.552,-0.756,-1.015,1
45.0,2613.0,32836.0,22.9,41.0,4,0.146,0,794.0,1,1,0.119,75.0,0.6,3667.0,12693.0,36,344.1,0.1317,1,3,1,4,1,1,120.0,-0.23,0.451,-0.375,0.914,-0.816,-2.375,-0.236,-0.367,0.72,-1.339,0.574,-0.184,-0.233,-0.959,1.811,0
41.0,2388.0,27828.0,9.3,38.0,0,0.851,1,554.0,3,3,1.0,2038.0,5.1,2508.0,12328.0,12,1022.1,0.428,0,1,0,4,1,0,142.0,0.867,0.326,-0.791,-0.251,-1.487,0.68,-0.8,0.825,-0.039,2.38,-1.207,0.048,-0.552,-0.073,-1.292,1
44.0,1176.0,14242.0,12.3,39.0,1,0.184,1,551.0,1,1,0.142,59.0,3.6,1209.0,9124.0,60,154.8,0.1316,0,0,1,4,1,1,154.0,-0.982,-0.561,-0.149,-2.501,-1.663,0.119,1.141,-0.229,1.794,0.183,0.025,1.411,-0.208,-2.073,1.355,0
69.0,1185.0,14044.0,17.0,40.0,4,0.615,0,683.0,2,2,0.591,711.0,3.1,1918.0,6251.0,36,176.0,0.1485,1,2,2,4,1,1,33.0,-0.271,1.876,-0.33,0.755,-0.635,1.233,0.581,1.238,0.924,0.012,0.993,-0.639,-1.468,-1.596,-1.895,0
48.0,552.0,6445.0,17.1,37.0,2,0.364,0,757.0,2,2,0.379,160.0,9.5,968.0,2105.0,60,35.5,0.0643,0,0,2,2,1,1,24.0,0.533,0.973,0.53,0.351,0.764,-0.4,-0.377,0.832,1.076,0.598,1.037,0.181,1.096,-1.488,0.8,0
60.0,1379.0,15927.0,6.1,36.0,7,0.503,1,549.0,2,1,0.512,316.0,8.8,1313.0,11178.0,12,921.8,0.6685,1,0,0,2,0,0,52.0,-1.427,-1.375,0.275,0.575,-1.044,-0.787,-0.229,-0.158,0.823,-0.201,0.677,-1.425,0.875,0.19,0.833,1
49.0,1280.0,15359.0,13.0,21.0,0,0.476,0,696.0,0,0,0.5,0.0,7.3,1773.0,4816.0,36,132.6,0.1036,1,2,1,2,0,0,102.0,-0.81,-0.579,-0.361,-0.186,1.044,1.44,-1.116,0.419,-1.466,0.348,-0.853,0.656,-1.16,-2.452,-0.973,0
36.0,1657.0,19848.0,8.0,37.0,5,0.102,0,770.0,2,1,0.0,0.0,0.6,2204.0,10704.0,36,295.1,0.1781,0,0,0,2,0,1,58.0,-0.742,-0.146,-1.663,-0.199,0.033,0.15,0.836,-0.07,1.041,-0.098,0.62,0.457,-0.896,-0.494,1.289,0
52.0,879.0,10478.0,19.4,48.0,2,0.227,3,544.0,2,0,0.268,0.0,6.6,881.0,4380.0,36,120.6,0.1372,0,2,1,1,1,0,127.0,-0.813,0.045,0.018,1.745,0.414,-1.21,-0.143,-0.819,0.255,0.504,0.746,-0.126,0.481,0.072,1.104,0
31.0,1791.0,20837.0,0.8,22.0,4,0.091,1,758.0,0,3,0.0,0.0,4.8,983.0,15745.0,36,425.8,0.2377,1,0,1,1,1,1,27.0,0.84,-1.916,2.454,0.306,0.148,0.805,-1.487,-0.754,-0.028,0.485,0.225,-1.064,-1.533,0.396,-0.148,0
